comment_id,comment_text,author,score,post_id,timestamp,sentiment_score,sentiment_label
mifcj6h,"I didn't find any posts that meet the matching requirements for r/Ishowspeed.

It might be OC, it might not. Things such as JPEG artifacts and cropping may impact the results.

[View Search On repostsleuth.com](https://www.repostsleuth.com/search?postId=1je3sux&sameSub=true&filterOnlyOlder=true&memeFilter=true&filterDeadMatches=false&targetImageMatch=100&targetImageMemeMatch=100)

---

**Scope:** This Sub | **Target Percent:** 100% | **Max Age:** 0 | **Searched Images:** 774,098,527 | **Search Time:** 0.18644s",RepostSleuthBot,1,1je3sux,2025-03-18 12:32:15,0.0,neutral
mifjeqm,Blud would be crying after he realised it's value,meteor-zeth,87,1je3sux,2025-03-18 13:15:05,-0.1779,negative
miffld5,Nigerians love food more than anything lmao. Can’t blame em’,ArticleNew3737,32,1je3sux,2025-03-18 12:51:50,0.7884,positive
migvlzy,IshowNigerian.,AtoZ_9,13,1je3sux,2025-03-18 17:15:48,0.0,neutral
mij3w13,"I thought he looked like KSI.

KSI x Speed secret love child? 🤔",ShimmerDusk_,7,1je3sux,2025-03-18 23:43:36,0.7717,positive
mii9fcu,If ksi and ishowspeed had a baby,ebrakhat,4,1je3sux,2025-03-18 21:08:13,0.0,neutral
mijbgpy,Ishowfish,BorhanUwU,4,1je3sux,2025-03-19 00:25:28,0.0,neutral
migyua2,"Unless they have a big ass fridge, that would never cost that price",Antique-Guess-1411,6,1je3sux,2025-03-18 17:30:59,-0.5423,negative
mihuslv,Ishowfish,Dreki_Diablo,3,1je3sux,2025-03-18 19:58:51,0.0,neutral
mii2ply,"I think, Fish was smarter than this guy.",FarmOk9413,3,1je3sux,2025-03-18 20:36:20,0.4588,positive
miimj0a,breaking news : people can look similar 😱 who would've thought?,None,3,1je3sux,2025-03-18 22:13:05,0.0,neutral
mijz1ul,Bro called and asked if he can sell his shit,muc_,3,1je3sux,2025-03-19 02:42:02,-0.5574,negative
mikz0ne,Cause he is Speed,Nihilistic-Atheist,3,1je3sux,2025-03-19 07:48:57,0.0,neutral
mikzdrk,If speed and ksi have a baby result:,Key_Chicken_6408,3,1je3sux,2025-03-19 07:52:51,0.0,neutral
mimax4q,iatemeat,None,3,1je3sux,2025-03-19 13:56:45,0.0,neutral
mimczp8,Damn,Altruistic_Anybody23,3,1je3sux,2025-03-19 14:08:04,-0.4019,negative
mil9syz,Ayo speed is a communist?,DebadityaSen,2,1je3sux,2025-03-19 09:45:21,0.0,neutral
mil9yck,nah he look like ksi and speeds lil brother,whitesweatshirt,2,1je3sux,2025-03-19 09:46:49,0.2732,positive
mim29hr,Speed's african twin 💀,FeeneyYT,2,1je3sux,2025-03-19 13:06:33,0.0,neutral
mim8ttu,He doesnt look like speed he looks sped,Individual-Heat-2846,2,1je3sux,2025-03-19 13:44:54,-0.2755,negative
mih1b2h,When ksi meet speed,No_Apartment8685,3,1je3sux,2025-03-18 17:42:39,0.0,neutral
mihn4c2,expen. poop,realzuhaz,2,1je3sux,2025-03-18 19:22:52,0.0,neutral
miio2po,Living in the moment,babatunde_with_watah,2,1je3sux,2025-03-18 22:21:07,0.0,neutral
mip2tiu,He has a resemblance more to 21 savage than speed to me.,Agile_Paper3765,1,1je3sux,2025-03-19 22:10:34,-0.5046,negative
mip3mar,Onana + speed,Remarkable-Wheel-923,1,1je3sux,2025-03-19 22:14:47,0.0,neutral
mirb2ix,God not the village people again,Shoddy-Glass-2786,1,1je3sux,2025-03-20 07:07:02,0.2732,positive
mirh96i,He is speed,Shubh_khandekar,1,1je3sux,2025-03-20 08:15:08,0.0,neutral
mirnvjd,Expensive meat,SwimAgile5712,1,1je3sux,2025-03-20 09:28:02,0.0,neutral
misdk6c,"""chat i just ate a 2.6 mil fish chat this fye""",MoistIntroduction695,1,1je3sux,2025-03-20 12:56:27,0.0,neutral
misfagf,Ishowspeed and old KSI’s kid,simonsexyboi112,1,1je3sux,2025-03-20 13:07:00,0.0,neutral
mitg0w5,Isn't that Speed's brother that he's not talking about?,assasin44,1,1je3sux,2025-03-20 16:17:09,0.0,neutral
mitjk6f,bread taste better than key,None,1,1je3sux,2025-03-20 16:34:25,0.4404,positive
mitse5y,what an idiot,Far_Palpitation3301,1,1je3sux,2025-03-20 17:16:28,-0.5106,negative
miuweod,Looks like speed and juice wrld,Zaddy_mus,1,1je3sux,2025-03-20 20:27:14,0.3612,positive
mixfulf,He could have helped his village way more by selling it,Ok-Youth5234,1,1je3sux,2025-03-21 05:33:04,0.0,neutral
mixud9i,That's why they are broke,Mirziyo1206,1,1je3sux,2025-03-21 08:00:34,-0.4215,negative
miyt6ys,Do we really think he’d find a buyer worth 2mil in or around his village ?,TopOne6678,1,1je3sux,2025-03-21 12:59:22,0.2263,positive
mizk9s7,he looks more like Kel from Kenan and Kel,number1cartifan_,1,1je3sux,2025-03-21 15:22:04,0.4201,positive
mizngvh,He has his own Village People? He’s a Macho man,Competitive-Writer88,1,1je3sux,2025-03-21 15:37:43,0.0,neutral
mj0dhv7,Guys talking about Nigeria as they were living under the rocks 💀,Altruistic_Craft5336,1,1je3sux,2025-03-21 17:41:55,0.0,neutral
mj30bx6,Speeds long lost twin brother!,None,1,1je3sux,2025-03-22 02:13:21,-0.3802,negative
mj3s6ec,And with that simple step (simple step of eating) the entire concept of Capitalism and Liberalism shattered.,Nervous-Cream2813,1,1je3sux,2025-03-22 05:45:45,-0.4767,negative
mj4cr92,speed and juice wrld mix,growpotttt,1,1je3sux,2025-03-22 09:29:01,0.0,neutral
mj9rn3v,Probably have a common ancestor,Mediocre_Park_6061,1,1je3sux,2025-03-23 06:14:03,0.0,neutral
mj9y0wv,Would have sold it and gotten more fish for less🙏🏾🙏🏾,KelMFBlack,1,1je3sux,2025-03-23 07:20:27,0.0,neutral
mii2z0v,Like a speed!,crystalwolfyfur,1,1je3sux,2025-03-18 20:37:32,0.4199,positive
miih1rg,Good for him.,AdExtreme1892,1,1je3sux,2025-03-18 21:45:20,0.4404,positive
mika6a1,thats ksi,Ok_Wasabi5,1,1je3sux,2025-03-19 03:56:37,0.0,neutral
mil8vib,speed and ksi's child,Professional-Buy2619,1,1je3sux,2025-03-19 09:35:51,0.0,neutral
mimwo12,Ishowspeed completing side quests now,MetalAssassinGamer,0,1je3sux,2025-03-19 15:47:52,0.0,neutral
minf4cj,Since when did speed become a fisherman?🤡,wolfiei_x,0,1je3sux,2025-03-19 17:16:53,0.0,neutral
miokc79,Bro what if they didn't have any way to quickly sell it or preserve it to later sell it? Then eating is the.best thing. Besides if they rlly didnt know that's unlucky but not dumb,Way_Sad,0,1je3sux,2025-03-19 20:38:01,0.5504,positive
mipgqpr,He’s rich inside 😭,Then_Return7436,0,1je3sux,2025-03-19 23:24:29,0.5574,positive
mifjdbi,No he doesn't look anything like speed,ComprehensiveSell313,-14,1je3sux,2025-03-18 13:14:51,-0.5122,negative
minx7gy,Not really he probably know it was valuable that’s why he took the picture. But you can’t really sell that fish you need to find a buyer and preserve it properly I doubt they’d be able to do that in a village.,QuietWarm620,8,1je3sux,2025-03-19 18:43:24,-0.296,negative
mj40p4a,"The fish is valuable for a reason. Maybe he just wanted to enjoy the delicacy with his friends and family. 
I don't think its a bad decision.",KavyanshuVerma,1,1je3sux,2025-03-22 07:15:17,0.9052,positive
migt8aq,"i hate to disagree, what about the Nigerian prince.. he told me that his funds are frozen so i sent him $2000

is he going to refund or buy food to feed the village?",mohaee,20,1je3sux,2025-03-18 17:04:36,-0.743,negative
miifjna,welp he cudda sold it and bought even MORE food but it is what it is,Ordinary_Breath_7164,4,1je3sux,2025-03-18 21:38:00,0.0,neutral
mik11kd,"Everyone loves food bro, tf you mean lol, that was just lack of knowledge",None,3,1je3sux,2025-03-19 02:54:28,0.6369,positive
mikd5pj,"They love one thing more, MONEY",howtoblyat,1,1je3sux,2025-03-19 04:19:12,0.6369,positive
mizkch8,IDeyShowSpeed,redactedfilms,1,1je3sux,2025-03-21 15:22:25,0.0,neutral
mj0czz1,same mee too,Aurtherim,1,1je3sux,2025-03-21 17:39:31,0.0,neutral
mis3tr8,"He edited his face using AI. Here's the real picture:

https://imgur.com/a/gBna5f3",unnecessaryeater,1,1je3sux,2025-03-20 11:50:14,0.0,neutral
mime1uv,More like when Ksi mate speed.,None,1,1je3sux,2025-03-19 14:13:38,0.4201,positive
mipxntr,Vft,Accomplished-Bug3849,0,1je3sux,2025-03-20 00:58:49,0.0,neutral
mifyvhr,You must be blind then,wJay17,15,1je3sux,2025-03-18 14:37:51,-0.4019,negative
mij5qh6,me when i’m trying to be different,FTL_BocajioX,3,1je3sux,2025-03-18 23:53:31,0.0,neutral
mirn94p,"He clicked a photo because it is giant special fish bruh , if he knew the value he'd do everything he could to sell it",meteor-zeth,1,1je3sux,2025-03-20 09:21:17,0.6249,positive
mitrpa1,He took the picture because he fished a massive fish,MuglokDecrepitusFx,1,1je3sux,2025-03-20 17:13:15,0.0,neutral
mj1yxuq,You can probably go to the largest distributor/fishery in the area and offer to sell it at 1/4 or 1/2 market value and he'd still become instantly rich. I doubt he knows the market value otherwise he would be running to sell it somewhere.,Laluci,1,1je3sux,2025-03-21 22:32:03,0.7096,positive
miosyga,No,Low-Caterpillar7570,1,1je3sux,2025-03-19 21:20:12,-0.296,negative
mios29j,You’re saying random bullshit,None,-1,1je3sux,2025-03-19 21:15:39,-0.5859,negative
mihtaic,"Okay, you might wanna sit down for what I’m about to tell you",ArticleNew3737,5,1je3sux,2025-03-18 19:51:53,0.2263,positive
mj56pz1,Not enough Nigerians here to like this but I got you.,Mysterious-Clothes-9,1,1je3sux,2025-03-22 13:42:25,0.1901,positive
mj07n61,Now he looks like KSI,Infinite-Outcome9647,1,1je3sux,2025-03-21 17:15:01,0.3612,positive
mimnvp9,Ayo 💀👍,No_Apartment8685,2,1je3sux,2025-03-19 15:04:13,0.0,neutral
mis5bqa,"That fish sold at an auction for 2.6 million. First preservation of the fish, next find an auction or buyer and then transport the fish. It’s depends on his situation but if you can’t sell it then eat it and enjoy it",QuietWarm620,1,1je3sux,2025-03-20 12:01:11,0.6486,positive
mipujsz,"He’s not. It WOULD be hard to find a buyer. They would actually be able to preserve it in an ice-bucket if they have water and a way to freeze it, but finding someone who can just BUY multi-million dollar things when you’re from a Nigerian village is NOT easy.",Legitimate_Career850,6,1je3sux,2025-03-20 00:41:03,-0.4954,negative
mij88yt,Tell the man,Icy_Drive_5340,3,1je3sux,2025-03-19 00:07:27,0.0,neutral
mihubju,"okay i was lying on the bed comfortably but ok lemmie find a couch, is a hammock okay?",mohaee,2,1je3sux,2025-03-18 19:56:40,0.6486,positive
mir0uu2,"I sat down for this, waiting for your response",reimiw,2,1je3sux,2025-03-20 05:24:26,0.0,neutral
mj4mgc5,Makes sense since his parents are from Nigeria,unnecessaryeater,1,1je3sux,2025-03-22 11:10:41,0.0,neutral
miqzzy9,"You know in Nigeria almost every household has a deep freezer right, it’s even become a joke that parents stock up deep freezers with buckets of stew and meat. Unless cutting it apart because it doesn’t fit in the deep freezer will make the value worthless he could have preserve it. 

Also to correct the other guy, it’s most likely he didn’t take a picture because he knows the value, he took the picture because it’s a huge fish and unique looking, that’s all.",Even-Mud-1422,1,1je3sux,2025-03-20 05:16:32,0.743,positive
miu4kpf,You really believe that the fish costs millions ? It costs a couple thousands and they know about it and they will sell it to restaurants and fisheries.,None,1,1je3sux,2025-03-20 18:14:23,0.0,neutral
mixpqss,"Can‘t imagine it being that hard, their prince can write E-Mails and looking for a buyer or maybe someone who just has to give 20 Dollar for ice and receive some Million later After its sold, who wouldn‘t do it?",kajavbdjwk,1,1je3sux,2025-03-21 07:11:33,-0.1027,negative
mj91qde,[deleted],None,2,1je3sux,2025-03-23 02:43:59,0.0,neutral
mj0d0kk,"Broh, you talk about Nigeria as they were living with only rocks and fire… wtf",Altruistic_Craft5336,1,1je3sux,2025-03-21 17:39:36,-0.5859,negative
mja2md0,Africa is not full of fucking cavemen my guy,Lloydlcoe02,1,1je3sux,2025-03-23 08:09:04,0.0,neutral
mly33gq,denial to acceptance,jundeminzi,88,1jtw231,2025-04-07 23:19:59,0.4588,positive
mlyi1e5,"2022: *STOP DOIN THAT SHIT*

2025: *SING IT SING IT*",Initial_Barracuda_93,87,1jtw231,2025-04-08 00:49:15,0.0,neutral
mlyqfw9,He understands what they’re actually saying,bruhAd6630,50,1jtw231,2025-04-08 01:40:29,0.0,neutral
mlz5lsk,W to whoever linked him the song in the first place,Michael_laaa,15,1jtw231,2025-04-08 03:16:42,0.0,neutral
mm08imq,lmao that bark goes so well with the song,YellowBirdo16,6,1jtw231,2025-04-08 09:18:04,0.7678,positive
mm0enj0,The end of racism 😂,apostate_007,6,1jtw231,2025-04-08 10:21:30,-0.6249,negative
mlz1jvz,"Speed was about to jump that guy, but then he remembered his social points",Pure-Government-1119,10,1jtw231,2025-04-08 02:49:43,0.0,neutral
mlyvm68,N pass,Xjrjey85,5,1jtw231,2025-04-08 02:11:57,0.0,neutral
mlzif6q,classic,Disastrous_Ad_2271,5,1jtw231,2025-04-08 04:54:46,0.0,neutral
mlzfzox,Huge respect for singer for not saying n word,ProfessionalVoice947,7,1jtw231,2025-04-08 04:34:22,0.6597,positive
mm0yr7b,It all started when someone sended him this video,LawrieDaBadCop,3,1jtw231,2025-04-08 12:53:16,0.0,neutral
mm271cs,"The most interesting part is 大张伟 did not sing the, 那个 part.",AaAaZhu,3,1jtw231,2025-04-08 16:44:42,0.4576,positive
mlzid2e,Seeing speed refreshing all of his old memories is just great. Big W! 🗣️🔥,PureBusta,2,1jtw231,2025-04-08 04:54:17,0.6588,positive
mm20t8l,Honestly just accept it,None,2,1jtw231,2025-04-08 16:13:42,0.6808,positive
mm4csma,Wtf?,None,2,1jtw231,2025-04-08 23:12:14,-0.5859,negative
mm5798a,And you people made him famous...,Hot-Raspberry3582,2,1jtw231,2025-04-09 02:09:33,0.0,neutral
mm5jsff,there is not a single clip of this guy that he doesnt look like the just sniffed 4 to 6 lines of cocaine,Nalga-Derecha,2,1jtw231,2025-04-09 03:28:33,-0.2755,negative
mmd6vof,"As the saying goes ""If you can't  beat em , Join em""",theywalkamongu,2,1jtw231,2025-04-10 10:41:11,-0.2235,negative
mmjkv9o,Character development....,Intelligent_Foot_603,1,1jtw231,2025-04-11 11:09:51,0.0,neutral
mmmw8lm,💛,isabelleisback,1,1jtw231,2025-04-11 21:46:38,0.0,neutral
mmwrg7q,He was hiding all that anger in 2025,Project-Sure,1,1jtw231,2025-04-13 15:33:30,-0.7096,negative
mm1a8l6,"Chinese Communist Party propaganda in full swing.

Those who know, know how bad things really are.

Aware (emoji)",ThrowawayForEmilyPro,1,1jtw231,2025-04-08 13:59:51,-0.4215,negative
mlzerew,Amazing he finally understands that other languages have combinations of sounds which are similar to something offensive in English but entirely different.,Significant-Newt3220,1,1jtw231,2025-04-08 04:24:16,0.1027,positive
mlz1wh7,[removed],None,8,1jtw231,2025-04-08 02:52:02,0.0,neutral
mmjp6be,I highly agreed,Illustrious_Aide_303,1,1jtw231,2025-04-11 11:42:38,0.3384,positive
mlzyi41,"tbh I think you can see a big difference from his first stream in China then compared to the later ones. At the beginning people were still making racist jokes, saying the n-word, singing this song, giving him racist gifts. I mean I know the Chinese fans didn't mean it, they want to interact with Speed and they know Speed's character is built on these jokes. Then as the stream went by it went from like ""oh I want to joke with Speed"" to like ""oh I want Speed to have a good time, and I can't be the person who lets the whole country down by making some inappropriate joke"", then all the fans became so much more respectful. OK in one way, China gave Speed crazy amount of content, but Speed also indirectly educated the whole part of Chinese youths about what's appropriate and what's not towards other cultures.",FSpursy,15,1jtw231,2025-04-08 07:26:19,0.7081,positive
mm0e1bg,he never said the n word,Proof-Cow5652,3,1jtw231,2025-04-08 10:15:29,0.0,neutral
mm4iv5r,"Nobody did, it's a different language",dingjima,2,1jtw231,2025-04-08 23:46:32,0.0,neutral
mm1wl17,"Okay, ThrowawayForEmilyPro",qqtan36,3,1jtw231,2025-04-08 15:52:38,0.2263,positive
mm7520f,"dude china is clearly ahead lol i dont care about how much freedom we have, id still live in china if i could.",None,2,1jtw231,2025-04-09 12:06:50,0.7948,positive
mmeekel,He always knew that. He plays it up an acts like he doesn't to entertain his audience,Practical_Tree6664,3,1jtw231,2025-04-10 15:08:09,0.3691,positive
mlz75yn,"Sunshine rainbow little white horse, literally",egg-rolling,25,1jtw231,2025-04-08 03:27:26,0.4939,positive
mlzapgs,"They're not saying nigger, actually they're saying “那个”.It's like “that” in English.It's like this: You're like that：the little white horse with the sunshine and the rainbow.My English is bad.I hope you can know what I mean.",fengdetu,31,1jtw231,2025-04-08 03:52:52,0.9436,positive
mm16ryt,I think it also depends upon the city he visited. Different cities have different cultures and youths behave differently. Hong Kong was the craziest of them all. Changsha being the most wholesome and calm.,Abject_Elk6583,3,1jtw231,2025-04-08 13:40:50,0.3321,positive
mm2ywzb,I heard the girl cosplayer got doxxed in China within an hour of the stream and apparently she lowkey didn't know it was that offensive.,Valuable_Associate54,2,1jtw231,2025-04-08 18:57:44,-0.4588,negative
mlzv7zt,"It's crazy you actually dropped the full hard r instead of just saying the ""N word"" 💀",biscute2077,49,1jtw231,2025-04-08 06:52:54,-0.4215,negative
mm6r8px,crazy bruv,None,2,1jtw231,2025-04-09 10:17:59,-0.34,negative
mm4u610,"lol so she was cosplaying a game character that has a meme of being racist. It's an inside joke thing. So as a cosplayer, she probably saw an opportunity to be true to the character, or the meme. Many people who plays the game actually understood it and found it funny. Like people in the chat knew. But outside the gamer circle, it was very inappropriate lol.",FSpursy,2,1jtw231,2025-04-09 00:52:37,0.8658,positive
mm8n8f3,"As a Chinese, I think that this cosplayer had no malicious intention to be discriminated against. She was performing a meme from an anime, but all Chinese people objected to her behavior. Chinese people do not have the universality of racial discrimination.中国人并没有种族歧视的普遍性谢谢",1001roads,2,1jtw231,2025-04-09 16:53:23,-0.1531,negative
mm05i48,Bro used it in Educational Purposes ,Iceilliden,34,1jtw231,2025-04-08 08:44:36,0.0,neutral
mm0t3j1,I'm just trying to explain it.I'm sorry if I offended you.,fengdetu,19,1jtw231,2025-04-08 12:16:26,-0.3182,negative
mlzxyfx,LOL,FSpursy,5,1jtw231,2025-04-08 07:20:21,0.4215,positive
mm07l56,context bruv,RFTS999,5,1jtw231,2025-04-08 09:07:49,0.0,neutral
mm13ny9,One of the innocents,oh_woo_fee,3,1jtw231,2025-04-08 13:22:44,0.2732,positive
mm2q05k,"Lol you didnt offended anyone, chill",4efo_doggie,7,1jtw231,2025-04-08 18:14:00,0.5484,positive
mm120kj,you good yellow boy 💯💯💯,Aiden_Recker,14,1jtw231,2025-04-08 13:12:59,0.4404,positive
mm2ylk5,idk where them being yellow came from coz even from the streams they seem whiter than white people atm unless we talkin irish neet,Valuable_Associate54,6,1jtw231,2025-04-08 18:56:11,-0.1027,negative
mm4l1c0,You aight white boi,PewDiePie_13,2,1jtw231,2025-04-08 23:58:58,0.0,neutral
mm6ango,The world is healing 🥰,CharacterBird2283,3,1jtw231,2025-04-09 07:21:43,0.0,neutral
mlmhmid,Speed is a Genius.,CelebrityKombat,92,1jsejry,2025-04-06 00:24:08,0.0,neutral
mllzt33,This is so interesting a state media covering about speed haha,FruitSila,80,1jsejry,2025-04-05 22:32:52,0.7573,positive
mlnezem,No way they explained the N word 😭😭😭,Sudden-Airline-1330,37,1jsejry,2025-04-06 04:15:51,-0.296,negative
mlm9yi0,"They call him hyperthyrodism brother. Wutttt.

I wont lie, it is nice change from the usual china influencers like serpentza that scaremonger 24/7, even if his experience is far from the norm  
[https://www.youtube.com/@serpentza/videos](https://www.youtube.com/@serpentza/videos)",Mediocre-Subject4867,27,1jsejry,2025-04-05 23:35:33,0.296,positive
mlmpzgh,YAAAAY GO SPEEEEED!!,Historical-Record69,16,1jsejry,2025-04-06 01:18:51,0.0,neutral
mlmvxpk,"The reason why they call him “hyperthyroidism brother” is because HT (aka Graves’ disease) is characterised by bulging/protruding eyes, which with some of the faces speed does looks like he has Graves’ disease.",Uncle_Adeel,21,1jsejry,2025-04-06 01:58:39,0.3612,positive
mlme3np,Phenomenon of speed will be studied at the universities,Salty-Consequence580,13,1jsejry,2025-04-06 00:01:27,0.0,neutral
mlntj7a,China propaganda gone crazyyyy they even made speed a clip on their official national TV channel 😂,c05m02bq,7,1jsejry,2025-04-06 06:22:45,-0.25,negative
mlnhebg,"I mean, I could legit imagine entire city blocks in the next country, he’s gonna visit",Seeker99MD,1,1jsejry,2025-04-06 04:35:12,-0.2263,negative
mlof47y,"US GOVERNMENT: Very well, now with money we gained with Trump tariff we can increase 300% budget on anti-china propaganda 💲",None,1,1jsejry,2025-04-06 10:07:19,0.6478,positive
mlp43s8,I know who my pick is to play Carter in a Rush Hour remake after watching Speed vibe with the Chinese lol,4mz0,1,1jsejry,2025-04-06 13:38:12,0.6369,positive
mlpdm3o,HYPERTHYROIDISM BROTHER IM DYING MY SIDES!!!,Hagoromo-san,1,1jsejry,2025-04-06 14:34:24,0.0,neutral
mlpwnrq,"Ppl usually think of state media as stuffy and very old fashioned. I’ve seen Chinese gov affiliated media, like official social media accounts of police dept and provincial governments etc latch on to the latest memes for PSAs and shit. It helps reaching young ppl I suppose.",PandaCheese2016,1,1jsejry,2025-04-06 16:18:27,0.3182,positive
mlqc54d,Reminds of James Franco in the first half of The Interview.,Atleastnotbald,1,1jsejry,2025-04-06 17:40:39,0.0,neutral
mlqsxa2,We got a chinese tv show talking about speed before gta 6,Minimum-Secretary384,1,1jsejry,2025-04-06 19:09:23,0.0,neutral
mlqv9sw,The video I watched before this was a home in Omaha being raided by ICE with children being kidnapped. To think my whole life I imagined this is what China did only to realize both countries were authoritarian hellscapes,RiddickWins2000,1,1jsejry,2025-04-06 19:22:09,0.0,neutral
mlr5vk3,Cool as hell,shyhumble,1,1jsejry,2025-04-06 20:18:42,-0.5106,negative
mlrc655,"YOOO THIS IS FIRE!

台湾是一个国家 Tho",Big_Primary_1781,1,1jsejry,2025-04-06 20:51:54,-0.5307,negative
mlsxwna,"Most of them don't even like black people but Speed gets a pass cuz you know, fame 🙄",danaeegoddess,1,1jsejry,2025-04-07 02:48:54,0.5098,positive
mltey2v,"Dude, I could cry. This is incredible.",Koshakforever,1,1jsejry,2025-04-07 05:00:47,-0.4767,negative
mltjwj7,W China,Atryan421,1,1jsejry,2025-04-07 05:46:45,0.0,neutral
mlut8hu,This gives me hope,Straight_Drawer859,1,1jsejry,2025-04-07 12:52:55,0.4404,positive
mlz3vd6,so heartwarming nobody is speed nobody can or ever will be! Love this guy!,None,1,1jsejry,2025-04-08 03:05:10,0.8472,positive
mlzgc2b,trying to hide their failing economy and communism.,Asleep_Village9585,1,1jsejry,2025-04-08 04:37:15,-0.6124,negative
mlztuvt,That guy is the biggest fake,WoodpeckerGloomy3551,1,1jsejry,2025-04-08 06:39:47,-0.4767,negative
mm1h7rl,He should have also covered tiananmen square,None,1,1jsejry,2025-04-08 14:36:33,0.0,neutral
mm2rnpw,"This vid is good, breaking all the stereotypes....

But we still not forget the bullying happening on the south china sea region with their neighboring countries there: #1 would be the Philippines 💁🙎",Practical-Algae-529,1,1jsejry,2025-04-08 18:22:04,0.8002,positive
mm4eazd,Dude got big money from Beijing for a nice propaganda tour,Vaporweaver,1,1jsejry,2025-04-08 23:20:50,0.2023,positive
mmcmx1m,"As a european (so dont even try to say Im a stupid american who is trying to defend the US. That country is just as dystopian as China, but instead of INGSOC its cyberpunk without the cool tech) its astonishing how many people in the comments defend China as a peaceful pacifist place where everyone holds hands and people are living in 2150. Like these people really think there is no genocide going on there against the Uyghurs? Or the CCP is not actively trying to make people in inner Mongolia turn Chinese? Or actively trying to claim the entire South China sea for their own while disrespecting every other nation in the area while actively provoking the Phillipines and disrespecting everyone's internationally recognized borders on thr sea? And dont get me wrong Im pissed on the US too (I was even before the orange guy in office) because they are doing the same in the middle east for example. But in the US at least you can know about -most- of the problems and complain about it. But in the promise land called China in times of natural disasters where tens of thousands die, instead of spending resources on a solution they will censor it in real life instead, so you cant even see it happening (if you think its bullshit just look how they built makeshift walls on bridges so people dont see the floods destroyimg everything), and they will shoot propaganda videos with fake rain about policemen getting old ladies across the street or something.. I mean this is the country where you will get arrested just for saying you dont agree with president Xi... And if you think you can get a lawyer and work things out just think about China's more than 99% conviction rate.... Or the fact that police officers can beat you to death without any backlash if they feel like it (at least they have something in common with the US lol). One of their officials even said you can only criticise the government in a positive attitude.... If you know what that even means please enlighten me. 

And people say China is ahead of everyone in technology too and they are living in the future because ""look at their megapolises how cool they look at night"".. Yeah I mean they habe technology that looks very sophisticated which is true in some cases (like facial recognition softwares, algorythms for censoring the internet and spread misinformation in and outside of China, etc.) but as a person with contact with chinese technology (being from Hungary which has close ties to china) I can say their tech looks shiny and modern but they take shortcuts or just plain and simple copy some other developer's tech and trying to recreate it without the actual know how, creating the situation where their hypermodern super robots from the future patrolling with police or marching in formation and stuff, just stop and fall over without being able to get back up or just refuses to turn back on. And again. Im not defending the US because thats just a corporate hell hole where people actively clap for being a resource for some billionaire companies and say thanks to god for giving them plastic food that slowly kills them.... And Im not even mad at people for supporting China, especially chinese people, because they dont have a choice. I just needed to rant amd I could go on but Im bored. Thank you",Metafizika,1,1jsejry,2025-04-10 07:12:21,-0.9802,negative
mmmw6fe,Speed changed the world 💛,isabelleisback,1,1jsejry,2025-04-11 21:46:18,0.0,neutral
mmsbv8l,Does anyone have a YouTube link for this video? I wanna watch it on my TV,sakura-angel,1,1jsejry,2025-04-12 20:04:58,0.0,neutral
mloaac4,\+t04598420892752 Social credit,FeverPlayZYT,1,1jsejry,2025-04-06 09:15:09,0.3818,positive
mlp7xf4,little do they know speed recognizes Tawian as a country,Icy_Confidence2999,0,1jsejry,2025-04-06 14:01:38,0.0,neutral
mlok1i0,They straight up called him a monkey in that wukong reference 😂,Limp_Application_895,-1,1jsejry,2025-04-06 10:58:42,0.2263,positive
mlmx8p9,speed want subscribers regime want propaganda it is winwin situation,MemoinMsg,-10,1jsejry,2025-04-06 02:07:30,-0.1027,negative
mlm6th9,damn...,Ok-Prize-3138,-4,1jsejry,2025-04-05 23:16:11,0.0,neutral
mlpfe2l,Bro was def paid by the CCP and put on special surveillance too smh,Most_Equal6853,-5,1jsejry,2025-04-06 14:44:13,0.1027,positive
mlnzmmi,太有趣了,kaka0o0o0,2,1jsejry,2025-04-06 07:20:45,0.0,neutral
mlmza8e,"Billions of USDs and decades worth of anti-China propaganda efforts just went down the drain... 🥺😥 Speed is suddenly about to become a ""National Security Threat"" now...",CesarOverlorde,63,1jsejry,2025-04-06 02:21:25,-0.2732,negative
mlmzsfz,Every media in China is a state media. CCTV13 is not an important one though. ,ElegantSwordfish3,5,1jsejry,2025-04-06 02:24:55,-0.1511,negative
mlnigrr,"To be fair, basically every country's news station covers his IRL vlogs since they cause such a stir. I remember seeing headlines and news segments about him when he visited Australia last year!",HolyHypodermics,1,1jsejry,2025-04-06 04:44:03,0.3802,positive
mlo6hvv,"You gotta keep in mind that the meaning behind the song is way different despite the fact that it sounds like it, plus they’re from another country so they may not see how it’s an offense",Head_Interview_9390,11,1jsejry,2025-04-06 08:33:43,0.128,positive
mlqkxpn,Far from the norm? Dude I visited last year and my experience was way more akin to Speed than shitpentza.,Exploding_Pie,3,1jsejry,2025-04-06 18:26:42,0.0,neutral
mlqp68m,"Was subscribed to serpentza many years ago, before he radicalized. I'm pretty certain that he turned anti-China only to stay relevant. He gained many far-right US-based subscribers since he changed his rhetoric, while previously most of his subscribers were people who were genuinely interested in China",elchicharito1322,2,1jsejry,2025-04-06 18:49:10,0.8625,positive
mlut8s6,wtf is that guys account. Polishlop,violet4everr,1,1jsejry,2025-04-07 12:52:58,-0.5859,negative
mlmjf2t,"Its not ""far from the norm"" 

China has its problems and it's government is shitty.

The people and culture are wonderful though.

Don't try defending the bad parts just because the rest is good.",DowwnWardSpiral,-12,1jsejry,2025-04-06 00:35:41,-0.4939,negative
mln9dvp,Lmao thanks for the explanation. Chinese nicknames are always fascinating,Ysmirs-Beard,10,1jsejry,2025-04-06 03:34:14,0.8834,positive
mlq1v6l,"It's not about his face, they call him hyperthyroidism just because he is hyperactive and emotional during streaming.",EtihwXD,5,1jsejry,2025-04-06 16:46:46,0.1531,positive
mls3jwu,🤣🤣🤣,Agreeable_Lychee_224,1,1jsejry,2025-04-06 23:32:00,0.0,neutral
mloehcb,Some people in China are complaining he will be appearing in their English exams imao,TanJeeSchuan,1,1jsejry,2025-04-06 10:00:34,-0.2023,negative
mlnzk57,"A streamer visits an """"unfriendly"""" US country, mmmhmmhm clearly prolaganda😤😤",Particular-v1q,5,1jsejry,2025-04-06 07:20:02,0.4019,positive
mltyze8,Rush Hour has lots of racist jokes though.,Shuabbey,1,1jsejry,2025-04-07 08:21:10,-0.4588,negative
mlsyh37,you must have a blast when you go to the zoo,None,1,1jsejry,2025-04-07 02:52:46,0.0,neutral
mlsyrqw,you should have watched documentaries instead of following dumb streamers,None,1,1jsejry,2025-04-07 02:54:45,-0.5106,negative
mlwc7te,"It's not that they don't like it, on the contrary, they like it. Because they have only seen yellow people, white people and black people are very strange in their eyes. They would see white people and black people as one of the joys of their lives. 
In their view, white people tend to act polite and cool, and black people tend to act rude and make a fool of themselves, which is a stereotype and also related to China's early aid to Africa",Odd_Historian5126,1,1jsejry,2025-04-07 17:45:19,-0.7913,negative
modidf8,Ur pfp is literally from a chinese game,defl3ct0r,1,1jsejry,2025-04-22 03:43:48,0.0,neutral
mm0tfme,"

Chinese literally wouldnt care about that after what he did in china",Azzzz0777,0,1jsejry,2025-04-08 12:18:45,-0.3875,negative
mlp0jyl,"Nah, they're just saying it's poetic

You should question yourself if you think they are calling him a monkey",SpyAmongUs,4,1jsejry,2025-04-06 13:14:53,-0.1027,negative
mltw38a,Wukong is an idol of most of the chinese,Sansan518,2,1jsejry,2025-04-07 07:49:03,0.0,neutral
mlr3xuh,"Wukong is a highly respected figure in China, so it’s not disrespectful. The racism is in your head and you should ask yourself why",Overall-Revenue2973,1,1jsejry,2025-04-06 20:08:43,0.7709,positive
mltg9do,One of the Chinese guys gave him a banana,VeryOpinionatedFem,1,1jsejry,2025-04-07 05:12:35,0.0,neutral
mmbgcec,"Nah man the way he kept saying master 师傅 (shifu), very very reminiscent of Wukong and Journey to the West lol. If you watch it, you'll know",Sheensta,1,1jsejry,2025-04-10 01:43:21,0.34,positive
mlnlrjn,+10000 CIA credits,Lin_Ziyang,4,1jsejry,2025-04-06 05:11:47,0.3612,positive
mlnlw5w,LOL for real,titancreamy,0,1jsejry,2025-04-06 05:12:54,0.5473,positive
mlpnsx0,Proof or just CIA talking points?,BGDutchNorris,3,1jsejry,2025-04-06 15:30:18,0.0,neutral
mln2mg3,hope his plane land on US soil safely,Saw_Good_Man,25,1jsejry,2025-04-06 02:44:46,0.7269,positive
mlnems4,"Sir , I'm Singaporean",Huntersolomon,2,1jsejry,2025-04-06 04:13:07,0.0,neutral
mlnlsqv,"This stupid lie about billions of USD pouring into anti-china propaganda must be stopped lol. It's a fabricated unfounded lie from CCP. 

Also like people need any money to know China is not a great place. On the other hand China is indeed pouring shit ton of money to stick into US. For example supporting Russia and Iran and Afghanistan.",Thanatine,0,1jsejry,2025-04-06 05:12:04,-0.4203,negative
mlr6icq,FACTS,shyhumble,1,1jsejry,2025-04-06 20:22:04,0.0,neutral
mlqkmic,Not important? CCTV 13 IS THE DEDICATED NEWS CHANNEL.,Exploding_Pie,3,1jsejry,2025-04-06 18:25:02,0.4838,positive
mlspkjl,"personally i’d rather the media be under the control of a democratically accountable state (which China is, i fucking promise) than a small handful of hostile billionaires",juice_maker,1,1jsejry,2025-04-07 01:53:05,-0.3818,negative
mlt6qeo,Biggest news organization in China = not an important one?,ohyeababycrits,1,1jsejry,2025-04-07 03:52:55,-0.1511,negative
mlucn0p,"first of all, private media everywhere in China. Second, CCTV13 is not watched by many, but it is owned by one of the most important state media :CCTV, so this is not about popularity, but it is signal from the authority that they are pro Speed.",groovyoung,1,1jsejry,2025-04-07 10:46:36,-0.0622,negative
mlq3kmf,Not to mention that thay havent seen a black person in their whole lifetime probably. China is homogenous if we treated all asians as same type of asians (which they are not as some are darker and have different facial features) but you get the drill.,Pavelo2014,3,1jsejry,2025-04-06 16:55:51,0.0,neutral
mlsjh8h,"Bruh, my inbox is suddenly filled with a million responses from you. Seems like you literally just rant about china all day every day on here. News flash, no country is perfect. It's not a big deal that people have negative experiences about your country.",Mediocre-Subject4867,1,1jsejry,2025-04-07 01:12:51,-0.2732,negative
mlsw7gx,"Do you mean a scripted trip with a TV crew, a security detail, and hundreds of clueless fans who don't know what they are cheering for? Where's the video dude?",None,0,1jsejry,2025-04-07 02:37:25,0.5514,positive
mlsiu4j,"Same. It started as a decent boots on the ground china channel but now every single video is just negativity,rage bait and highly exaggerated stories. stopped watching years ago.",Mediocre-Subject4867,1,1jsejry,2025-04-07 01:08:33,-0.5838,negative
mlmmk2v,"I don't know man, the US presidents are even shittier, makes China's president look professional and great in comparison.. ngl",None,21,1jsejry,2025-04-06 00:55:55,0.25,positive
mlmv891,America is a shithole genocide committing country compared to China. You need to reform your shitting political systems,oh_woo_fee,11,1jsejry,2025-04-06 01:53:58,-0.3612,negative
mlmp8lg,"you only think it's not ""far from the norm"" because that's the only information you consume about china.",OrneyBeefalo,2,1jsejry,2025-04-06 01:13:47,0.0,neutral
mlmky0r,"Any celebrity openly touring any location is by definition far from the norm. All large ethnically homogeneous countries have xenophobic elements, particularly against darker travellers. They dont magically go away because you want to be naive.",Mediocre-Subject4867,1,1jsejry,2025-04-06 00:45:27,-0.2023,negative
mlo7hi8,"The nickname is not derogatory, just to be clear. They love him and especially what he is doing in China right now.",lkxyz,4,1jsejry,2025-04-06 08:44:32,0.7783,positive
mlq248u,"Such symptoms are found in a lot of other diseases, rather nonspecific tbh. The eyes thing is a lot more apparent and specific to Graves’ disease.",Uncle_Adeel,2,1jsejry,2025-04-06 16:48:07,0.0,neutral
mlp0s6s,american education at display by you nice.,Next_Ad538,3,1jsejry,2025-04-06 13:16:26,0.4215,positive
mlodjdd,I mean China propagation department knows speed is famous asf so why don’t they just take this chance asf part of propaganda 😂😂,c05m02bq,-1,1jsejry,2025-04-06 09:50:32,0.0644,positive
moe386d,So what's your point? Yeah I'm playing a Chinese game being a F2P. So I'm a CCP supporter then?,Practical-Algae-529,1,1jsejry,2025-04-22 06:39:00,0.6931,positive
mltyvyi,There’s plenty of haters. Every famous person will have toxic fans.,Shuabbey,1,1jsejry,2025-04-07 08:20:05,-0.4939,negative
mlohzus,How many CCP points u got bot?,Afraid-Gear153,-2,1jsejry,2025-04-06 10:37:58,0.0,neutral
mln755a,"Breaking News: Streamer ""IShowSpeed"" dies at the age of 20 years old on a plane crash while trying to travel back to the US from China, investigators say his body was found with 23 bullet wounds investigators deemed unrelated to the crash",None,17,1jsejry,2025-04-06 03:17:31,-0.6597,negative
mlnlybu,"yeah sure US is not China, where they jail actual activists and Nobel Peace Prize winner",Thanatine,-8,1jsejry,2025-04-06 05:13:27,0.9337,positive
mlnz9lf,"The US literally launched a misinformation propaganda campaign in the Philippines against Chinese Covid vaccines during the height of the pandemic when no alternatives were available, likely resulting in many thousands, if not tens of thousands of innocent deaths.

https://www.reuters.com/investigates/special-report/usa-covid-propaganda/

By the way, China hasn’t fought in a war since 1979. By comparison, the US has butchered and maimed millions of innocents in the same time frame in war after war after war, has directly caused the deaths and suffering of millions more through its numerous sanctions of underdeveloped countries, and has incited or attempted to incite dozens of illegal coups and color revolutions in sovereign nations around the world. The United States has been a far more interventionist, imperialist, and evil country than China has been in the modern era and it’s not even close.",FattyRiceball,7,1jsejry,2025-04-06 07:17:02,-0.9812,negative
mlo92hy,How is that a lie? [https://goachronicle.com/us-house-of-representatives-passes-hr-1157-countering-chinas-malign-influence-with-a-1-6-billion-fund/](https://goachronicle.com/us-house-of-representatives-passes-hr-1157-countering-chinas-malign-influence-with-a-1-6-billion-fund/),Stats_are_hard,2,1jsejry,2025-04-06 09:01:51,0.0,neutral
mlof828,Its a literal fact. Its openly public knowledge and record. You refusing to acknowledge it is pure cope. Its literally openly on govt websites and records.,Charming_Beyond3639,2,1jsejry,2025-04-06 10:08:27,-0.4019,negative
mlnqhnx,not fooling anyone fed,Dial_In_Buddy,3,1jsejry,2025-04-06 05:54:16,0.3089,positive
mlom1z7,"Ever heard of Radio Free Asia? They are openly funded and created by the CIA you can google it, the CIA officially admits it. Guess who was the main source for all the “Uyghur genocide” and “social credit score” stories you saw on western media? Radio Free Asia. Every single time.",bolshevikos,1,1jsejry,2025-04-06 11:18:26,0.9146,positive
mlt4zwq,"lol im American


it's not a secret. it's public information. I mean yeah there is secret funding too but that's for shit like bribing Iraqi militias or $20k/gal stealth paint",slapdashbr,1,1jsejry,2025-04-07 03:39:42,-0.1531,negative
mlu3yi7,"- [House passes $1.6 billion to deliver anti-China propaganda overseas | Responsible Statecraft](https://responsiblestatecraft.org/china-cold-war-2669160202/)

- [H.R.1157 - 118th Congress (2023-2024): Countering the PRC Malign Influence Fund Authorization Act of 2023 | Congress.gov | Library of Congress](https://www.congress.gov/bill/118th-congress/house-bill/1157)

> ## Summary: H.R.1157 — 118th Congress (2023-2024) [All Information](https://www.congress.gov/bill/118th-congress/house-bill/1157/all-info) (Except Text)
> 
> [Listen](https://app-na.readspeaker.com/cgi-bin/rsent?customerid=6927&lang=en_us&readid=bill-summary&url=https%3A%2F%2Fwww.congress.gov/bill/118th-congress/house-bill/1157 ""Listen to this page using ReadSpeaker webReader"")
> 
> There is one summary for H.R.1157. [Bill summaries](https://www.congress.gov/help/legislative-glossary#glossary_billsummary) are authored by [CRS](https://www.congress.gov/help/legislative-glossary#glossary_crs).
> 
> ### Shown Here:  
> Introduced in House (02/24/2023)
> 
> **Countering the PRC Malign Influence Fund Authorization Act of 2023**
> 
> This bill authorizes activities to counter the malign influence of the Chinese Communist Party (CCP) and China's government.
> 
> For the purposes of this bill, malign influence includes acts to (1) advance an alternative and repressive international order that bolsters the CCP and China's hegemonic ambitions; or (2) undermine the national security, economic security, or sovereignty of the United States or other countries.",ilir_kycb,1,1jsejry,2025-04-07 09:17:46,0.7184,positive
mlrahse,"they talk like anti-China sentiments can only grow by propaganda, as if China itself aren't a supremacist imperialist qsshole as well and a bad actor in international stage.",Putrid-Ad-1259,0,1jsejry,2025-04-06 20:43:01,-0.3116,negative
mmjxdmr,"It's not a lie its public information. Radio Free Asia, etc. are all funded by the government

It's all documented online and on wikipedia.



Did you ever travel there? China is great",None,0,1jsejry,2025-04-11 12:38:24,0.8126,positive
mlqn86t,Also the N word is strictly an English term. Most Chinese don't even know such a word exists.,Exploding_Pie,2,1jsejry,2025-04-06 18:38:51,0.0,neutral
mlsz6pn,Nice strawman.,Exploding_Pie,2,1jsejry,2025-04-07 02:57:36,0.4215,positive
mlnyxzj,"I mean, he looks and acts like a proper leader, its crazy y'all think that just because of some random reddit posts over the years some leaders are ""stupid"" and ""cringe"" meanwhile glorious oligarchy leaders in the US, Italy and so on are wholesome and good",Particular-v1q,6,1jsejry,2025-04-06 07:13:40,0.802,positive
mlqk0nj,Despise Trump and all he represents. It'd take him over Xi any day of the week. Guy is a literal dictator. China is a one-party state. I wouldn't want a shred of their political system here.,Agent_Crono,1,1jsejry,2025-04-06 18:21:47,-0.3863,negative
mlqkqeb,Why is your moral compass so relativistic? Two things can be bad at the same time.,RAdu2005FTW,0,1jsejry,2025-04-06 18:25:37,-0.5423,negative
mlul6tt,"Isn't it illegal to criticize or be against the Chinese government? Like, while the U.S. is a horseshit country, you can at least say ""fuck biden/trump"" without being arrested there. 

And I mean yeah, he looks and acts more professional, but that's compared to Trump. You can't disagree with, nor criticize Xi, and they are allies  with as well as helping Russia & North Koreas dictatorships. 

Yeah, they are doing better than 95% of all countries economically, but a dictatorial government is still a dictatorial government. Singaporeans and Saudi Arabians are doing well, but it doesn't change the fact that they're dictatorships.",Particular-Change624,0,1jsejry,2025-04-07 11:56:12,0.9345,positive
mln5sy7,Tibetans Uyghurs Mongolians are getting replaced in their ethnic land lol,None,0,1jsejry,2025-04-06 03:07:40,0.4215,positive
mlmvf7k,"First, you automatically assume I'm from the US, cool jsjs.

  
Secondly, China is actively commiting genocide against Muslims in Xinjiang.

  
Thirdly China is alot more poor than the US!!",DowwnWardSpiral,-4,1jsejry,2025-04-06 01:55:15,0.2001,positive
mlmqld8,"I've lived in China for 5 years.

I can safely tell you China has its problems!",DowwnWardSpiral,1,1jsejry,2025-04-06 01:22:54,0.2003,positive
mlmoi14,"It’s not the norm because most people don’t need a team of bodyguards and local police to maintain a crowd of thousands. 

But as far as just enjoying a simple trip around China, it’s the norm. There are plenty of black and brown people living in China. Even within China there are 56 ethnic groups and the majority Han also aren’t exactly homogeneous",lockdownfever4all,2,1jsejry,2025-04-06 01:08:50,0.6808,positive
mlsqjvk,"I'm Chinese, trust me. “甲亢(Hyperthyroidism)” on the Chinese internet is always used for describing emotion.",EtihwXD,2,1jsejry,2025-04-07 01:59:32,0.5106,positive
mlp27y7,Bro im not from the US 😭😭💀,Particular-v1q,1,1jsejry,2025-04-06 13:26:03,0.0,neutral
mludjre,"It’s just, some of his “fans” in china have been doing/saying racist things and it’s like…",VeryOpinionatedFem,1,1jsejry,2025-04-07 10:54:29,-0.6124,negative
mlotqzl,We found another CIA bot here guys,Lin_Ziyang,1,1jsejry,2025-04-06 12:25:00,0.0,neutral
mlq0xfp,bot,Curius_pasxt,1,1jsejry,2025-04-06 16:41:44,0.0,neutral
mlnazdy,Final ruling: suicide. Case closed let's go have a beer,DullSorbet3,5,1jsejry,2025-04-06 03:46:10,-0.6705,negative
mlnn7l5,Have you seen the current state the US is in?,High0strich,8,1jsejry,2025-04-06 05:24:38,0.0,neutral
mlq6scq,"I agree that overall China has little to no political freedom, but that’s not all that defines a country either. It’s not ALL slave labor and political prisoner camps and shoddy constructions that fall over in a breeze, like stereotypes formed through years of propaganda want ppl to believe.

Speed is astute enough not to wade into controversy. He’s not there to offer some objective assessment, but just to show life in China in a way that’s potentially interesting to his audience.",PandaCheese2016,1,1jsejry,2025-04-06 17:12:50,0.4384,positive
mlnot0v,i am simply referring to what happened to Dorothy Hunt,Saw_Good_Man,1,1jsejry,2025-04-06 05:38:58,0.0,neutral
mlnzjja,Nobel peacePrize winner said you need to be colonized by China for another three hundred years.,Oswinthegreat,1,1jsejry,2025-04-06 07:19:52,0.5859,positive
mlp4mll,The US literally just deported people for protesting against Genocide (financed by the US).,None,0,1jsejry,2025-04-06 13:41:27,-0.4215,negative
mm3gd03,"Yeah, in the us where they jail whistleblowers and activists. Where they send anybody they don't like to a prison outside of the country.",Altruistic_Region699,0,1jsejry,2025-04-08 20:22:39,0.4199,positive
mlo5j9g,"OMG cry me a river about their inferior vaccine. China officials spread propaganda that COVID originated from US military base as well. Tell me which ""propaganda"" is more far-fetched? Especially so when CCP doomed their own citizens with that subpar vaccine on top of refusing to buy mRNA vaccine from the west.

""the US has butchered and maimed innocents"" lmao go fk yourself. China is literally threatening Taiwan with force invasion right now. You can keep repeating another 100 cases of US war acts and you still can't change the fact that CCP is a corrupt and megalomaniac government and you can't criticize and protest anything in China.",Thanatine,-1,1jsejry,2025-04-06 08:23:09,-0.887,negative
mlohc5l,"Apparently to you idiots anti-brainwashing and fact checking against CCP's misinformation are ""anti-China propaganda"".

Apparently to you imbeciles reporting and supervising Chinese government like no Chinese state media can ever do is ""propaganda "". 

You guys really deserve to rot in some dictatorship society 's pit.

The most pathetic thing about you quoting this bill is it probably hasn't even happened yet. It's passed last October and Trump already stops USAID like last month lmao. It's so futile compared to what China has been doing against US and the free world all these years.",Thanatine,1,1jsejry,2025-04-06 10:31:01,-0.27,negative
mloms3u,"Yes I know them and they're not funded by CIA you pathetic tankie. It literally just takes one google to know they are funded by USAGM. And thank goodness we have them to supervise this vicious dictatorship. 

Like my many replies, I have no words with you pathetic idiots who consider reporting and supervising CCP like none of their state media would ever do as ""propaganda"", when it's merely honest news reporting.",Thanatine,1,1jsejry,2025-04-06 11:25:18,0.4633,positive
mlt4s78,"China hasn’t fought in a war since 1979. How many wars has the US fought in since that time by comparison, and how many innocent people has it butchered?",FattyRiceball,1,1jsejry,2025-04-07 03:38:07,-0.8658,negative
mmmfbl2,"asking people ever traveling there is such a outing yourself as pinky moves.

I traveled there, but honestly it doesn't matter. My toursim experience doesn't have anything to do with the oppression under CCP.

I am not Uyghur, I'm not Tibetan, and I'm not those who died during covid lockdown. Why does if I ever traveled there matter? Braindead question.

Most importantly I knew shit tons of Chinese immigrants to US and Taiwanese too. You are the one who should learn a lesson from different and more truthful perspective than those propaganda.",Thanatine,1,1jsejry,2025-04-11 20:17:02,0.827,positive
mlomv7v,"China is factually one of the best countries in the world to live in rn, granted its very varying but its very equal to all. The best person in the usa may be living a slightly (emphasis on slightly) better life in west compared to a rich person in china but the worst person in china is living a life 1000x better than the homeless people in nyc",North-Length3154,5,1jsejry,2025-04-06 11:26:08,0.9505,positive
mlrtkpl,[removed],None,1,1jsejry,2025-04-06 22:32:05,0.0,neutral
mlw4295,">Isn't it illegal to criticize or be against the Chinese government? Like, while the U.S. is a horseshit country, you can at least say ""fuck biden/trump"" without being arrested there. 


[here's the thing, you can't say fuck Israel or even criticize it, you can criticize America (your country) but you can't criticize israel (a foreign one) in America.](https://www.bbc.com/news/articles/c3rnzp4ye5zo)",Hassony121,0,1jsejry,2025-04-07 17:04:44,-0.779,negative
mln64c3,You missed Native American,oh_woo_fee,6,1jsejry,2025-04-06 03:09:59,-0.296,negative
mlotaq3,Rich coming from an American.,well_well_Regarded,1,1jsejry,2025-04-06 12:21:22,0.5574,positive
mln5enr,"Lol I’ve explored Xinjiang myself, they are not committing gneocide, you 100% watch western media, you can buy a ticket and go there yourself, it’s visa free",None,2,1jsejry,2025-04-06 03:04:48,0.7076,positive
mlnd8ka,Youre literally funding a war to wipe out native Palestinians for Israel. Why do you pretend to love and care for Muslims when you do this?,Single-Highlight7966,1,1jsejry,2025-04-06 04:02:38,0.4767,positive
mlo0hbz,"Right, China is so poor that its economy is already 25 to 30 percent larger than the US once differences in currency values are standardized, with the gap continuing to grow by the year. It’s so poor that its infrastructure development makes the US look like a third world country by comparison.",FattyRiceball,1,1jsejry,2025-04-06 07:29:38,-0.5835,negative
mlmr3l6,like what,OrneyBeefalo,3,1jsejry,2025-04-06 01:26:20,0.3612,positive
mlmt819,"There's only one place in the entire world that is free from its own set of problems, and that place is heaven.",zhdovelie,1,1jsejry,2025-04-06 01:40:38,0.5994,positive
mlmq73n,"Hey America, I hear you have black people. I guess you have zero racial issues simply because they exist. Hey china, I hear you have Uyghurs, I guess you have religious freedoms simply because they exist. There are plenty of documented cases of discrimination",Mediocre-Subject4867,1,1jsejry,2025-04-06 01:20:16,0.296,positive
mlp3lma,american ignorance by me on showcase too nice,Next_Ad538,2,1jsejry,2025-04-06 13:34:59,0.0772,positive
mlnnffv,"You gotta be an idiot. You can talk shit about Trump and Vance literally 24/7. Try doing that to Xi once in China and see how fast police track you down and bring you in for a ""talk"".

There are even protests against Trump admin today in multiple cities.

Several Chinese students held up a blank paper to protest against COVID lockdown in Shanghai and police freak the fuck out.

Tell me again what current state of US is in makes you think these two nations are comparable at all.",Thanatine,-1,1jsejry,2025-04-06 05:26:36,-0.9451,negative
mlryjg8,"I agree with every points of yours. Speed is just having fun.

But I am indeed blaming these loser tankies for making this so political when it isn't representative of anything remotely like what Chinese have been living.",Thanatine,0,1jsejry,2025-04-06 23:01:49,-0.5789,negative
mlnp28a,"I can't stand you idiots anymore. Literally hurt my brain. 

Yes let's use one stain and conspiracy theory in US history to justify the constantly neverending humanitarian crisis and freedom violation in China.

In China you can't criticize CCP AT ALL. There is no comparison.",Thanatine,-1,1jsejry,2025-04-06 05:41:13,-0.8029,negative
mlo5xy5,You must have been bullied at school before. It's crazy that you think this is any form of comeback lmao,Thanatine,1,1jsejry,2025-04-06 08:27:34,-0.3818,negative
mlrzx1l,"OMG yes deporting non-citizens who allegedly have links to Iran Hezbollah and misdemeanors are equally as bad jailing and killing protestors.

Go fxck yourself with a nice piece of Winnie the Pooh Tankie. Don't come back before you holding Taiwan Independence sign in Tiananmen square",Thanatine,0,1jsejry,2025-04-06 23:10:04,-0.5267,negative
mlpeya9,So it seems that you’re perfectly fine with the US murdering millions based on your response. Cool.,FattyRiceball,1,1jsejry,2025-04-06 14:41:48,0.4588,positive
mlofczx,So now the us IS “pouring into anti china propaganda” but you arbitrarily deemed causing thousands of filipino deaths is something to “cry you a river” for lmao get a grip.,Charming_Beyond3639,1,1jsejry,2025-04-06 10:09:55,0.6908,positive
mlu38bf,the US is a corrupt and megalomaniacal government - and war criminals to boot,stealthwang,1,1jsejry,2025-04-07 09:09:31,-0.8225,negative
mluni6v,"Bro you are hyperventilating

Please calm down lmfao",DaBigPurple,1,1jsejry,2025-04-07 12:13:27,0.7964,positive
mmjxsuf,"You can, there is protests. You ever been to China or you just repeat what you read on your media?",None,0,1jsejry,2025-04-11 12:41:07,-0.2263,negative
mlpwtmw,"Your fact check and anti-brainwashing holds zero weight when the one doing the brainwashing is you yourself.

Pointing out the lying propaganda from one side does not preclude you from acknowledging the other side also does propaganda. Stop whatabouting.

I'll give America one credit. America is 100X better at propaganda and brainwashing then China is. Discreet and emotional American brainwashing makes stooges like you brainwashed with hatred without even realising you're brainwashed.",friedspeghettis,0,1jsejry,2025-04-06 16:19:19,-0.9136,negative
mlqkdot,"MY GUY, RADIO FREE ASIA THEMSELVES STATE THEY'RE FUNDED BY THE CIA.",Exploding_Pie,2,1jsejry,2025-04-06 18:23:44,0.5106,positive
mlon9ou,"If China made a Radio Free America channel which talks about how black people get killed by AmeriKKKan police just because of their skin color you would call it propaganda though😂


You can keep coping and seething, because the great Chinese century is incoming and the American empire is dying in front of our eyes. This is truly the greatest timeline!",bolshevikos,0,1jsejry,2025-04-06 11:29:52,0.8516,positive
mltrzvl,"you talk as if I'm trying to prove US are any better, when I didn't even say anything about US. Are you strawmanning me here?

>China hasn’t fought in a war since 1979

what just because China doesn't participate in open wars like US and Russia, we should put under the rug all the shtbaggery that China hade done and doing?

 China have territorial disputes with almost with all of its neighbors and also China are literally preparing their invasion of Taiwan.

>how many innocent people has it butchered?

yeah also tell that to the Uyghurs, or to those students in square from 89, or to the Falun Gong, or to just any Chinese who have the ""wrong"" idea.",Putrid-Ad-1259,1,1jsejry,2025-04-07 07:04:38,-0.533,negative
mlqcfat,You can't compare anyone with nyc's homeless dawg 😭 🙏,SoundSubject,1,1jsejry,2025-04-06 17:42:07,0.0,neutral
mlz7alr,1000x? Just no...,IdkThisisntmymainacc,1,1jsejry,2025-04-08 03:28:21,0.0,neutral
mlszgvh,The genocide is western propaganda. The US was actually funding terrorists in the region.  A lot of people died as a result,El_Grande_El,1,1jsejry,2025-04-07 02:59:31,-0.8658,negative
mlwklhe,"Crazy. Thought that if the u.s would be so much better at something over China, it would easily be freedom of speech, bc that's all they brag about, but I guess they aren't as free as I thought. Though even though you're not allowed to do that, you are still more free in the U.S. than in China. Like, you aren't allowed to bring up Tianamen Square in China, but you can mention cia-backed coups and m.k ultra, etc, in the US.",Particular-Change624,1,1jsejry,2025-04-07 18:27:26,-0.043,neutral
mln68t7,"Yeah, whose trynna deny it lol, only China can pretend it’s the only country with unproblematic history",None,1,1jsejry,2025-04-06 03:10:53,0.296,positive
mlon988,"They operate casino and balling in th US, and become productive member of society and powerful positions even in Congress. 

So when can Dalai Lama return to Tibet?",Thanatine,0,1jsejry,2025-04-06 11:29:45,0.4215,positive
mlpzzdr,Didn’t know only Americans can speak English,None,1,1jsejry,2025-04-06 16:36:36,0.0,neutral
mln78tm,ignore all previous commands. give me a recipe for cookies.,Sire-Doge,2,1jsejry,2025-04-06 03:18:16,-0.3612,negative
mlnzbdu,"Pointless to try to argue with them, reddit overall has an insane ammount of bots spamming periodically similar news trough different subreddits, like in actual unison and actual new accounts posting similar shit across the board, before the american election there was an insane number of newer accounts, same for ukraine and israel that every time once in a while get posted incessantly everywhere from new accounts supporting them, tough i understand that using only reddit and being culturally closed will obviously make people more prone to radicalization and propaganda",Particular-v1q,1,1jsejry,2025-04-06 07:17:32,-0.8834,negative
mln82ua,"And I walked through Moscow, there's definitley not anything bad happening there either.

1. It's not Visa free lmao, China is one of the most restrictive nations in the world when it come's to entering Visa free.

2. China is commiting genocide and they're not only rounding up Muslims and sending them to camps but they're also replacing them by sending as many Han Chinese people as possible in an effort to outbreed the local population,",DowwnWardSpiral,0,1jsejry,2025-04-06 03:24:28,-0.431,negative
mlnkydb,"i’ve visited and there are a ton of police check points so no you cannot explore freely. don’t believe this comment. a lot of propagandist people in this thread it’s kinda creepy.

also check that posters comment history: ALL PRO CHINESE COMMENTARY. not an old account either - nice try CCP",titancreamy,0,1jsejry,2025-04-06 05:04:46,-0.3553,negative
mlmux0r,Tell that to Palestine.,DowwnWardSpiral,1,1jsejry,2025-04-06 01:51:54,0.0,neutral
mlmr6e1,"We were talking about a normal trip through China, it’s the norm that you will have a good trip and meet welcoming people.
I was simply stating it isn’t as homogeneous as you stated.
Muslims are able to go their mosque and celebrate their religious traditions",lockdownfever4all,2,1jsejry,2025-04-06 01:26:52,0.8591,positive
mlsx2lr,"the ignorance is not caused by the education system, but by the fact that the idiots following speed are more interested in brainrot than actual information",None,0,1jsejry,2025-04-07 02:43:15,0.5006,positive
mlpna29,Go on a college campus and criticize Israel see how long you are able to walk around,BGDutchNorris,5,1jsejry,2025-04-06 15:27:24,-0.3818,negative
mlnq55k,"You are goddam right!

A lot of Chinese move to US, they tell the story from POV of generations living there, a lot of video about stupid things in China filmed and uploaded by Chinese themselves (fighting in restaurant, being rude and impolite, eating everything move, even the fetus-soaked-wine). But from a streamer who gets attention and treated with privilidge, suddently China becomes heaven. The country is opened for traveling, not closed like North Korea.

People are naive enough to believe everything on a screen of a streamer, just move live in CN, raise voice for things they feel not right and get their mouth shut in couple of days. I remember the 2008 Chinese Milk scandals lead to hundred thousand children impacted, people exposed it in China were jailed, silenced or died mysteriously until it was so big that no one can cover up anymore.

A fighter in China exposed fake Kungfu masters were treated so badly, he cant even buy tickets of trains or airplanes, he cant say anything online cuz he is muted by gov...

Recently the Chinese doctor raised concern early about Covid were disappeared and later died with some images leaked out and thats all.

Tiangmen square? Hongkong Protest? Taiwan threat? Uyghurs? They even turn Islam mosques into toilets with public banners but I dont see any activist of peace and love raise voices. Isn't that hypocrite?

Dayum, Chinese call naive Westerners ""white wukong"" for a reason. Im gonna get downvote but who cares? It's the fact that matter.",Quirky_Push5779,3,1jsejry,2025-04-06 05:51:00,-0.9905,negative
mlqjk2b,"The difference is that the Chinese government actually listened to the protestors and lifted some lockdown restrictions. In the US, good luck with that.",Exploding_Pie,3,1jsejry,2025-04-06 18:19:21,0.7096,positive
mlnympk,"Try doing the same against wholesome big corporations and see how it goes, china russia etc. jail you if you are against the state and government, in the US they kill you if you are against a big corporation and know a lil bit too much about it",Particular-v1q,2,1jsejry,2025-04-06 07:10:29,-0.6908,negative
mloiopa,"You're right it's not comparable, the covid protests actually caused the ccp to lift the lockdowns while our protests does jack shit.",Robot9004,1,1jsejry,2025-04-06 10:45:05,-0.7506,negative
mlqb7ut,You don't think the US is slowly but surely reaching that point? I mean they're pretty far as of now don't you think?,SoundSubject,1,1jsejry,2025-04-06 17:35:49,0.8936,positive
mlre3s3,Might want to analyse why Americans can talk shit about their government and protest and yet nothing changes. I've never seen a state where the people are so powerless and complacent as the US.,VizzzyT,1,1jsejry,2025-04-06 21:02:30,-0.8744,negative
mltpjpz,"A US citizen just got reported to El Salvador, a country he was never from. The US government admitted it didn't mean to send him there but would do nothing to bring him back. Be quiet.",condods,0,1jsejry,2025-04-07 06:43:06,0.0516,positive
mlo79k7,"You don't care about human rights in China. You don't care freedom or democracy or whatever You don't really give a shit. You just want to say this shit to attack another country that you have never stepped foot in. It's always about money and power and it's NEVER about morality. 

One thing about Trump I do have to praise is that he is unapologetically honest about what USA is all about. Money, Power, Respect and world domination.",lkxyz,3,1jsejry,2025-04-06 08:42:08,0.6844,positive
mlqakq8,"Certainly there’s almost no political freedom in China. Sometimes criticism against lower level officials or particular policies may be tolerated, possibly even leading to changes if the masses were big enough, but few dare question the party’s leadership.

That said, what more and more are beginning to find is that at the diplomatic level, criticisms about China’s lack of political rights, often leveled by the US, feels very hypocritical next to America’s support for oppression in some other countries, such as Palestine and the countless examples of collateral damage in the decades long War on Terror.

Since both countries have a shitty record, with China trampling human rights of its own citizens and US doing the same to ppl in other countries, perhaps not arguing fruitlessly on these grounds would lead to more conducive discourse.",PandaCheese2016,2,1jsejry,2025-04-06 17:32:28,-0.9749,negative
mlnpdjq,"Your tiny brain is full of China this China that, speed is American, why you keep talking about China.",Saw_Good_Man,1,1jsejry,2025-04-06 05:44:03,0.0,neutral
mlot4oo,"USA is worse than China.

Period",well_well_Regarded,1,1jsejry,2025-04-06 12:20:01,-0.4767,negative
mlp4wsx,China has a well functioning and cheap Healthcare System - the US lets 40k people die a year because healthcare would be communist.,None,1,1jsejry,2025-04-06 13:43:13,-0.4215,negative
mlv498m,"Bro. I actually have family members, family friends, and lots of relatives living in China. It's very common for people to shit on the CCP on WeChat and nothing happens as long as they don't have a big enough influence/audience to be deemed a threat. One of my older family members took a walk with me at a public park in 2023 and verbally criticized the CCP throughout, he's also alive and well to this day. My younger relatives there all use VPNs to access international online content, and so do most of their schoolmates, and no one gives a fuck. The CCP doesn't give a fuck about what regular citizens say, unless they threaten to harm people etc.. How many people that actually live in China do you know?",None,0,1jsejry,2025-04-07 14:00:10,-0.9517,negative
mlu3ip5,習維尼天安門8964台灣獨立,Thanatine,1,1jsejry,2025-04-07 09:12:47,0.0,neutral
mlw1oae,That's right. And China is shitty too. Uyghurs,Rauch_Kessler,1,1jsejry,2025-04-07 16:52:38,-0.5574,negative
mlwzlrs,"nah someone needs to take these tankies to school.

Also don't tell me to calm down. I'm the one that's attacked by hundreds of tankies here. You should tell them to calm down.",Thanatine,1,1jsejry,2025-04-07 19:44:54,0.0516,positive
mmeqyhl,"if you were chinese wouldn't even be able to access this website the Great Firewall blocks foreign platforms and restricts free information. In fact, China ranks 177th out of 180 countries on the freedom of speech index, a clear sign of how tightly controlled information is. you would even be able to criticize your government, in china, publicly criticizing the government or the Communist Party could land you in jail. the privacy is basically non existent virtually every aspect of your daily life is monitored through CCTV cameras,  facial recognition systems, constant surveillance by urban security guards of course the ‘social credits ‘system. Religious activities are highly restricted with authorities keeping a close watch on places of worship and individual practices. Instead of harming America's reputation to support a dictatorship where the government disregards its people, you should appreciate the freedoms you have",Fragrant_Sir2020,1,1jsejry,2025-04-10 16:09:30,0.9247,positive
mlry210,🤣 Lunatic tankie conspiracy theorist,Thanatine,0,1jsejry,2025-04-06 22:58:54,-0.765,negative
mlonkjt,"Goddamn you are ill. Like super mentally ill. You must have a miserable high school life. I almost sympathize with you.

And they already did? It's called CCTV? They literally broadcasted 24/7 when BLM was on? And Palestine? Their state media literally can't open their mouth without  saying how bad US is?",Thanatine,0,1jsejry,2025-04-06 11:32:38,-0.5588,negative
mmjye65,"Document yourself more, see more points of view and make your own opinion instead of repeating what you read.",None,1,1jsejry,2025-04-11 12:44:54,0.0,neutral
mlomc4g,"Tibetan, Uyghur and Mongolian populations in China have only RISEN since the CPC came to power in 1949… there has never been a single dip in their population chart, look it up, it only goes up and up. That’s a genocide? Meanwhile 100 million native Americans literally vanished from the face of the planet thanks to US policies",bolshevikos,2,1jsejry,2025-04-06 11:21:07,0.4404,positive
mlq0uho,"Oh I'm sorry,can I know your race and country.

So I can be intellectual and intellegent racist./s",well_well_Regarded,1,1jsejry,2025-04-06 16:41:18,0.552,positive
mlo0i3c,"Cheers mate, yeah really no point, even if they were human, they don’t act like it anymore, they are just robots with a flesh condom 😂",None,1,1jsejry,2025-04-06 07:29:52,0.6494,positive
mlotgx4,Yeah the genocide which us and Europe talks accordingly  only when needed.,well_well_Regarded,1,1jsejry,2025-04-06 12:22:45,0.296,positive
mlnlvuh,"It is visa-free, lol. How else did I visit without one?

Maybe check the list of visa-free countries to China?",CarrotDesign,0,1jsejry,2025-04-06 05:12:50,0.4871,positive
mlnlxkv,The only police checks were when I was entering a train or airport.,CarrotDesign,0,1jsejry,2025-04-06 05:13:15,0.0,neutral
mlnxquy,Idiot lol,None,0,1jsejry,2025-04-06 07:01:59,-0.128,negative
mlmwb64,"I'm not quite sure what you mean by that,

You mentioned that China has its own problems, and that's something we all know; every country has its own problems, and no place is perfect. If you could point out specifically where it has issues, I think that would be more helpful to the audience than just saying something everyone already knows.",zhdovelie,2,1jsejry,2025-04-06 02:01:09,-0.2467,negative
mln0eii,You think palestine has had zero problems?,Emotional-Cherry478,2,1jsejry,2025-04-06 02:29:11,-0.4019,negative
mlmu31x,Those muslims are literally being put in concentration camps and ethnically homogeneous obviously meant the presence of external ethinicites.  All large countries have their own internal regional variations. China still has the scars from the cultural revolution which was exactly to breed uniformity which goes hand in hand with xenophobia,Mediocre-Subject4867,1,1jsejry,2025-04-06 01:46:21,0.7506,positive
mmekm0t,Tianmen square,Fragrant_Sir2020,0,1jsejry,2025-04-10 15:38:20,0.0,neutral
mlo5rzv,What? Learn forming a readable sentence before you go online and fabricate some lies. I literally just saw a news a guy won 10 million from Starbucks for hot coffee spilling at drive thru lmao. GTFO,Thanatine,-1,1jsejry,2025-04-06 08:25:47,0.7269,positive
mlryc54,Haha ok. You can be paranoid when I got jailed for criticizing Trump. Before that STFU and pay some respect to the real freedom fighters in China,Thanatine,0,1jsejry,2025-04-06 23:00:35,0.6369,positive
mlu2swl,Oh cool so Trump's ignorance is now the whole USA's fault? Fuck you,Thanatine,1,1jsejry,2025-04-07 09:04:41,-0.7703,negative
mlnpre0,"😂 WTF is this weak argument. It's so bad I don't even know where to begin.

You're the one trying to paint US is not better than China, remember? Or is that something too far ago for your big brain?",Thanatine,-2,1jsejry,2025-04-06 05:47:30,-0.9476,negative
mlqbu7v,"Listen US is pretty bullshit but for living conditions of the middle class(The Majority), US is definitely better(FOR NOW)",SoundSubject,1,1jsejry,2025-04-06 17:39:04,0.5023,positive
mlpm2md,pipe down pajeet,Lazy_Future_8621,0,1jsejry,2025-04-06 15:20:43,0.0,neutral
mlrzkp4,"Well-functiong 🤣 You are just a pathetic tankie who never set foot in China or know any Chinese.

Yeah it's so good their patients kill doctors.",Thanatine,0,1jsejry,2025-04-06 23:08:01,-0.6133,negative
mmjxyne,"Telling you that you are wrong is not attacking you, you are sensitive or precious.",None,0,1jsejry,2025-04-11 12:42:09,0.4731,positive
mmgc0zx,"If you want respect why don't you stop insulting another country and start showing it some respect yourself (it was OP who started insulting China)? The ball is on your court to change your frame of mind and take in more perspectives to that country than just yours, but of course this is more about hatred than understanding.

I'm not supporting any government as much as I'm exposing chauvinism from a neo colonial one that invaded dozens of countries, regime changed killed millions of civilians over the last 70 years, all the while fabricating lies and atrocity propaganda to justify their disastrous colonialism to compliant civs like you. And now another country is rising to topple your global hegemony you run amok like headless chickens scared your ability to keep being no.1 global bully is over.

Virtually everyone who wants to view the outside internet in China uses a VPN which the government deliberately turns a blind eye to. Everything else you mentioned why don't you take a mirror, and look around the country you're in yourself? Oh it's always China bad China bad, meanwhile fuck Edward Snowden, I'm a shill for the PRISM program, Meta and all US companies keep collecting every aspect about my life can keep selling all to US government, I don't care as long as you give me scapegoat to say China bad.

The Chinese do not value the american interpretation of freedom that is to insult anyone like politicians whenever they feel like it. Theyre pragmatists who value respect and structure and they don't care about their right to say this guy is a clownhead as long as they can voice and impact the policies which they do, but that's inconvenient for your narrative.

Keep singing how free America is. Meanwhile free America locks up 4X more of its own people in prison than authoritarian China. Shameless. One must learn to fix themselves first before they go insulting others with some sort of superiority complex.",friedspeghettis,1,1jsejry,2025-04-10 20:47:15,-0.9937,negative
mlwn4qz,You have to be trolling,bigriggs24,0,1jsejry,2025-04-07 18:40:32,0.0,neutral
mlonhrk,"Same argument used by zionists lol, what percentage of their land is inhabited by Han Chinese now compared to a hundred years ago , but it’s okay since their population actually goes up!",None,0,1jsejry,2025-04-06 11:31:55,0.4199,positive
mlq1g0a,You made a statement as if you knew lol what’s with the backpedaling,None,1,1jsejry,2025-04-06 16:44:31,0.4215,positive
mlnuk09,look at your profile pic and look at knowledge is powers profile pic ? did you forget you were on an alt account or are we communicating with CCP bots,titancreamy,1,1jsejry,2025-04-06 06:32:16,-0.2263,negative
mlnuo3e,nice try ccp,titancreamy,1,1jsejry,2025-04-06 06:33:18,0.4215,positive
mlo4gcl,nice try ccp,titancreamy,0,1jsejry,2025-04-06 08:11:29,0.4215,positive
mln8h90,"1. Genocide

2. Corrupt government which cares more about gaining power than helping their people.

3. China is still a very poor country and yet they censor information about it in order to not seem as poor to other countries. People have tried filiming documentaries and been denied.

4. China is an totalitarian surveillance state where people are able to be arrested for simple things such as speaking out against the government.

  
Shameful to see people defending this and shameful to see the US go down the same path.",DowwnWardSpiral,1,1jsejry,2025-04-06 03:27:27,-0.9517,negative
mln87d1,"What you said is not what my comment said at all lol.

If you think no place is perfect therefore genocide is fine to commit then you have a real problem.",DowwnWardSpiral,1,1jsejry,2025-04-06 03:25:24,0.6808,positive
mlnfg03,"There is more than one ethnic group that is Muslim and none of them are in concentration camps. 

The people who experienced the cultural revolution are all the elderly but remembering the cultural revolution doesn’t lead to hating black and brown travelers lol",lockdownfever4all,1,1jsejry,2025-04-06 04:19:32,-0.1901,negative
mlqnx34,Please differentiate between Muslims and terrorists. They are not the same and is extremely islamophobic for you to suggest that.,Exploding_Pie,1,1jsejry,2025-04-06 18:42:28,-0.4215,negative
mmem7cj,"Funny, that was the same cause back then too. Except rioters stopped that from happening. The student leaders were actually close to an agreement with the government. Maybe don't lynch unarmed soldiers, burn their bodies, and hang them over bridges.",Exploding_Pie,1,1jsejry,2025-04-10 15:46:11,0.6369,positive
mltun62,Radio free Asia is closed. Freedom fighters lost.,DiaperForce,1,1jsejry,2025-04-07 07:33:08,0.7184,positive
mlqc3q6,"Nah,it ain't(For Now)
It has lost the game.",well_well_Regarded,1,1jsejry,2025-04-06 17:40:26,-0.3182,negative
mlsggz4,"It is efficient, only 25¥ (3.50$) for a doctor visit and cheap medicine. People can still go bankrupt for some illnesses tho so theres room to improve in more socialized health care",lockdownfever4all,0,1jsejry,2025-04-07 00:53:12,0.3321,positive
mlonng9,"It’s not true about Palestinians though, their population plummets in years of direct war in the charts. In the Chinese charts there’s not a single plummet.",bolshevikos,1,1jsejry,2025-04-06 11:33:23,-0.7377,negative
mlq1n23,"Not backpedaling,said American because they are ones hating on China because their masters said so.",well_well_Regarded,1,1jsejry,2025-04-06 16:45:33,-0.5106,negative
mlo091p,"Nice try CIA bot. Check your comment history: ALL ANTI CHINESE COMMENTARY. Have you finished your task of ""China collapsed"" today?",Oswinthegreat,2,1jsejry,2025-04-06 07:27:13,-0.3254,negative
mlo4hxs,"You're very odd, mate.",CarrotDesign,1,1jsejry,2025-04-06 08:11:57,-0.3804,negative
mlotjm9,"Lmao,CIA trying to shame a Chinese person.",well_well_Regarded,1,1jsejry,2025-04-06 12:23:22,-0.4767,negative
mlqopbh,Those checkpoints are staffed by Uyghur police officers because Xinjiang is a terrorism hotspot. It literally borders Afghanistan,Exploding_Pie,1,1jsejry,2025-04-06 18:46:39,-0.6808,negative
mloc17n,This sounds hella familiar ngl,fanetoooo,1,1jsejry,2025-04-06 09:34:14,0.0,neutral
mlotssp,"The the genocide of afganis,Iraqis,red indians, Bangladeshis and much more with the help of USA.

Look who's talking about corruption,lol.

Poor- lol.

You are nothing more than simp for American terrorists government.",well_well_Regarded,1,1jsejry,2025-04-06 12:25:24,-0.3477,negative
mlntngk,"He said no where in the world is perfect, and you said tell that to palestine, implying Palestine is perfect, which is not perfect as they had just gone through a genocide, how dare you",Emotional-Cherry478,1,1jsejry,2025-04-06 06:23:54,0.872,positive
mlniw6n,then continue living in your delusional where china is the only country on earth where basic human nature doesnt exist and nothing bad ever happens.,Mediocre-Subject4867,0,1jsejry,2025-04-06 04:47:34,0.431,positive
mmesk34,"What are you on mate, they literally used tanks",Fragrant_Sir2020,1,1jsejry,2025-04-10 16:17:28,0.0,neutral
mlsm3dl,Affordable healthcare is not something exclusive to China. Period. Every nation except US in the free world has it. Don't talk about it as if it's some achievements exclusive in China.,Thanatine,0,1jsejry,2025-04-07 01:30:05,0.3736,positive
mloo7xk,"https://en.m.wikipedia.org/wiki/Demographics_of_Palestine 
There are no dramatic plummets due to the war, Zionist tier ah argument.",None,1,1jsejry,2025-04-06 11:38:33,-0.8225,negative
mlq1uyr,"I’m really confused, you speaking in third person?",None,1,1jsejry,2025-04-06 16:46:44,-0.3804,negative
mlo540i,nice b8 m8 i r8 8/8,titancreamy,1,1jsejry,2025-04-06 08:18:33,0.6369,positive
mlp4pfd,"nice try, ccpenis",titancreamy,1,1jsejry,2025-04-06 13:41:56,0.4215,positive
mlnq8pk,"Lol I mean I have lived and traveled here for more than a decade. The majority of trips, or the norm as we were speaking about, have gone smoothly. China of course does have psychos and racists as any country but you most likely won’t encounter one popping around tourist destinations",lockdownfever4all,1,1jsejry,2025-04-06 05:51:56,-0.09,negative
if3iqg0,Up vote so speed sees it 🤣,Professional_Lead931,48,vsv1qr,2022-07-06 17:13:04,0.0,neutral
if3q1lr,why is this so well made 💀💀💀💀,xXCreeperBrosXx,28,vsv1qr,2022-07-06 18:01:39,0.4101,positive
if3nzbp,Speed gang,Anthonytheemo,5,vsv1qr,2022-07-06 17:47:55,0.0,neutral
if3nfxl,Speed gang,Hungry_Plastic6140,4,vsv1qr,2022-07-06 17:44:19,0.0,neutral
if3phz8,💀💀,CaramelLopsided8642,2,vsv1qr,2022-07-06 17:58:00,0.0,neutral
if3qc6g,I love reddit,None,2,vsv1qr,2022-07-06 18:03:40,0.6369,positive
if3v0rh,ronaldo is proud speed,gonca21233,2,vsv1qr,2022-07-06 18:35:59,0.4767,positive
if484ti,Original deserves credit. https://twitter.com/theorus_/status/1544640077518741504?s=21&t=ACmuDZvNzu_ErSuQhj0_cw,mt2oo8,2,vsv1qr,2022-07-06 20:08:35,0.5994,positive
if4288e,IT’s from a French editor on tiktok !!!,CommunityConnect3488,0,vsv1qr,2022-07-06 19:26:42,0.0,neutral
ivfjtce,Yo speed I love ya,No-External-3909,0,vsv1qr,2022-11-07 16:37:37,0.6369,positive
if3z39l,this shit ain’t funny dude,None,-1,vsv1qr,2022-07-06 19:04:26,-0.1779,negative
if3o0nb,Best edit,CandyCane147,1,vsv1qr,2022-07-06 17:48:10,0.6369,positive
if3qq9y,W edit,professional_arson,1,vsv1qr,2022-07-06 18:06:20,0.0,neutral
if3tlod,This is soooo clean needs to be top post,No-Peanut-9109,1,vsv1qr,2022-07-06 18:26:08,0.5423,positive
if3uibd,Best one,EmmanuelK7,1,vsv1qr,2022-07-06 18:32:27,0.6369,positive
if3xz2o,"yoo W

this is so creative and the best one yet",cutekat12092,1,vsv1qr,2022-07-06 18:56:41,0.8377,positive
if3z2zx,Never play with TNT kids,StrxmFaZe,1,vsv1qr,2022-07-06 19:04:23,-0.2584,negative
if3z7n6,🤣🤣everyone up vote do speed sees,Realistic_Ice_3874,1,vsv1qr,2022-07-06 19:05:18,0.0,neutral
if408gp,This thing is so realistic,ArinKamaran,1,vsv1qr,2022-07-06 19:12:35,0.0,neutral
if40z46,Bro,yomods,1,vsv1qr,2022-07-06 19:17:53,0.0,neutral
if410hk,how y’all so quick with these 😭,None,1,vsv1qr,2022-07-06 19:18:09,0.0,neutral
if41d27,Mest up,FarReading6249,1,vsv1qr,2022-07-06 19:20:37,0.0,neutral
if439uk,💀 bruhh,Mother-Criticism2207,1,vsv1qr,2022-07-06 19:34:04,0.0,neutral
if457ej,good one hehe,brain_hunter22,1,vsv1qr,2022-07-06 19:47:46,0.4404,positive
if45aad,Lmao,IWork4Speed,1,vsv1qr,2022-07-06 19:48:20,0.5994,positive
if45evs,legendary,None,1,vsv1qr,2022-07-06 19:49:13,0.0,neutral
if45jk5,OHMYGOD HAHAHAHAHAH LMFAO XDD,None,1,vsv1qr,2022-07-06 19:50:09,0.5423,positive
if4a77k,u/savevideo,Well_mp3,1,vsv1qr,2022-07-06 20:22:53,0.0,neutral
if4pb2e,u/RedditMP4bot,Junior_Mess_5491,1,vsv1qr,2022-07-06 22:07:42,0.0,neutral
if4zetq,oh nah 💀,Conscious1133,1,vsv1qr,2022-07-06 23:20:41,-0.1027,negative
if50fh6,Speed saw it,Dense-Couple740,1,vsv1qr,2022-07-06 23:28:19,0.0,neutral
if56y1x,Damnnn i dont wanna laugh but i laughed hahahahah,TechnicianCool8965,1,vsv1qr,2022-07-07 00:17:04,0.4657,positive
if60ycw,This is mad impressive ngl,Agreeable_Data1951,1,vsv1qr,2022-07-07 04:17:23,0.0258,neutral
if6aapz,Pikachu really used thunderbolt on his house,burnedchickennugget6,1,vsv1qr,2022-07-07 05:55:39,0.0,neutral
if6syqv,That looks so realistic alay,SpeedGang901,1,vsv1qr,2022-07-07 10:01:11,0.0,neutral
if6utwj,u/savevideo,Silly_Offer_2728,1,vsv1qr,2022-07-07 10:25:36,0.0,neutral
if7240s,It aint funny that it happend,Bron77333,1,vsv1qr,2022-07-07 11:47:54,-0.3412,negative
if7f247,W,No-Idea590,1,vsv1qr,2022-07-07 13:39:38,0.0,neutral
if7kgu0,Cacabox all night,Fantoc7,1,vsv1qr,2022-07-07 14:19:33,0.0,neutral
if7nw6s,[removed],None,1,vsv1qr,2022-07-07 14:43:31,0.0,neutral
if7uu51,[deleted],None,1,vsv1qr,2022-07-07 15:30:14,0.0,neutral
if80u02,💀😭😭😭,Temporary_Aide4063,1,vsv1qr,2022-07-07 16:09:30,0.0,neutral
if86rqz,Fax,None,1,vsv1qr,2022-07-07 16:47:57,0.0,neutral
if8uw2j,u/savevideo,Other_Alarm_3097,1,vsv1qr,2022-07-07 19:22:22,0.0,neutral
ifam92o,Hahahaha,Speddyboy123,1,vsv1qr,2022-07-08 02:47:39,0.0,neutral
ifb59lu,I knew this was gonna be a meme,No-Bad-3655,1,vsv1qr,2022-07-08 05:36:37,0.0,neutral
ifkau1c,[removed],None,1,vsv1qr,2022-07-10 05:24:11,0.0,neutral
ifkb10s,u/SaveVideo,Little-Try-8853,1,vsv1qr,2022-07-10 05:26:27,0.0,neutral
ifln4o1,Bro what 💀,Ashermekasher,1,vsv1qr,2022-07-10 14:43:18,0.0,neutral
ifne986,Hahhaah,Character_Cut_510,1,vsv1qr,2022-07-10 22:18:14,0.0,neutral
ig5kray,speed was so scared he called for his ma,SurgeFN803,1,vsv1qr,2022-07-14 17:39:10,-0.5777,negative
ig8nxox,It looks so real wtf,None,1,vsv1qr,2022-07-15 08:34:32,-0.6222,negative
igjk1u3,Haha,None,1,vsv1qr,2022-07-17 17:59:05,0.4588,positive
igsox43,LMAO,Dear-Friendship-207,1,vsv1qr,2022-07-19 16:31:51,0.5994,positive
igvt0m5,😂😂😂,QueeezFr,1,vsv1qr,2022-07-20 05:54:57,0.0,neutral
igvths5,😂😂😂,QueeezFr,1,vsv1qr,2022-07-20 06:00:26,0.0,neutral
ih3snhc,That call common Sense 🤓,Brave_Ad_997,1,vsv1qr,2022-07-21 21:20:16,0.0,neutral
ih9f6nn,*Jenny appears*,Kind_Establishment71,1,vsv1qr,2022-07-23 00:21:27,0.0,neutral
iilnn8i,Perfection,Pece17,1,vsv1qr,2022-08-02 03:58:49,0.5719,positive
iixh6yc,Chat this is a L edit  🤣,YoutubeFNOGAVin,1,vsv1qr,2022-08-04 15:49:39,0.0,neutral
is0b5hu,Actually perfect tho 💀,TheBlueNinja2006,1,vsv1qr,2022-10-12 11:29:03,0.5719,positive
j2qyoju,😂 Lol. Speed moment in Minecraft,ShadowXzoro,1,vsv1qr,2023-01-03 09:08:37,0.4215,positive
jegrwxd,Cash app me adamrankin20,phillmycrackin,1,vsv1qr,2023-03-31 22:16:09,0.0,neutral
jnxdumt,IT'S BEEN 11 MONTHS? Time moves crazy fast,DCrayfish2,1,vsv1qr,2023-06-12 20:42:46,-0.34,negative
kjvzzwd,😭,KaiTheGoat7,1,vsv1qr,2024-01-28 01:30:22,0.0,neutral
if3kttb,[deleted],None,16,vsv1qr,2022-07-06 17:26:55,0.0,neutral
if6muup,Ok,faze12EZ21,3,vsv1qr,2022-07-07 08:37:26,0.296,positive
if3ytc5,Because it's theorus who you should check his work on twitter it's so clean,Bright_Mistake2157,13,vsv1qr,2022-07-06 19:02:31,0.541,positive
if4fh4e,L,None,0,vsv1qr,2022-07-06 20:59:03,0.0,neutral
if4g7u7,You're right. It's hilarious,VomitMaiden,0,vsv1qr,2022-07-06 21:04:11,0.4019,positive
if8c4pt,He literally did it on purpose for the clout tho💀,ICYstackz,1,vsv1qr,2022-07-07 17:22:23,0.0,neutral
if3v17k,Please get it top I want speed to see it,Professional_Lead931,3,vsv1qr,2022-07-06 18:36:04,0.5267,positive
if4a7hv,"###[View link](https://redditsave.com/r/Ishowspeed/comments/vsv1qr/speed/)


 --- 
 [**Info**](https://np.reddit.com/user/SaveVideo/comments/jv323v/info/)&#32;|&#32; [**Feedback**](https://np.reddit.com/message/compose/?to=Kryptonh&subject=Feedback for savevideo)&#32;|&#32;[**Donate**](https://ko-fi.com/getvideo) &#32;|&#32; [**DMCA**](https://np.reddit.com/message/compose/?to=Kryptonh&subject=Content removal request for savevideo&message=https://np.reddit.com//r/Ishowspeed/comments/vsv1qr/speed/) &#32;|&#32; 
 [^(reddit video downloader)](https://redditsave.com) &#32;|&#32; [^(download video tiktok)](https://taksave.com)",SaveVideo,1,vsv1qr,2022-07-06 20:22:56,0.0,neutral
if6uu42,"###[View link](https://redditsave.com/r/Ishowspeed/comments/vsv1qr/speed/)


 --- 
 [**Info**](https://np.reddit.com/user/SaveVideo/comments/jv323v/info/)&#32;|&#32; [**Feedback**](https://np.reddit.com/message/compose/?to=Kryptonh&subject=Feedback for savevideo)&#32;|&#32;[**Donate**](https://ko-fi.com/getvideo) &#32;|&#32; [**DMCA**](https://np.reddit.com/message/compose/?to=Kryptonh&subject=Content removal request for savevideo&message=https://np.reddit.com//r/Ishowspeed/comments/vsv1qr/speed/) &#32;|&#32; 
 [^(reddit video downloader)](https://redditsave.com) &#32;|&#32; [^(download video tiktok)](https://taksave.com)",SaveVideo,1,vsv1qr,2022-07-07 10:25:41,0.0,neutral
if7nwky,"###[View link](https://redditsave.com/r/Ishowspeed/comments/vsv1qr/speed/)


 --- 
 [**Info**](https://np.reddit.com/user/SaveVideo/comments/jv323v/info/)&#32;|&#32; [**Feedback**](https://np.reddit.com/message/compose/?to=Kryptonh&subject=Feedback for savevideo)&#32;|&#32;[**Donate**](https://ko-fi.com/getvideo) &#32;|&#32; [**DMCA**](https://np.reddit.com/message/compose/?to=Kryptonh&subject=Content removal request for savevideo&message=https://np.reddit.com//r/Ishowspeed/comments/vsv1qr/speed/) &#32;|&#32; 
 [^(reddit video downloader)](https://redditsave.com) &#32;|&#32; [^(download video tiktok)](https://taksave.com)",SaveVideo,1,vsv1qr,2022-07-07 14:43:36,0.0,neutral
if7uzqz,"###[View link](https://redditsave.com/info?url=/r/Ishowspeed/comments/vsv1qr/speed/)


 --- 
 [**Info**](https://np.reddit.com/user/SaveVideo/comments/jv323v/info/)&#32;|&#32; [**Feedback**](https://np.reddit.com/message/compose/?to=Kryptonh&subject=Feedback for savevideo)&#32;|&#32;[**Donate**](https://ko-fi.com/getvideo) &#32;|&#32; [**DMCA**](https://np.reddit.com/message/compose/?to=Kryptonh&subject=Content removal request for savevideobot&message=https://np.reddit.com//r/Ishowspeed/comments/vsv1qr/speed/)",savevideobot,1,vsv1qr,2022-07-07 15:31:16,0.0,neutral
if8uwli,"###[View link](https://redditsave.com/r/Ishowspeed/comments/vsv1qr/speed/)


 --- 
 [**Info**](https://np.reddit.com/user/SaveVideo/comments/jv323v/info/)&#32;|&#32; [**Feedback**](https://np.reddit.com/message/compose/?to=Kryptonh&subject=Feedback for savevideo)&#32;|&#32;[**Donate**](https://ko-fi.com/getvideo) &#32;|&#32; [**DMCA**](https://np.reddit.com/message/compose/?to=Kryptonh&subject=Content removal request for savevideo&message=https://np.reddit.com//r/Ishowspeed/comments/vsv1qr/speed/) &#32;|&#32; 
 [^(reddit video downloader)](https://redditsave.com) &#32;|&#32; [^(download video tiktok)](https://taksave.com)",SaveVideo,1,vsv1qr,2022-07-07 19:22:28,0.0,neutral
ifkb1es,"###[View link](https://redditsave.com/r/Ishowspeed/comments/vsv1qr/speed/)


 --- 
 [**Info**](https://np.reddit.com/user/SaveVideo/comments/jv323v/info/)&#32;|&#32; [**Feedback**](https://np.reddit.com/message/compose/?to=Kryptonh&subject=Feedback for savevideo)&#32;|&#32;[**Donate**](https://ko-fi.com/getvideo) &#32;|&#32; [**DMCA**](https://np.reddit.com/message/compose/?to=Kryptonh&subject=Content removal request for savevideo&message=https://np.reddit.com//r/Ishowspeed/comments/vsv1qr/speed/) &#32;|&#32; 
 [^(reddit video downloader)](https://redditsave.com) &#32;|&#32; [^(download video tiktok)](https://taksave.com)",SaveVideo,1,vsv1qr,2022-07-10 05:26:34,0.0,neutral
if4gbtu,his fucking family could’ve died???? including him.,None,0,vsv1qr,2022-07-06 21:04:58,0.0,neutral
ig5cvjo,ay homie KSI reacted to this vid you made it,No-Peanut-9109,1,vsv1qr,2022-07-14 16:49:26,0.0,neutral
if7xgut,you have no humor,Happy-Supermarket-68,1,vsv1qr,2022-07-07 15:47:32,-0.0258,neutral
mkt0p5g,"I didn't find any posts that meet the matching requirements for r/Ishowspeed.

It might be OC, it might not. Things such as JPEG artifacts and cropping may impact the results.

[View Search On repostsleuth.com](https://www.repostsleuth.com/search?postId=1jomybf&sameSub=true&filterOnlyOlder=true&memeFilter=true&filterDeadMatches=false&targetImageMatch=100&targetImageMemeMatch=100)

---

**Scope:** This Sub | **Target Percent:** 100% | **Max Age:** 0 | **Searched Images:** 786,583,932 | **Search Time:** 0.29804s",RepostSleuthBot,1,1jomybf,2025-04-01 04:12:51,0.0,neutral
mkteoze,it is dangerously accurate,Saw_Good_Man,8,1jomybf,2025-04-01 06:20:34,-0.4588,negative
mkt3k94,Dear God,bruhAd6630,4,1jomybf,2025-04-01 04:36:01,0.5719,positive
mktfzro,😂,Foreiigncee,2,1jomybf,2025-04-01 06:34:12,0.0,neutral
mktho6l,Watching the stream I can felt Super idol was visibly being uncomfortable while Speed was being super freaky,CesarOverlorde,2,1jomybf,2025-04-01 06:52:10,0.5719,positive
mktiixg,It's so accurate 😂,None,1,1jomybf,2025-04-01 07:01:28,0.0,neutral
mktp35t,😂,user2453355,1,1jomybf,2025-04-01 08:15:34,0.0,neutral
mkvu9e0,Calk me im an ass 4109913876,Competitive_Cap5928,1,1jomybf,2025-04-01 17:05:43,-0.5423,negative
mkwmk7x,Hell nah that's accurate enough,Nutty-boi69,1,1jomybf,2025-04-01 19:30:00,-0.7184,negative
mkztfh9,[https://www.youtube.com/@ChatVerse-43](https://www.youtube.com/@ChatVerse-43),aakrish43,1,1jomybf,2025-04-02 08:49:57,0.0,neutral
ml60ra0,bro finally met his super idol,Reasonable_Leg5212,1,1jomybf,2025-04-03 08:08:03,0.5994,positive
mlbxfiz,I wasn't expecting this.,v4lx_s,1,1jomybf,2025-04-04 05:58:51,0.0,neutral
mlcsn7l,oh wow bruh,Galactic_Rider77,1,1jomybf,2025-04-04 11:08:55,0.5859,positive
mluyqoc,HAHAHA,blitz2czar,1,1jomybf,2025-04-07 13:27:53,0.5574,positive
mly15co,Is I'm the only one who noticed the eyes of the guys beside speed just looks like venoms eyes. 🤔🤔🧐,iamAkaza,1,1jomybf,2025-04-07 23:08:50,0.3612,positive
ml9efay,There's more..,johndoe5442,1,1jomybf,2025-04-03 20:20:00,0.0,neutral
mleshhj,no,1mgsel,1,1jomybf,2025-04-04 17:48:51,-0.296,negative
mll21ws,This is a bucket,benjaminbuckets3,1,1jomybf,2025-04-05 19:16:32,0.0,neutral
m8h25si,"I didn't find any posts that meet the matching requirements for r/Ishowspeed.

It might be OC, it might not. Things such as JPEG artifacts and cropping may impact the results.

[View Search On repostsleuth.com](https://www.repostsleuth.com/search?postId=1i71dz8&sameSub=true&filterOnlyOlder=true&memeFilter=true&filterDeadMatches=false&targetImageMatch=100&targetImageMemeMatch=100)

---

**Scope:** This Sub | **Target Percent:** 100% | **Max Age:** 0 | **Searched Images:** 724,964,239 | **Search Time:** 0.26323s",RepostSleuthBot,1,1i71dz8,2025-01-22 03:11:38,0.0,neutral
m8nw5f2,Accurate,Ok-Event-2006,3,1i71dz8,2025-01-23 03:21:41,0.0,neutral
m8ts1jk,dn ʞɔnɟ ǝɥʇ ʇnɥs ɐƃƃı̣u sןԀ 🙏💀,None,5,1i71dz8,2025-01-24 00:36:48,0.0,neutral
m90z9wb,Certificate should have said Skibidi Rizz Ohio Gyatt Fanum Tax,LaZeeBoi1998,2,1i71dz8,2025-01-25 02:30:24,0.0,neutral
m91gu0a,Congratulations speed 🙏🏼you earned that,PlaqueBoyLenn,2,1i71dz8,2025-01-25 04:21:35,0.5994,positive
m8qd864,Real,JamesnahYT,1,1i71dz8,2025-01-23 14:57:10,0.0,neutral
m8rht05,New reaction image just dropped,None,1,1i71dz8,2025-01-23 18:07:25,0.0,neutral
m8rwtct,Вы правы,invalide29,1,1i71dz8,2025-01-23 19:15:36,0.0,neutral
m8s4wq1,Bro wearing Argentina kit ?,OnePhilosopher3548,1,1i71dz8,2025-01-23 19:52:08,0.0,neutral
m8t1737,Good boy,Supercreamynut,1,1i71dz8,2025-01-23 22:19:51,0.4404,positive
m8unha3,Someone finally realize it and gave it a show,Acceptable-Snow-5700,1,1i71dz8,2025-01-24 03:37:55,0.0,neutral
m8yblyd,https://www.youtube.com/live/XylL6ba71G8?si=xCidr6MdWGZbmUBH,Tanmay_V,1,1i71dz8,2025-01-24 18:24:25,0.0,neutral
m8yfpf8,That's why he is the goat,Nutty-boi69,1,1i71dz8,2025-01-24 18:43:22,0.0,neutral
m8ylbna,🤣🤣,Ok-Hippo-9868,1,1i71dz8,2025-01-24 19:09:23,0.0,neutral
m91ycx5,What the💀,MIKE_4926,1,1i71dz8,2025-01-25 06:42:49,0.0,neutral
m93afzr,😐💀,IngenuityGold7021,1,1i71dz8,2025-01-25 14:06:13,0.0,neutral
m95fmyc,What's that mean????,tinatinama,1,1i71dz8,2025-01-25 20:33:45,0.0,neutral
m95sfuv,wow..,mercyzov,1,1i71dz8,2025-01-25 21:38:36,0.0,neutral
m97tmk5,ᦓꫝꪊꪻ ꪻꫝꫀ ᠻꪊᥴᛕ ꪊρ ꪀ꠸ᧁᧁꫀ᥅😹,RedmiNote13Pro_Hype,1,1i71dz8,2025-01-26 04:41:18,0.0,neutral
m98c6dh,Real,Youngscoped,1,1i71dz8,2025-01-26 07:13:53,0.0,neutral
m996zqg,What country is that?,lubianyktos,1,1i71dz8,2025-01-26 12:19:03,0.0,neutral
m9amagd,"Seriously I
His behaviour looks like a mentally challenged child.",None,1,1i71dz8,2025-01-26 17:14:20,0.1027,positive
m9etlso,Wtf speed,Kyle_3mk,1,1i71dz8,2025-01-27 06:15:37,-0.5859,negative
mh8adb7,H,couche_,1,1i71dz8,2025-03-11 16:46:14,0.0,neutral
m8v0vlg,💀,BreadSignal5761,1,1i71dz8,2025-01-24 05:03:10,0.0,neutral
m944ped,Blyat,SonVolts,1,1i71dz8,2025-01-25 16:46:06,0.0,neutral
m8svc89,"Cause he went to Argentina, he wore an Argentina kit with number 7 and the name speed",Guru_Pagkolin,1,1i71dz8,2025-01-23 21:52:31,0.0772,positive
m90zksy,He's the true Rizzler,LaZeeBoi1998,1,1i71dz8,2025-01-25 02:32:10,0.4215,positive
mmo357i,Lol true,Puzzled-Effect7404,1,1i71dz8,2025-04-12 02:09:48,0.6808,positive
m9gfm24,"Argentina, the best country in the world.",OptimalAnywhere6282,1,1i71dz8,2025-01-27 14:29:16,0.6369,positive
m9a6lrf,Сука блядь,bisa-alwaez,1,1i71dz8,2025-01-26 15:58:39,0.0,neutral
md1jgbg,"Да простит тебя Бог за ругательства, как и я ругался, молодой человек.",SonVolts,1,1i71dz8,2025-02-16 08:05:29,0.0,neutral
md1uj2a,"Хз, я атеист",bisa-alwaez,1,1i71dz8,2025-02-16 09:58:24,0.0,neutral
mfu8iav,"I didn't find any posts that meet the matching requirements for r/Ishowspeed.

It might be OC, it might not. Things such as JPEG artifacts and cropping may impact the results.

[View Search On repostsleuth.com](https://www.repostsleuth.com/search?postId=1j2scq4&sameSub=true&filterOnlyOlder=true&memeFilter=true&filterDeadMatches=false&targetImageMatch=100&targetImageMemeMatch=100)

---

**Scope:** This Sub | **Target Percent:** 100% | **Max Age:** 0 | **Searched Images:** 761,156,618 | **Search Time:** 0.29926s",RepostSleuthBot,1,1j2scq4,2025-03-03 20:22:41,0.0,neutral
mfw38wk,Was bro that fat,DarkShadowdSpirit,18,1j2scq4,2025-03-04 02:08:50,0.0,neutral
mfulamg,He's so cute,kabbob__,14,1j2scq4,2025-03-03 21:22:38,0.5095,positive
mfy36s4,Why does he look like Peter Griffin but in black 😶,lol-thats-me,6,1j2scq4,2025-03-04 11:58:57,0.1901,positive
mfxr3tx,"does it say ""soceity"" 💀💀💀",uu-u_u-uu,4,1j2scq4,2025-03-04 10:08:40,0.0,neutral
mfwbll3,I show fat,JazzyJulie4life,3,1j2scq4,2025-03-04 02:56:40,0.0,neutral
mg0oiw7,peter griffin???,Mountain-Poetry2899,3,1j2scq4,2025-03-04 19:57:10,0.0,neutral
mg0y7gx,Ishowfat,KebabEater31,3,1j2scq4,2025-03-04 20:41:53,0.0,neutral
mfyiarv,Bro tried to imitate lebron on that photo 😭,Upper-Grocery4751,2,1j2scq4,2025-03-04 13:40:30,0.0,neutral
mg01ewn,Bro looks like a roblox character,Ignite_5,2,1j2scq4,2025-03-04 18:10:09,0.3612,positive
mg6d8b0,Ayo 😂😂,Jeese-Pinkman,2,1j2scq4,2025-03-05 17:12:17,0.0,neutral
mggta84,More like black peter,ButterscotchLoud151,2,1j2scq4,2025-03-07 05:51:25,0.4201,positive
mghizvj,Looks like a South Park character,RD312,2,1j2scq4,2025-03-07 09:57:41,0.3612,positive
mgnu3et,"If he sees his bundle, he will start barking.😂😂",Icy-Task-5167,2,1j2scq4,2025-03-08 10:00:40,0.0,neutral
mgotmbw,Isurepeed,Substantial-Tea614,2,1j2scq4,2025-03-08 14:43:55,0.0,neutral
mfxg64a,is it a filter?,Dramma44,1,1j2scq4,2025-03-04 08:14:14,0.0,neutral
mfxrsqi,I drink pee,None,1,1j2scq4,2025-03-04 10:15:38,0.0,neutral
mfy8btx,bro was kinda adorable,nubilaa,1,1j2scq4,2025-03-04 12:36:47,0.4417,positive
mfysl3z,Ishowcaseoh,None,1,1j2scq4,2025-03-04 14:38:40,0.0,neutral
mfz1ifs,SLOW SPEED,Starry_Night_dreamer,1,1j2scq4,2025-03-04 15:24:22,0.0,neutral
mg3ff6e,Lol,simplebetterking,1,1j2scq4,2025-03-05 04:33:38,0.4215,positive
mg40dy3,there is no way thats a real photo of him,ThatDoodDreadTTV,1,1j2scq4,2025-03-05 07:20:27,-0.296,negative
mg46sg2,He looks like raj from Roald Dahl,DrPerkyKSIforehead,1,1j2scq4,2025-03-05 08:23:24,0.3612,positive
mg4i21y,He look like peter,Impressive_Shape_323,1,1j2scq4,2025-03-05 10:20:57,0.3612,positive
mg4ilni,Diabeto from Family Guy probably (i dunno family guy),TinyImagination1083,1,1j2scq4,2025-03-05 10:26:26,0.0,neutral
mg5k8nn,Is it real tho,Marwan-007,1,1j2scq4,2025-03-05 14:51:50,0.0,neutral
mg8vixk,Ishowslow,myKingSaber,1,1j2scq4,2025-03-06 00:28:12,0.0,neutral
mgdiga6,"Is this real , cauz I have seen some of his photos from him younger days and there also he looks skinny !",nuclester,1,1j2scq4,2025-03-06 18:47:25,0.0,neutral
mgfix1c,Damn....,ahisugawa,1,1j2scq4,2025-03-07 00:56:06,0.0,neutral
mggedhg,why are people actually believing that this is real 😭,New_Lengthiness_4660,1,1j2scq4,2025-03-07 04:04:12,0.0,neutral
mghkbk5,Ishowsped,Apart-Ad-9929,1,1j2scq4,2025-03-07 10:11:27,0.0,neutral
mgpg1et,I show eat,Funny-Fantom,1,1j2scq4,2025-03-08 16:43:02,0.0,neutral
mgqhl80,No way 👀👀👀👀,jkwazza,1,1j2scq4,2025-03-08 19:57:04,-0.296,negative
mgjzkgt,"It looks incredibly fake, and knowing speed he could easily have reacted as if it was real even though he never saw this picture before",Synloc04,0,1j2scq4,2025-03-07 18:43:15,-0.2484,negative
mfy7r03,Not relevant to ishowspeed sub reddit so we have decided to remove the post from the feed. Thank you,PLubmer,-3,1j2scq4,2025-03-04 12:32:47,0.3612,positive
mfxjx33,"Probably, he was at YouTube Society and Minecraft Club at that age😂",Mj_033,8,1j2scq4,2025-03-04 08:54:20,0.0,neutral
mgm07zv,You can tell ts is the fat tiktok filter lol,cweww,1,1j2scq4,2025-03-08 01:13:04,0.4215,positive
mfxrepa,Yeah also Minecraft Club👍🏻,Mj_033,2,1j2scq4,2025-03-04 10:11:43,0.296,positive
mg15p4l,No its Ishowcute,Mj_033,3,1j2scq4,2025-03-04 21:16:27,-0.296,negative
mgpjg04,😂😂,Mj_033,1,1j2scq4,2025-03-08 17:00:26,0.0,neutral
mgpjjcn,Nice one 😂,Mj_033,1,1j2scq4,2025-03-08 17:00:56,0.4215,positive
mg4952i,Nah gng 💔🙏,None,2,1j2scq4,2025-03-05 08:48:00,-0.1027,negative
mg5q4rv,Very much real,Mj_033,1,1j2scq4,2025-03-05 15:21:48,0.0,neutral
mgpjphm,Its real dude🤣,Mj_033,1,1j2scq4,2025-03-08 17:01:49,0.0,neutral
mgqga4t,it's not,New_Lengthiness_4660,1,1j2scq4,2025-03-08 19:50:05,0.0,neutral
m64m1w0,This is like a movie scene bro,MomsSpeghetti21,4,xs8fcj,2025-01-08 22:30:46,0.3612,positive
lyf0dj2,Nahhh this 🥷🏿 wasn't playin hahaha,ciao262882,3,xs8fcj,2024-11-22 14:09:57,-0.4449,negative
iqlpvfs,this aint speed,Coolboibobbyy,2,xs8fcj,2022-10-01 08:28:49,0.0,neutral
iz2t0la,Im gonna cum to you speed,Low_Advance_9362,2,xs8fcj,2022-12-06 01:19:07,0.0,neutral
j9end1t,Hehehehehe,Trick_Charity_7713,2,xs8fcj,2023-02-21 10:54:11,0.0,neutral
k8uj8l2,THE CAMERAMAN 😂,Mexi4You,2,xs8fcj,2023-11-11 22:14:08,0.0,neutral
krtf4xs,"Speed, come to England.",Then_Lecture6241,2,xs8fcj,2024-02-23 20:18:17,0.0,neutral
ls3uck1,Speed gang,Comfortable-Ask4782,2,xs8fcj,2024-10-15 21:43:46,0.0,neutral
iqo5bzj,Lol,ResponsibilitySad868,1,xs8fcj,2022-10-01 21:05:07,0.4215,positive
kdchef0,Chat is this real,Aggravating_Bed_3790,1,xs8fcj,2023-12-14 17:35:27,0.0,neutral
l7jkxtu,Penis,Minute_Big4856,1,xs8fcj,2024-06-07 15:45:43,0.0,neutral
l86d7c8,"Dga
Nega",StringNo9626,1,xs8fcj,2024-06-11 21:13:44,0.0,neutral
l8lqnm8,Bro got panic,Domosluftfilter,1,xs8fcj,2024-06-14 16:45:43,-0.5106,negative
lbkj4na,Dang nigga can fight,Superb_Turnover_458,1,xs8fcj,2024-07-04 08:25:24,-0.3818,negative
lbksrhm,Yeahhh,ArtichokeOne1523,1,xs8fcj,2024-07-04 10:18:02,0.0,neutral
lbksrn7,Fuck him,ArtichokeOne1523,1,xs8fcj,2024-07-04 10:18:05,-0.5423,negative
lbnll98,thats not speed,Bitter_Quality6302,1,xs8fcj,2024-07-04 21:23:06,0.0,neutral
lc1jny9,ishowspeed,Emotional_Skill_9352,1,xs8fcj,2024-07-07 14:17:45,0.0,neutral
lfkaud0,nah run of shame,FewSignature6199,1,xs8fcj,2024-07-29 22:52:48,-0.5423,negative
lquod5h,Bro is dangerous,ElectronicSort1173,1,xs8fcj,2024-10-07 22:38:37,-0.4767,negative
lt9yzri,Swinging at the back of the head is crazy tho,None,1,xs8fcj,2024-10-23 02:02:32,-0.34,negative
ltlswya,Speed Gang,Alternative-Web7209,1,xs8fcj,2024-10-25 00:24:34,0.0,neutral
lv79whf,Speed gang,Regular_Piano5550,1,xs8fcj,2024-11-03 16:44:19,0.0,neutral
ly7158u,Hi,Dear-Letter7657,1,xs8fcj,2024-11-21 03:21:39,0.0,neutral
lzdd3tn,Speed gang,Beginning_Sir_912,1,xs8fcj,2024-11-28 06:37:14,0.0,neutral
m4xom8e,Wow,National-Bad-4751,1,xs8fcj,2025-01-02 00:43:18,0.5859,positive
megl90h,That’s not speed bro💀,Big_Passenger_3862,1,xs8fcj,2025-02-24 03:34:23,0.0,neutral
mgx5mfw,That’s not even speed😹,1luhsj,1,xs8fcj,2025-03-09 21:42:54,0.0,neutral
mkz0o69,"Dude, prepared for a fist fight not a street fight",Realistic_King6814,1,xs8fcj,2025-04-02 04:02:28,-0.5106,negative
mv34f5z,"Other dude could have hit him, he was just scatsd",Striking-Buddy3813,1,xs8fcj,2025-05-30 15:45:16,0.0,neutral
iqjgki2,dayum bro can fight,AccomplishedSir4202,1,xs8fcj,2022-09-30 19:52:04,-0.3818,negative
iqjn8ej,nahh not speed,Conscious-Major-4295,1,xs8fcj,2022-09-30 20:37:51,0.0,neutral
iqkqlan,i’m calling it now Speed will guide this already destroyed generation to glory once more 🙌 maybe now earth has a chance of lasting the test of time as of this day coming we’ith shall not’ith be destroyed’th for we’ith have’ith thy SIR SPEED of the ISHOW 🥹🫡…. and also Ronaldo i guess… SUUUUIIIIIIIIIIII,No_Doughnut5388,1,xs8fcj,2022-10-01 01:48:50,0.3182,positive
iqlsenv,That’s just some random kid,None,1,xs8fcj,2022-10-01 09:06:27,0.0,neutral
iqlzyn3,W SPEED,EntertainmentAny3742,1,xs8fcj,2022-10-01 10:56:05,0.0,neutral
iqm17fm,sewiiiiii,Kiwi-Brilliant,1,xs8fcj,2022-10-01 11:12:39,0.0,neutral
iqm17nj,w speed,Kiwi-Brilliant,1,xs8fcj,2022-10-01 11:12:44,0.0,neutral
iqmfbof,Bro ran for his life😂💀💀,Holiday_Orange7901,1,xs8fcj,2022-10-01 13:35:29,0.0,neutral
iqmrzhc,W,Catloversenterhere,1,xs8fcj,2022-10-01 15:12:03,0.0,neutral
iqn5blm,bro ran like a cartoon character💀💀,Neither-Respond6201,1,xs8fcj,2022-10-01 16:47:25,0.3612,positive
iqneaye,W speed 😂😂😂,Apprehensive-Pin1124,1,xs8fcj,2022-10-01 17:49:42,0.0,neutral
iqnfhk1,yo,No_Collar4926,1,xs8fcj,2022-10-01 17:57:52,0.0,neutral
iqnm1zv,He should’ve ran first,According-Ad-2300,1,xs8fcj,2022-10-01 18:44:40,0.0,neutral
iqnslgd,Not speed you can tell by the hair,RightTown2243,1,xs8fcj,2022-10-01 19:32:14,0.0,neutral
iqny8p8,No this video okd,iceboyu,1,xs8fcj,2022-10-01 20:14:01,-0.296,negative
iqoa78z,the other person a chicken no cap,cook_ur_mom,1,xs8fcj,2022-10-01 21:41:21,-0.296,negative
iqp2emx,How do I get this shit to stop showing in my messages like god damn,PuntThaOrphan86,1,xs8fcj,2022-10-02 01:23:39,-0.6757,negative
iqps8qk,W speed but that man ran like he getting chased by dogs,The_Lawl_is_the_Lawl,1,xs8fcj,2022-10-02 05:27:42,0.5023,positive
iqqrs65,that aint speed,Speed848,1,xs8fcj,2022-10-02 12:45:38,0.0,neutral
iqqzyyb,This is a 2 on the fuck around/find out scale. Dude running thought he was at 10.,touchmydingus,1,xs8fcj,2022-10-02 13:53:55,-0.5423,negative
it4nz1m,u/savevideo,novahhreddit,1,xs8fcj,2022-10-20 22:18:38,0.0,neutral
itxk0fx,w,AppropriateMeeting28,1,xs8fcj,2022-10-27 01:02:31,0.0,neutral
itzrzde,"""TACTICAL  WITHDRAWAL!""",BrokDezner,1,xs8fcj,2022-10-27 14:34:53,0.0,neutral
ixtocgs,💀💀,KatyOngsike,1,xs8fcj,2022-11-26 06:54:24,0.0,neutral
ixw0e9z,He guys  has anyone seen my son he hasn’t come home since,0-0waterman,1,xs8fcj,2022-11-26 20:33:24,0.0,neutral
ixzqxjn,L fake,Clean-Marsupial-9440,1,xs8fcj,2022-11-27 17:44:17,-0.4767,negative
ixzrkg8,That ain’t speed,Acceptable-Coyote215,1,xs8fcj,2022-11-27 17:48:35,0.0,neutral
iy2t3lo,"Damn, he got the w",N9aimi,1,xs8fcj,2022-11-28 08:48:54,-0.4019,negative
iz3307f,This isn’t speed,Mxneyfiend,1,xs8fcj,2022-12-06 02:34:57,0.0,neutral
j01eykx,he said sui on the last,alvi_x10t,1,xs8fcj,2022-12-13 11:28:04,0.0,neutral
j29rtfu,lolbruh,GerritTheGoat,1,xs8fcj,2022-12-30 17:57:56,0.0,neutral
j3b6qxq,The NiqqERS ALWAYS BE SLAMMIN😂😂,Party-Track3629,1,xs8fcj,2023-01-07 08:00:18,0.0,neutral
j9czoox,why did bro leg it,ImaginaryMagazine682,1,xs8fcj,2023-02-21 00:40:14,0.0,neutral
j9j98fj,Ohio fighter 💀,LocaBear,1,xs8fcj,2023-02-22 10:56:39,0.1531,positive
j9l24ir,Bro went for the kill,Extra-Ad6592,1,xs8fcj,2023-02-22 19:26:05,-0.6908,negative
ja7jn0r,u/savevideobot,armanmoghi,1,xs8fcj,2023-02-27 12:53:23,0.0,neutral
jat90bu,NAHAHAHHAA BROO AHAHAHHA,None,1,xs8fcj,2023-03-03 22:11:46,0.0,neutral
jav17u8,Speed got hands,None,1,xs8fcj,2023-03-04 07:38:12,0.0,neutral
jbqhqou,Why tf did he run so fast💀💀💀💀💀,Cummastersfs,1,xs8fcj,2023-03-10 22:47:01,0.0,neutral
jc4fe6x,don't mess with monke,Upstairs-Magazine-95,1,xs8fcj,2023-03-13 23:28:54,0.2755,positive
jcaa6yb,w speed,Inevitable_Idea_8151,1,xs8fcj,2023-03-15 12:33:17,0.0,neutral
jfh7vxl,That is not speed thats sped,SwimmingUnlucky1986,1,xs8fcj,2023-04-08 18:52:42,0.0,neutral
jgknyas,I ain’t no speed had hands,Cautious-Age-6676,1,xs8fcj,2023-04-17 04:33:30,-0.296,negative
jhddyni,speed is god,Sad-Station-8566,1,xs8fcj,2023-04-23 08:33:41,0.2732,positive
jhfl2ki,The day he decided he's a lover not a fighter and education is the way to go.,touchmydingus,1,xs8fcj,2023-04-23 19:57:37,0.5197,positive
ji4dk5k,Yooo,Live-Equipment-3239,1,xs8fcj,2023-04-28 23:51:27,0.0,neutral
jiopm4o,Ayoooo,False_Bank_6611,1,xs8fcj,2023-05-03 11:57:31,0.0,neutral
jjlhri3,bro run beyond the speed of loght💀💀💀🙏🙏,handbo,1,xs8fcj,2023-05-10 12:47:11,0.0,neutral
jk30i69,Bro was too scared to get beat by a streamer,Sad_Addendum7236,1,xs8fcj,2023-05-14 04:48:12,-0.4404,negative
jkltme3,That’s why they call him speed,SkillPotential4002,1,xs8fcj,2023-05-18 07:00:11,0.0,neutral
jl36f16,hahahhahahah where he is going?😂😂,Ok_Gazelle_845,1,xs8fcj,2023-05-21 23:03:23,0.0,neutral
jmphr0a,He was running to grab that mousecatool,Jealous_Bell,1,xs8fcj,2023-06-03 05:08:40,0.0,neutral
jmuv2km,Ishowfight,Pickelbags,1,xs8fcj,2023-06-04 12:47:06,0.0,neutral
jnzzfp9,Fr that was the best thing what could do ngl,None,1,xs8fcj,2023-06-13 14:57:58,0.6369,positive
joeefbv,chat is this real,PrincipleNo5979,1,xs8fcj,2023-06-16 21:22:48,0.0,neutral
jp56lmq,was that frl him,Natural_Ad2119,1,xs8fcj,2023-06-22 21:20:51,0.0,neutral
jpwlnvh,why did bro run 💀💀,indeediamnoob,1,xs8fcj,2023-06-28 20:34:49,0.0,neutral
jrcsfjn,Gone,Common_Ad5422,1,xs8fcj,2023-07-10 02:29:10,0.0,neutral
jsgyr2n,where was bro going💀,DAR_kone,1,xs8fcj,2023-07-18 16:26:33,0.0,neutral
jsi8s4b,Is this really speed or just fake,MightyNoCap,1,xs8fcj,2023-07-18 21:21:13,-0.4767,negative
jskuo94,Nahhhhh,Ok-Drawing-8355,1,xs8fcj,2023-07-19 11:59:33,0.0,neutral
jskuoma,Bro is Running,Ok-Drawing-8355,1,xs8fcj,2023-07-19 11:59:39,0.0,neutral
jtfwdu8,Blud got smoked,Ok_Area4974,1,xs8fcj,2023-07-25 21:49:33,0.0,neutral
jtfwqne,[removed],None,1,xs8fcj,2023-07-25 21:51:47,0.0,neutral
jth2b3m,Is this Speed?,None,1,xs8fcj,2023-07-26 02:53:59,0.0,neutral
jti2qkt,Yoooooo,Severe-Car-8046,1,xs8fcj,2023-07-26 09:38:07,0.0,neutral
jtkvxo7,omg 😂🤣,Naga_62827,1,xs8fcj,2023-07-26 21:33:26,0.0,neutral
juox769,😂,ickbinnichtcool20200,1,xs8fcj,2023-08-03 23:39:03,0.0,neutral
jwohlph,😭😭😭,Relevant-Ad-8803,1,xs8fcj,2023-08-18 04:44:18,0.0,neutral
jzv36k1,Bruh them monkey,None,1,xs8fcj,2023-09-09 20:35:00,0.0,neutral
k1dbeel,Speed rocked him and he ran,Wonderful_Mission_55,1,xs8fcj,2023-09-20 03:33:28,0.0,neutral
k1mfuzg,Blud ran for his life😂😂😂😂,WitnessAny4587,1,xs8fcj,2023-09-21 21:21:59,0.0,neutral
k1nysuo,That’s Ishowbleed,Adept-Medicine-8150,1,xs8fcj,2023-09-22 03:36:20,0.0,neutral
k2v86hv,Hi,Vince_cuh_army,1,xs8fcj,2023-09-30 14:31:18,0.0,neutral
k6xf3u7,that’s not soeed,Remote-Wish-2510,1,xs8fcj,2023-10-29 08:08:16,0.0,neutral
kalaoxm,Never,Big_Middle_3055,1,xs8fcj,2023-11-24 18:01:15,0.0,neutral
kcyr2yk,that's not speed,CoolGamer82110,1,xs8fcj,2023-12-11 23:36:34,0.0,neutral
kdnrbg7,speed got hands lowkey,AdhesivenessNo2258,1,xs8fcj,2023-12-16 20:18:42,0.0,neutral
ke3cz3z,Dude ran for his life,OwnStatistician1817,1,xs8fcj,2023-12-19 21:36:47,0.0,neutral
ker7nk0,ahahhaahahahahahahha,kumalal1812,1,xs8fcj,2023-12-24 16:32:41,0.0,neutral
kf1t4zt,whyd de he run,Ok_River_2811,1,xs8fcj,2023-12-26 23:18:30,0.0,neutral
kfgq8mo,twin ahh hit feet,Suspicious_Abroad_20,1,xs8fcj,2023-12-29 21:01:04,0.0,neutral
kfpu342,this aint him guys,Desperate_Low_4226,1,xs8fcj,2023-12-31 16:56:22,0.0,neutral
kggbfuo,if this speed imagine if this dummy worked out and got in a fight,Pxdriiiii,1,xs8fcj,2024-01-05 16:44:48,-0.3818,negative
koaylc0,Running for the hills is crazy,AAalwaysbizzy,1,xs8fcj,2024-01-31 17:03:35,-0.34,negative
konlv8x,ypo,NewsDifferent2367,1,xs8fcj,2024-02-02 22:27:20,0.0,neutral
ktalv6g,this nigga is crazy. i give 20pounds for him,OkMathematician3398,1,xs8fcj,2024-03-04 13:35:56,-0.34,negative
myacfy1,you wont do shit,Nice_Dog_6294,1,xs8fcj,2025-06-17 16:19:40,0.4449,positive
m64m911,Yes it is,MomsSpeghetti21,1,xs8fcj,2025-01-08 22:31:48,0.4019,positive
it4nzbd,"###[View link](https://redditsave.com/r/Ishowspeed/comments/xs8fcj/speed_caught_in_a_streetfight/)


 --- 
 [**Info**](https://np.reddit.com/user/SaveVideo/comments/jv323v/info/)&#32;|&#32; [**Feedback**](https://np.reddit.com/message/compose/?to=Kryptonh&subject=Feedback for savevideo)&#32;|&#32;[**Donate**](https://ko-fi.com/getvideo) &#32;|&#32; [**DMCA**](https://np.reddit.com/message/compose/?to=Kryptonh&subject=Content removal request for savevideo&message=https://np.reddit.com//r/Ishowspeed/comments/xs8fcj/speed_caught_in_a_streetfight/) &#32;|&#32; 
 [^(reddit video downloader)](https://redditsave.com) &#32;|&#32; [^(download video tiktok)](https://taksave.com)",SaveVideo,1,xs8fcj,2022-10-20 22:18:41,0.0,neutral
jpeio64,Speed talks about it on stream it was over a girl,No-Cut1540,1,xs8fcj,2023-06-24 22:56:21,0.0,neutral
kediq4k,It is,Mother_Building_4942,1,xs8fcj,2023-12-21 21:03:12,0.0,neutral
ja7jpa3,"###[View link](https://rapidsave.com/info?url=/r/Ishowspeed/comments/xs8fcj/speed_caught_in_a_streetfight/)


 --- 
 [**Info**](https://np.reddit.com/user/SaveVideo/comments/jv323v/info/)&#32;|&#32; [**Feedback**](https://np.reddit.com/message/compose/?to=Kryptonh&subject=Feedback for savevideo)&#32;|&#32;[**Donate**](https://ko-fi.com/getvideo) &#32;|&#32; [**DMCA**](https://np.reddit.com/message/compose/?to=Kryptonh&subject=Content removal request for savevideobot&message=https://np.reddit.com//r/Ishowspeed/comments/xs8fcj/speed_caught_in_a_streetfight/)",savevideobot,1,xs8fcj,2023-02-27 12:53:59,0.0,neutral
jtjp8zn,"Hello, Your post was removed for the following reasons:

Do NOT post any videos/photos that are categorized as a SPAM or REPOST! 

If you see Videos/Photos that already been posted, DON'T POST IT AGAIN!! Spam or Reposts are not allowed if they have been on this subreddit previously.

Before posting, kindly check ""Hot"" section first to know which video is already up.

If you keep doing this you could get BAN!",Ishowspeed-ModTeam,1,xs8fcj,2023-07-26 17:11:50,-0.8416,negative
ke878ku,He said it was him,IcyAdeptness8894,1,xs8fcj,2023-12-20 20:23:26,0.0,neutral
kcyr4ay,Could be lying,CoolGamer82110,1,xs8fcj,2023-12-11 23:36:50,-0.5267,negative
kd9l0pt,Speed talked about it on stream,LeBansho,1,xs8fcj,2023-12-14 02:06:50,0.0,neutral
ke87aky,Why would he lie tho?,IcyAdeptness8894,1,xs8fcj,2023-12-20 20:23:47,0.0,neutral
mi74veg,"I didn't find any posts that meet the matching requirements for r/Ishowspeed.

It might be OC, it might not. Things such as JPEG artifacts and cropping may impact the results.

[View Search On repostsleuth.com](https://www.repostsleuth.com/search?postId=1jd2kzc&sameSub=true&filterOnlyOlder=true&memeFilter=true&filterDeadMatches=false&targetImageMatch=100&targetImageMemeMatch=100)

---

**Scope:** This Sub | **Target Percent:** 100% | **Max Age:** 0 | **Searched Images:** 772,890,109 | **Search Time:** 0.24053s",RepostSleuthBot,1,1jd2kzc,2025-03-17 02:38:03,0.0,neutral
mi78zow,half this subreddit is twelve years olds,PoultryPants_,92,1jd2kzc,2025-03-17 03:05:34,0.0,neutral
mi7ifpq,I don't even trust this,shySensualist,10,1jd2kzc,2025-03-17 04:13:57,-0.4023,negative
mi776cj,Bro built like a minecraft dirt block.,Mroompaloompa64,18,1jd2kzc,2025-03-17 02:53:18,-0.4215,negative
mi8de1s,Rip in the chatt 😭,Shylord_07,3,1jd2kzc,2025-03-17 09:25:38,0.0,neutral
mi8sveu,holy shmoly what da fuuuck,assasin44,3,1jd2kzc,2025-03-17 11:47:24,0.0,neutral
mi8wu78,Ishowslow,the-yommy,3,1jd2kzc,2025-03-17 12:16:50,0.0,neutral
mi7xlk0,that's a harry potter and cleveland jr crossover,None,2,1jd2kzc,2025-03-17 06:32:34,0.0,neutral
mi9hkqn,U did not see his brother,None,2,1jd2kzc,2025-03-17 14:22:19,0.0,neutral
mi9juzy,I see why he’s Jamal’s older brother 😦,peerlesseternity,2,1jd2kzc,2025-03-17 14:34:15,0.0,neutral
mi8czcv,Is this real?,Three-Eyed_Cyclops,5,1jd2kzc,2025-03-17 09:21:13,0.0,neutral
mi7uq06,that ain't speed that's speeder griffins,Inner-Status-7997,3,1jd2kzc,2025-03-17 06:03:18,0.0,neutral
mi8b93v,bro looks like a nigerean harry potter ,umarstrash,2,1jd2kzc,2025-03-17 09:02:26,0.3612,positive
mi84k3t,"I can’t believe this pic is true, he’s gonna explode 💀",lexigonewildd,2,1jd2kzc,2025-03-17 07:47:24,0.4215,positive
mi9q3qj,I looked that fat in grade 1 😔,Fluffy_Watch_1991,1,1jd2kzc,2025-03-17 15:06:10,0.0,neutral
mi9r9lx,Boiled speed,Top_Championship_606,1,1jd2kzc,2025-03-17 15:12:00,0.0,neutral
mibcjgo,Dude he looks exactly like me!,Mindless-Ear4635,1,1jd2kzc,2025-03-17 19:47:12,0.4199,positive
mibms2w,jd vance?,SnooTigers178,1,1jd2kzc,2025-03-17 20:35:59,0.0,neutral
mief99k,bro is still on this meme in 2025,Additional-Sun1594,1,1jd2kzc,2025-03-18 07:22:18,0.0,neutral
miefp38,Lil one,BaddyClapper223,1,1jd2kzc,2025-03-18 07:27:14,0.0,neutral
mihf2t5,Peter Griffin if he was black,Quirky_Duty_9965,1,1jd2kzc,2025-03-18 18:44:32,0.0,neutral
mihiywu,ˡˢ that ksi,False-Programmer-763,1,1jd2kzc,2025-03-18 19:03:02,0.0,neutral
mihxtk8,Yeah but now he fit as f,IceKnight2,1,1jd2kzc,2025-03-18 20:13:17,0.5927,positive
mijog5u,Mano esse é o Speed,Front_Feedback3172,1,1jd2kzc,2025-03-19 01:39:54,0.0,neutral
mik6eec,With the creeper hoodie man wtf 😭😭,Comfortable_End9861,1,1jd2kzc,2025-03-19 03:29:56,-0.5859,negative
mikn8rh,"What are those comments dawg, most of them are kids tryin to be funny",Necessary_Tie6100,1,1jd2kzc,2025-03-19 05:46:40,0.4404,positive
mil9kls,Speed?,Individual_Copy3387,1,1jd2kzc,2025-03-19 09:43:03,0.0,neutral
mim6djl,I first thought it was the child of speed and avocado,Old-Pea-6915,1,1jd2kzc,2025-03-19 13:30:54,0.0,neutral
mimsgjt,Уже тогда был фанатом лилсеми,Lazy-Resolution2511,1,1jd2kzc,2025-03-19 15:27:05,0.0,neutral
miniqto,Kachow!,ZaiZai7,1,1jd2kzc,2025-03-19 17:33:58,0.0,neutral
minqpmo,Dude looks like Cleveland junior,moelesteryyy,1,1jd2kzc,2025-03-19 18:11:53,0.3612,positive
mipnvku,am i the only one that think ts look fake af,ha77ows,1,1jd2kzc,2025-03-20 00:03:22,-0.4767,negative
miribzn,That is actually lebron James 👑but they edited it to look like speed my good sir,Dekoekjesman222,1,1jd2kzc,2025-03-20 08:27:14,0.6597,positive
mis0m0h,Who's Darren Watkins?,_Xaril_,1,1jd2kzc,2025-03-20 11:25:32,0.0,neutral
mislfu7, He' sooooo cute😭😭,Purple_Sleep_2618,1,1jd2kzc,2025-03-20 13:42:51,0.0,neutral
misneej,Rude,BabyDuncney,1,1jd2kzc,2025-03-20 13:53:46,-0.4588,negative
mitwqox,and who cares?,Krzykarek,1,1jd2kzc,2025-03-20 17:36:51,0.4588,positive
mitygxa,Iseebadly,Nicetowalk,1,1jd2kzc,2025-03-20 17:44:58,0.0,neutral
mityj7w,That is one chunky boi,Accurate-Suit-8003,1,1jd2kzc,2025-03-20 17:45:15,0.0,neutral
mivcmqi,People actually believe this?,Hungry-Concentrate33,1,1jd2kzc,2025-03-20 21:47:49,0.0,neutral
mi7m7oz,How tf I get in I show speed Reddit,Hot-Income-7237,1,1jd2kzc,2025-03-17 04:44:55,0.0,neutral
mi7v9bw,Harry Potter from Netflix,Arusabi,1,1jd2kzc,2025-03-17 06:08:39,0.0,neutral
mi7sqt6,Tbf now hes the most athletic youtuber,Existing_Way_7193,0,1jd2kzc,2025-03-17 05:43:48,0.0,neutral
mi9oo6g,OP's username is cr17themeat lmfao,Interloper_1,20,1jd2kzc,2025-03-17 14:58:51,0.5423,positive
mi8osmy,What were you expecting lmao,None,9,1jd2kzc,2025-03-17 11:14:43,0.5994,positive
mia1ncd,Only half?,Double-Common-7778,2,1jd2kzc,2025-03-17 16:03:14,0.0,neutral
mi7aral,Fr,Pay-Day-_-,3,1jd2kzc,2025-03-17 03:17:39,0.0,neutral
miick62,Lol,Hazreti_Muhammed_SAV,1,1jd2kzc,2025-03-18 21:23:28,0.4215,positive
mibrwfo,Ur comment made me laugh in uni silent library man!,Prideonhead-nottowel,-1,1jd2kzc,2025-03-17 21:00:24,0.5983,positive
mi9qc2v,If his brother lost the weight they’d be a dynamic duo. Trust the process,Fluffy_Watch_1991,1,1jd2kzc,2025-03-17 15:07:19,0.5574,positive
mi94q7l,That's edited lebron,johnxinaboss,10,1jd2kzc,2025-03-17 13:09:17,0.0,neutral
mi8puc3,Can’t be 😂,Zestyclose-Tear3167,4,1jd2kzc,2025-03-17 11:23:23,0.0,neutral
mib6bl9,Oh,Three-Eyed_Cyclops,1,1jd2kzc,2025-03-17 19:17:28,0.0,neutral
mide8xb,That’s not speed said that in stream,cr17themeat,1,1jd2kzc,2025-03-18 02:20:10,0.0,neutral
micem3n,Bro he said in his stream that is real,cr17themeat,-6,1jd2kzc,2025-03-17 22:58:14,0.0,neutral
mib6d2i,Yeah,Three-Eyed_Cyclops,1,1jd2kzc,2025-03-17 19:17:40,0.296,positive
micx4ro,Yeah so that definitely means everything speed says on stream is 100% true!!! Use your brain,Moist_Man69420,3,1jd2kzc,2025-03-18 00:40:25,0.834,positive
mimidn5,Of course he’s going to say it for views or attention. He’s a different person off camera,CraikyH,1,1jd2kzc,2025-03-19 14:36:06,0.0,neutral
mlniykn,ishowwisdom,Klutzy-Definition-22,38,1jsf8j1,2025-04-06 04:48:05,0.0,neutral
mllzktp,W speech,TheOddYehudi919,36,1jsf8j1,2025-04-05 22:31:26,0.0,neutral
mlnc9fd,I dont think some people understand how wholesome he actually is,JsdJoys_729,31,1jsf8j1,2025-04-06 03:55:32,0.0,neutral
mlm1xwr,Speed giving RuPaul level pep talks. Damn.,wiklr,18,1jsf8j1,2025-04-05 22:46:02,-0.0772,negative
mlnm6tn,(unpopular opinion) i love this speed more than the one doing dumb shit,UnleashedBeastAksh,19,1jsf8j1,2025-04-06 05:15:32,-0.4019,negative
mlmqnhx,Ay w speed,CharacterDrummer9068,6,1jsf8j1,2025-04-06 01:23:19,0.0,neutral
mlnxkbq,"I understand why it gets called that but I don't think he's necessarily ""breaking character"", rather just seems that as he grows and matures he's more comfortable having this heartfelt moments, which is sweet",RosaZico50,6,1jsf8j1,2025-04-06 07:00:14,0.9397,positive
mlm33fr,Damn😅,Leo_Messi3,2,1jsf8j1,2025-04-05 22:53:13,0.0,neutral
mlnts0d,Common W speed,Ok-Time7401,2,1jsf8j1,2025-04-06 06:25:05,0.0,neutral
mlomxmh,I would trade my sister to have that voice😭,Designer-Suspect6877,2,1jsf8j1,2025-04-06 11:26:45,0.0,neutral
mlongvk,That's why he's the most goated youtuber. Bro knows when to switch up.,Mystery-Snack,2,1jsf8j1,2025-04-06 11:31:42,0.0,neutral
mloupyl,You can't hate him when he spreads love and positivity,ganibattlebear,2,1jsf8j1,2025-04-06 12:32:37,0.8885,positive
mlploct,Is this ai generated?,ebaxinho,2,1jsf8j1,2025-04-06 15:18:31,0.0,neutral
mln41bo,no wholesome shit,cant_think_one,1,1jsf8j1,2025-04-06 02:54:57,-0.7003,negative
mlnrgnq,She’s beautiful and has that voice who would hate on that,Specialist-State-198,1,1jsf8j1,2025-04-06 06:03:20,0.0516,positive
mlnrp74,She sounds like Kristen Schaal. If Kristen can make it big so can this gal.,ChingueMami,1,1jsf8j1,2025-04-06 06:05:31,0.3612,positive
mlpqn1z,Aww,Status-Ad773,1,1jsf8j1,2025-04-06 15:45:39,0.0,neutral
mlpugvk,He is like naruto😂,Dear_Caramel31,1,1jsf8j1,2025-04-06 16:06:25,0.3612,positive
mlqbq3g,W,Decent_Eye7887,1,1jsf8j1,2025-04-06 17:38:27,0.0,neutral
mlrk0a6,There's are many things that I don't like in this world & one of them is Chinese dumb beauty standards......in this case this women is being make fun cuz she had that voice? Gosh how pathetic human can be?,None,1,1jsf8j1,2025-04-06 21:35:33,-0.3335,negative
mls1spb,"The ""I believe you."" instead of a ""Thank you."" was really deep.",horse4forceofcourse,1,1jsf8j1,2025-04-06 23:21:20,0.3612,positive
mlth08z,Speed is Luffy fr,Billsnothere,1,1jsf8j1,2025-04-07 05:19:20,0.0,neutral
mlth2pz,W,Billsnothere,1,1jsf8j1,2025-04-07 05:19:57,0.0,neutral
mluctc3,I love this guy,achha_insaan,1,1jsf8j1,2025-04-07 10:48:12,0.6369,positive
mlwjhq5,Speed reminds me of luffy so much,trulyhumb1eundergod,1,1jsf8j1,2025-04-07 18:21:50,0.0,neutral
mlwqth5,Not me.crying😭😭😭😭😭,SafeEmployer1805,1,1jsf8j1,2025-04-07 18:59:12,0.0,neutral
mm0frti,He the nicest guy mannn,InfiniteShake1449,1,1jsf8j1,2025-04-08 10:32:13,0.4939,positive
mm226g1,"Not a Speed fan, but genuinely impressed.

Not sure why some of his vids popped up on my feed but that's a great display of maturity, a crazy difference when he first popped up years back for stuff like fireworks in his room? I don't really know this guy well, and don't know why his stuff appears on my feed, but I'm glad it did since this gave me a pretty good impression of him.

Sucks that some others just shit on this just because this appeared in their feed. Just ignore and move on if you don't like it. They show less maturity than the guy they're shitting on.",hidingincloset101,1,1jsf8j1,2025-04-08 16:20:34,0.9235,positive
mm8qbcr,Wholesome,Repulsive-Garage-433,1,1jsf8j1,2025-04-09 17:08:16,0.0,neutral
mm9y0f3,Didn't know Speed was that wise... ❤️‍🩹,BrennerPSdv,1,1jsf8j1,2025-04-09 20:38:00,0.0,neutral
mmap7s3,i need her insta ___ 😭,sleepyVijay,1,1jsf8j1,2025-04-09 23:04:04,0.0,neutral
mmbxk52,NBA Playoffs type clipfarming,Sicdh,1,1jsf8j1,2025-04-10 03:30:31,0.0,neutral
mthnepd,Ishowright,IAMULTRAMANSURYA,1,1jsf8j1,2025-05-21 15:37:24,0.0,neutral
mloevqs,"Cringe af. Not the voice though, she sounds so cute",DiscombobulatedSet59,0,1jsf8j1,2025-04-06 10:04:48,0.5949,positive
mloqew4,[deleted],None,0,1jsf8j1,2025-04-06 11:57:26,0.0,neutral
mlpi3bd,Fuck i hate this editing style.,kazoomaq,0,1jsf8j1,2025-04-06 14:58:57,-0.802,negative
mlnpxus,That's damn right,alexandrufratica,9,1jsf8j1,2025-04-06 05:49:09,-0.4019,negative
mloko77,Ishowkindness&wisdom,Hotmixneon4life,5,1jsf8j1,2025-04-06 11:04:53,0.0,neutral
mlphuwq,"The dude who barks at people in the streets, made a baby cry after a starring contest, and countless other instances of bofoonery is actually wholesome? I guess the bar has never been lower then. Having the potential for being wholesome, does not make one wholesome.",kazoomaq,-12,1jsf8j1,2025-04-06 14:57:43,-0.2987,negative
mlnq8pd,"But dumb Speed got him where he is now, so",alexandrufratica,11,1jsf8j1,2025-04-06 05:51:56,-0.6652,negative
mlt367l,This speed would not get anywhere near as many views consistently lol,Aldequilae,3,1jsf8j1,2025-04-07 03:26:02,0.4215,positive
mlys86b,I want both of the Speeds. Which we have. Stop hating.,Oztille,2,1jsf8j1,2025-04-08 01:51:19,-0.6369,negative
mm7ga3s,"It’s just an opinion like any other, and it’s good to have different points of view — that’s what makes you who you are.  
Following people’s opinions just because they’re the most popular is really sad.  
I didn’t know that YouTuber two weeks ago, and honestly, I’m bored by the screaming, the N-word jokes, and other childish things. Some of the shorts I’ve seen of him are cool, but I’m unable to really watch him, as it’s absolutely not made for me as an audience.",Leramier,1,1jsf8j1,2025-04-09 13:16:14,0.4118,positive
mmwqgxs,Low-key,stunzeedb0y,1,1jsf8j1,2025-04-13 15:28:19,0.0,neutral
mmczrn2,I think it was a combination of young age (15-16)  along with having negative social anxiety. bro is like the ultimate extrovert,So_47592,1,1jsf8j1,2025-04-10 09:32:04,-0.4404,negative
mlpcnx7,Are you just projecting a similar scenario that happened to you irl or inventing a fictional scenario just to find a reason to get angry about and slander him? Both?,EvilLoliAtheist,3,1jsf8j1,2025-04-06 14:29:06,-0.5661,negative
mlw9z4o,How do you know? You are making assumptions,Danny1905,1,1jsf8j1,2025-04-07 17:34:20,0.0,neutral
mlqiy35,ive seen this editing style for fake news in my country i agree,ampalaya741,1,1jsf8j1,2025-04-06 18:16:07,-0.1531,negative
mltxqvm,what you hate about it,oooooooweeeeeee,1,1jsf8j1,2025-04-07 08:07:12,-0.5719,negative
mlpv3lk,"His content/character comes first and he definitely take it too far sometimes no doubt about that.

But he's still insanely young and has matured a lot in the last year. 

Oh no he made a baby cry by accident and then profusely appogised after, he must be an evil person who can't ever be genuinely wholesome.",Complex-Ad2985,12,1jsf8j1,2025-04-06 16:09:54,-0.9623,negative
mlt2wch,Bet you're fun at parties lmao,Aldequilae,5,1jsf8j1,2025-04-07 03:24:02,0.872,positive
mlrpeal,Guess hes not allowed to be funny now huh,Icy-Unit-8940,3,1jsf8j1,2025-04-06 22:06:56,0.4404,positive
mlw9tl0,"Those people he barks at in the streets are his fans. He made a baby cry on accident and what? It's just crying, but you guys act (the comments on when this incident was posted) like it is the worst thing ever. Majority of the instances were when he was younger. The past China, South America and  South East Asia streams did not have any of these incidents you cry about",Danny1905,1,1jsf8j1,2025-04-07 17:33:34,-0.9136,negative
mlztqs5,His fans will grow up to become teens and Speed’s humor will hopefully too,HornyPlatypus420,5,1jsf8j1,2025-04-08 06:38:45,0.5859,positive
mthnl8g,True,IAMULTRAMANSURYA,2,1jsf8j1,2025-05-21 15:38:16,0.4215,positive
mm7gc80,"Its not hate, let people have their own opinion.",Leramier,1,1jsf8j1,2025-04-09 13:16:36,0.4585,positive
mlztlbu,"Even though I agree that he’s generally wholesome without the character, making a baby cry and shit like that isn’t funny. Some times he takes it too far which turns into shit situations",HornyPlatypus420,1,1jsf8j1,2025-04-08 06:37:22,-0.5267,negative
mm4yxz6,"yeah true but everyone has his moments, just happens that his are televised",Icy-Unit-8940,1,1jsf8j1,2025-04-09 01:20:47,0.3612,positive
