post_id,title,score,num_comments,created_utc,url,selftext
1hb3hok,REDDIT IS BACK,51,49,2024-12-10 14:52:45,https://www.reddit.com/r/Ishowspeed/comments/1hb3hok/reddit_is_back/,"Start posting your clips for a chance to have Speed react to them! Make sure they’re non-TOS and Speed-related, focusing on funny, high-quality, and reactable content.

(Posts will soon be approved by the mods, so please be patient if your clip is blocked by Automod)"
1l0z3z4,Ben don't support lgbtq🔥🐶🚫🏳️‍🌈,10,1,2025-06-01 20:33:26,https://v.redd.it/qlnu6e20md4f1,
1l0i2ra,😂,36,8,2025-06-01 06:19:22,https://v.redd.it/a13r9crhd94f1,
1l143tf,Why is Speed so confident in everything he does or going to do? Regardless of when the odds are against him,1,4,2025-06-02 00:14:13,https://i.redd.it/p0s2vhlepe4f1.jpeg,
1l15ivl,Roseor Speed Fanart,0,2,2025-06-02 01:24:29,https://i.redd.it/ojb1w1fv1f4f1.png,endless alphabet apk
1l07soz,speed is so big now that he doesn't have to do gimmicks to get views,76,14,2025-05-31 21:15:19,https://i.redd.it/8cih4qbjo64f1.png,"at the UEFA finals, all these legends came up to speed to say hi. he was so respectful and chill, pretty normal for the most part. it was cool to see. he doesn't need to be extra or do crazy stuff to get attention anymore. so cool to see this evolution"
1l0yebf,speed is a roseor,1,1,2025-06-01 20:03:45,https://i.redd.it/39na6x3ogd4f1.png,artichoke
1l0hhwo,"New art made by me, speed as an earthworm 🌍🪱",8,1,2025-06-01 05:42:45,https://i.redd.it/szwotkh3794f1.png,Constructive criticism is welcome.
1l0thr5,"$10 Vs $28,000,000 Things Cristiano Ronaldo Spends On",1,0,2025-06-01 16:42:25,https://youtu.be/_v7CC2KWQCw?si=gZVT--mCBKWZBew6,
1l0t0ps,thinking of making a edited picture for speed and printing it i acrylic (some future plans involved ). which option do you think will be the best.,1,0,2025-06-01 16:22:49,https://www.reddit.com/r/Ishowspeed/comments/1l0t0ps/thinking_of_making_a_edited_picture_for_speed_and/,"1. A speed with Ronaldo (focused on Ronaldo)

B speed with Ronaldo(focused on both)

2. speed and his best or most famous moments

any moments, pictures or ideas you guys suggest is most apreceated

"
1l0ay9g,Phil Foden The Goat,20,2,2025-05-31 23:40:42,https://i.redd.it/zsgbkkphe74f1.jpeg,
1l00owr,Hey ishowspeed :),42,5,2025-05-31 16:07:12,https://www.reddit.com/gallery/1l00owr,"I have a big fan of you ishowspeed, you haven't met me before but about 5 years ago I suffered a hard brain surgery and my left arm and leg is paralyzed. I was suffering with huge amounts of depression and your videos made me brighten up my day, just the simplicity of your jokes is the reason why you're famous. Through all my life I've always been interested on streaming however I have to consider my age difference and my budget. I want to buy a green screen and a good microphone but I just can't afford that type of stuff, not only that but my paralysis limits me to do lots of stuff. I want to stream so badly but I'm not very consistent, do you think it's too late from an old man like me (I'm 22)? Or should I practice my consistency? Either way my mom probably is not going to be happy about it. All my socials are ""boy in a wheelchair :)"" except my TikTok, it's ""fish in a wheelchair"" which honestly is ironic because if I was a fish in a wheelchair more than likely I'd probably be dead, I'm not going to say too much in my public life but during my surgery I was in a five-month coma, and just like that I got a second chance in life :). Anyway if you're hearing this which you're probably not but we should collab sometime, here's my photo during my surgery and don't worry, I won't show you all the gory details (before and after)👆🏻"
1l0f4lk,speed fanart,2,1,2025-06-01 03:23:43,https://i.redd.it/q1nv3oy8i84f1.png,love you speed
1kzrzk3,#FREEJAMAL,43,23,2025-05-31 08:14:56,https://i.redd.it/1xaq6ghct24f1.png,
1kzq2cf,Where did jamal's channel go?,12,7,2025-05-31 06:05:54,https://i.redd.it/dhxns6tb624f1.png,I can't find it.
1l04k8e,Bro Was Smiling Inside 😂😂 #ishowspeed #ronaldo #edit,1,0,2025-05-31 18:51:58,https://youtube.com/shorts/wjBZvC3lAi4?si=aJjQWiad2USMbCWC,
1l03pvl,Must watch,1,0,2025-05-31 18:15:17,https://youtu.be/XzoWVpRyapg,
1kz5nat,Which one is speed,159,31,2025-05-30 14:28:53,https://i.redd.it/pyv71da5jx3f1.jpeg,
1l01ddh,Upcoming streamer🎏,0,2,2025-05-31 16:36:25,https://www.twitch.tv/neo2tac,Follow up for more content on twitch 😉
1kzxef7,Jamal's channel is back!,0,7,2025-05-31 13:42:04,https://i.redd.it/u21h4zbpf44f1.jpeg,
1kz2go9,😂 u not u when your hungry,37,3,2025-05-30 12:02:47,https://v.redd.it/6oafdk81tw3f1,
1kz171q,😂,38,3,2025-05-30 10:51:56,https://v.redd.it/edluonxcgw3f1,
1kz47zf,Ronaldo edit,20,3,2025-05-30 13:28:11,https://v.redd.it/ell1i9ib8x3f1,
1kzin5n,ISHOWSPEED THE BIGGEST STREAMER IN THE WORLD,2,1,2025-05-30 23:23:07,https://youtu.be/_Ihul1W0OaE?si=wiBvFJTOcV3EsM0l,
1kzb35f,ishowspeed...?,4,1,2025-05-30 18:05:08,https://i.redd.it/lz5u6rzply3f1.jpeg,
1kz1xyc,😂,15,0,2025-05-30 11:34:33,https://v.redd.it/smqghj30ow3f1,
1kz5pc3,Name of app Speed uses? Taylor?,7,2,2025-05-30 14:31:11,https://i.redd.it/taryur8jjx3f1.png,"In his last stream, him and Slipz named an app for Jamal to use to fix his streaming issue. What is the name of the app? Thanks!



1:12:55 [https://www.youtube.com/live/axmkC31Yht4?si=-iFVkuH9lnsjADm5&t=4373](https://www.youtube.com/live/axmkC31Yht4?si=-iFVkuH9lnsjADm5&t=4373)"
1kz1muc,😂 fr,10,2,2025-05-30 11:17:21,https://v.redd.it/ycmaex9xkw3f1,
1kz234s,😂,10,0,2025-05-30 11:42:34,https://v.redd.it/kpp3jkzcpw3f1,
1kzgk76,ISHOWSPEED THE BIGGEST STREAMER IN THE WORLD,0,0,2025-05-30 21:50:47,https://youtu.be/_Ihul1W0OaE?si=cUR89KzSKwNHlpSV,
1kzme7d,Thought this was your dad for a second😮‍💨,0,2,2025-05-31 02:32:23,https://i.redd.it/ut78av98414f1.jpeg,
1kzdi20,IShowSpeed tries guessing fruits live — some guesses went hilariously wrong! 🍉😂,1,0,2025-05-30 19:44:20,https://youtu.be/3u2pWQKf9NI?si=TymNRWlrf94_XWlT,
1kz55xh,iShowSpeed LOSES IT in These CRAZY Moments 😭🔥,1,0,2025-05-30 14:08:44,https://youtube.com/shorts/GXTbFe_Ij6c,
1kz4986,Shows peed should come and visit Lebanon 🇱🇧,2,19,2025-05-30 13:29:41,https://v.redd.it/nvxw92lj8x3f1,
1kz2rin,iShowSpeed IRL Streams Summed Up in 60 Seconds 💀,1,0,2025-05-30 12:18:33,https://youtu.be/tdZNr05wSmg?si=1vhga0L_RXpOba4S,
1kygze0,What headphones is he using here,24,17,2025-05-29 17:38:10,https://i.redd.it/hkgi0vmubr3f1.jpeg,I'm also open to hearing cheaper yet similarly performing alternatives
1kyj1w9,"Yo speed, is this the first fanart wich is not racist",17,6,2025-05-29 18:59:23,https://i.redd.it/vgsn9kyhqr3f1.jpeg,
1kyyldq,Ishowspeed Backflip challenge was inspiring! 💓,1,0,2025-05-30 07:58:30,https://youtu.be/qpZIvAthP_A,
1kymi7i,Ishowanime? goated,6,2,2025-05-29 21:17:56,https://i.redd.it/t7s4on0zes3f1.jpeg,"Gyattt i hope you like it speedy mwuah

***^(EDITED not everything IS MINE KEEP THAT IN MIND!!!)***"
1kyhbni,Prime 2021 speed,9,0,2025-05-29 17:51:39,https://v.redd.it/165iqkmeer3f1,
1kytmhp,Speed Ronaldo is in his clip find him and I’ll give you 0.000000000000000000000000000000000001¢,1,0,2025-05-30 02:53:24,https://v.redd.it/atuzhvk23u3f1, 
1ky9x7j,Is Slipz Possessed? 😱,8,0,2025-05-29 12:48:00,https://v.redd.it/cugnj4f8wp3f1,
1kyd3x4,Ishowspeed x CR7,5,1,2025-05-29 15:04:35,https://v.redd.it/5ixh766kkq3f1,
1kyca98,Missing IShowSpeed livestream,6,1,2025-05-29 14:31:30,https://i.redd.it/i9h1vzgpeq3f1.jpeg,"Hi, I’m looking for a specific livestream speed did in his early days where he played Geometry Dash for the first time. I searched for the exact title of a highlight of this stream but I couldn’t find it anywhere. Last time, It was there but now it wasn’t. Did it get deleted or something? This is the only video I found that contains footage from this livestream. https://youtu.be/XlHJdUqpfu8?si=7umgv-GSv6OW4jVo"
1kytoqr,"Call me butters ,maybe it was 250,000 or 2,500,000. I didn't claim it because I claim my tips at the end of the night, He left already and I thought it was a mistake..who believes me?",0,4,2025-05-30 02:56:40,https://www.reddit.com/gallery/1kytoqr,"I’m a server in Houston, I waited on him before his trip, I didn’t know who he was until a other table asked me if I knew who he was , the table that was three tables down told me who he was the best YouTube streamer ever , I thought that was cool, I wait on a lot of famous people so Im desensitize. Our conversation was as followed. I congratulated him on his success and told him I didn’t know who he was, he said , even though you didn’t know who I was you treated me really nice, I told him yes I treat everyone with respect. He asked me if I would get 100k would it change my life I said no , I would fix my car and save the rest, but I received 1 million dollars I would retire my mom, sense I’m new generation here my mom only worked for 25 years and it’s not enough to live off social security, and sense she is still waiting for her papers I have to work to help support her , while trying to start a family and take care of my wife and save to have a kid. I remember going to the computer and glanced at the recipe and I only saw 250 out of the $700 bill (I work in fine dining so this is normal to me ) his body guard has his phone out and seems like he was recording , I was busy and went back to the table not knowing he tipped me so much, he seem disappointed because I didn’t react, and I was unaware of his generosity, ishowspeed said that should be enough to cover the tax , hi still not knowing what he ment, at the end of the night I enter the tip but it had a lot of zeros and I thought he was from across the pound and he didn’t know the comma and period are different when it comes to money, so I entered 240 due to my dyslexia. A few days latter during pre shift meeting  they told us to always enter the total amount, I asked a colleague why they said that and he laughed at me and said because you won the lottery and didn’t enter the correct amount and missed out …..

I was trying to do the right thing and didn’t know he’s American , a great person , a wonderful philanthropist. I was trying to protect the customer as I thought he was from Europe where the commas are periods .

Big l. 

"
1kycxuz,Messi and speed live close to each other go to his house speed!,3,3,2025-05-29 14:58:06,https://i.redd.it/ma7tfro5jq3f1.png,
1ky9wb0,Invite for mo.co enjoy ...,2,2,2025-05-29 12:46:46,https://go.mo.co/invite/cda01b0e-31a8-46c1-9120-a977792610a5,
1kxmzng,Ronaldo’s message,65,6,2025-05-28 17:25:55,https://v.redd.it/llp1wvzk4k3f1,
1kxe4kd,Speed naming countries while playing only up😂,147,33,2025-05-28 10:58:16,https://v.redd.it/d7sal32m7i3f1,
1ky7cux,iShowSpeed’s Most HILARIOUS Moments Ranked 😂,1,0,2025-05-29 10:27:26,https://youtube.com/shorts/M8lkjA1gFEQ,
1ky5hke,Cristiano Ronaldo’s INSANE Daily Routine at 40 Years Old!🔥,0,0,2025-05-29 08:23:34,https://youtu.be/JHR7V1RVQbs?si=S1QmsV1x9DSrTVTX,
1kxpcax,Yo speed,7,1,2025-05-28 18:58:32,https://i.redd.it/b3qpgnqflk3f1.jpeg,Come on speed
1kxsbtq,Ishowspeed texting everyone 🤣,2,0,2025-05-28 20:56:39,https://youtu.be/sySkTEhYQ90?si=4ThMgVFvokqRh0Lc,
1kxg8ca,Ishow goated,4,1,2025-05-28 12:49:11,https://i.redd.it/dhi0f7jjri3f1.jpeg,
1kxczf1,NEW UKDRILL DANCE,6,2,2025-05-28 09:44:10,https://v.redd.it/3ee8jnnguh3f1,
1kxpg7w,Finally found the video,1,2,2025-05-28 19:02:39,https://www.twitch.tv/videos/2470423184,
1kx5ljh,New meme unlocked 😭,19,5,2025-05-28 02:14:27,https://i.redd.it/4gxtumsamf3f1.jpeg,"“Come on boy, I won’t bite” ahh"
1kxh92a,Cristiano Ronaldo’s INSANE Daily Routine at 40 Years Old!🔥,1,0,2025-05-28 13:35:03,https://youtu.be/JHR7V1RVQbs?si=7hYTPdvYU5MngT5X,
1kx2m1t,Speed Reincarnation,10,0,2025-05-27 23:48:00,https://v.redd.it/mnm1p6z5we3f1,
1kwfuyf,Ishowspeed.,201,27,2025-05-27 05:54:46,https://i.redd.it/3wsa71xok93f1.jpeg,
1kwb934,SPEED YOU MUST WATCH,215,22,2025-05-27 01:34:20,https://v.redd.it/gklm3pw7a83f1,SPPE
1kwan4j,💔💔💔,146,32,2025-05-27 01:02:36,https://i.redd.it/d1tb8nek483f1.jpeg,
1kxg7rs,Ishow jerk🤣,0,9,2025-05-28 12:48:25,https://i.redd.it/196xtyjeri3f1.jpeg,🤣🤣
1kw97ay,Jamal runs Streamer University 😳,37,1,2025-05-26 23:49:50,https://v.redd.it/jl0fb5rjr73f1,
1kwcz52,Jamal streamer university,14,0,2025-05-27 03:03:59,https://v.redd.it/w03he448q83f1,
1kw2q07,Hood Speed,59,14,2025-05-26 19:08:57,https://www.reddit.com/gallery/1kw2q07,
1kw2oph,Jamal getting bullied by snowwcone,48,33,2025-05-26 19:07:28,https://v.redd.it/u3rpaef7d63f1,Yo speed help your brother out bruh btw shes a racist theres a clip of her js being straight up racist
1kw1c9b,I show speed tried to recreate the dance😂,54,2,2025-05-26 18:13:21,https://v.redd.it/wb7tg6gj363f1,
1kwd80z,Jamal aura edit,9,1,2025-05-27 03:17:29,https://v.redd.it/6dtf22sms83f1,
1kw92wl,Jamal’s mom disrespected and he gets bullied at Streamer University,9,1,2025-05-26 23:43:50,https://v.redd.it/8wv9gp8iq73f1,
1kwdljc,Speed genes,2,0,2025-05-27 03:38:37,https://v.redd.it/mnnygqjew83f1,
1kwei5q,nun moans in speeds ear and makes him scared,1,1,2025-05-27 04:30:51,https://clips.twitch.tv/UnusualSassyMoonCoolStoryBro-NokY-yAeUM_9UqjY?tt_content=url&tt_medium=redt,Nun moans in speeds ear and makes him scared
1kwd0ox,Rakai and Jamal,1,0,2025-05-27 03:06:20,https://v.redd.it/wjj90x7nq83f1,Ra
1kwda6z,Jamal aura,0,0,2025-05-27 03:20:56,https://v.redd.it/3frofhu8t83f1,
1kvitir,What made ishowspeed blowup from 2020-2021,29,42,2025-05-26 01:53:23,https://www.reddit.com/gallery/1kvitir,Ishowspeed randomly gets 100k views on a stream back in 2021 and then after that gets 200k views on 2 streams when he was avg 20k views. Ever since then hes just been going up and up. I wanna figure out what happened that made ishowspeeds popularity spike.
1kvwyur,iShowFreak,2,4,2025-05-26 15:18:31,https://i.redd.it/5uygdeyc853f1.png,iShowFreak
1kvcyzz,This is so sad bro Speed can't tryout for Madrid,24,6,2025-05-25 21:01:10,https://www.reddit.com/gallery/1kvcyzz,When he was talking to the FIFA president he mentioned how he's gonna tryout for Real Madrid at the event thing but he's barely too old (he's 20 years of age and you need to be 18-19) and he's going to be GUTTED when he realises this. 😭✌️
1kvuvcz,Speed react to this!,0,0,2025-05-26 13:51:27,https://www.youtube.com/watch?v=uIGRMIdjYgE&t=423s,
1kuzbwk,Curious why Speed is not inside Kai Uni stream?,106,41,2025-05-25 10:23:20,https://i.redd.it/b43hokwrmw2f1.png,Where is Lazy Bro Jamal lol join it?
1kvoc72,Jamal is starting trouble at Streamer University 🤣,2,6,2025-05-26 07:21:29,https://youtube.com/shorts/WcdWEIcpMYc,
1kv2bew,Speed fan art,13,1,2025-05-25 13:17:15,https://i.redd.it/yfimep2thx2f1.jpeg,Hello
1kv4pms,What Happen If IShowSpeed Collab With KSI,2,0,2025-05-25 15:05:19,https://v.redd.it/gsdsyshj0y2f1,So I Found This Remix On Internet And It's Quit Good So That's Why I Uploaded On This Reddit I Hope Speed React This. BTW This is a link you can listen all credit goes to this guy ( https://youtu.be/Z4jfZ2dMfog?si=y97DXsS3P8miNzse ) 
1kv9xos,IshowSpeed and FIFA President - big announcements about CR7 and funny mo...,1,0,2025-05-25 18:48:21,https://youtube.com/clip/UgkxbjWSKxIWADVTmtH8_w5MilPyO_MbJ0Bz?si=32LAFxDuOTZH8pDu,
1kv9irx,IshowSpeed and FIFA President - big announcements about CR7 and funny mo...,1,0,2025-05-25 18:30:33,https://youtube.com/clip/UgkxtIBoZYVdHZIBrMNdX8z3bu7DZsQ_RTJw?si=in21RUvmecFkR3D3,
1kujmbk,Bro jumpscared her 💀,33,2,2025-05-24 19:23:07,https://v.redd.it/r8m26c266s2f1,
1kuz0cd,Speed Need to lay off the bean,2,0,2025-05-25 10:01:50,https://www.youtube.com/shorts/k42RcEEl-a8,Bro need to wipe after that
1kukr5a,Ishowspeed is a different breed,20,12,2025-05-24 20:15:49,https://i.redd.it/qmi89iokfs2f1.jpeg,"I’ve been seeing everyone asking where is speed in the streaming university 😹 would yall see lebron playing for the g league everyone combined in the streaming university are bubble guppies compared to speed 

Guys are acting stupid in the uni while speed is out here streaming with the fifa president 

Has anyone in the uni ever pulled in 1 million subs everyday at the age of 16 at one point speed pulled in 1.5 million in a day at 16 

No one can ever get to speeds level respectfully "
1kv2pal,Yo they put Speed in the Minecraft movie lol,0,2,2025-05-25 13:35:31,https://i.redd.it/mxpv8j02lx2f1.jpeg,
1kuvxra,IShowSpeed new Twin,1,0,2025-05-25 06:28:05,http://Plantiboys.com,New Twins of iShowSpeed
1kuow75,speed fanart,3,1,2025-05-24 23:33:43,https://i.redd.it/x1uwglbvet2f1.png,
1kuqsxf,"Yo speed, you should play this game called “Indigo Park”!!! It’s really great! God bless! 🙏🙏🙏❤️❤️❤️",2,1,2025-05-25 01:17:53,https://store.steampowered.com/app/2504480/Indigo_Park_Chapter_1/,
1ktzvnu,IShowSpeed meets FIFA President for the first time ⚽️,119,6,2025-05-24 01:21:26,https://v.redd.it/3y1173q6tm2f1,From: @gianni_infantino on Instagram
1ktllze,???,285,5,2025-05-23 14:55:40,https://i.redd.it/q1s05bojpj2f1.jpeg,
1kuwkt3,Pls,0,5,2025-05-25 07:11:28,https://i.redd.it/0elsdfyjov2f1.jpeg,"Can yall pls help me get 1 coin 🙏🏿
Code: 169155379"
1kttfqw,Speed evolved from Bow Wow to Rick James,16,1,2025-05-23 20:16:44,https://www.reddit.com/gallery/1kttfqw,
1kts2s4,when you meet speed at the beach,6,0,2025-05-23 19:18:25,https://v.redd.it/9yepe9gozk2f1,
1ktrmhb,Aliens created world war. Old empire vs. The domain,2,0,2025-05-23 18:59:52,https://v.redd.it/re30w8amwk2f1,
1ktur7q,Dabo catches Jaycinco with his gf first day of SU,1,0,2025-05-23 21:13:17,https://youtube.com/shorts/Z3XFqsdHxYQ?si=_jiLy7yXCjHrRFMK,
1kshlfd,No amount of context can defend this,1106,39,2025-05-22 04:00:05,https://v.redd.it/b2a0batjb92f1,
1ktomn0,10 SECRETS About Ronaldo & His Family He NEVER Talks About! 🤯,0,0,2025-05-23 16:58:41,https://youtu.be/lzZgW28voXA?si=frRIRet-cmyyQ14i,
1ktibfj,Hey speedy im a big fan,2,1,2025-05-23 12:28:29,https://i.redd.it/l46qqoaazi2f1.jpeg,
1kt6hl8,"Ishowspeed infinite loop, wait to the very end 🤣",10,0,2025-05-23 00:33:40,https://v.redd.it/354qum7qff2f1,Sleep stream 
1ksne8k,😂,64,6,2025-05-22 10:33:05,https://v.redd.it/tixsppor9b2f1,
1ktllls,I love IShowSpeed  ❤️❤️❤️ and free Palestine🇵🇸,0,4,2025-05-23 14:55:12,https://i.redd.it/eglr5rtgpj2f1.jpeg,"Ty speed for everything you like Palestine my name is Mustafa and when you go live, can you mention me my TikTok is I hate school"
1ksbndo,Hood mrbeast 😈,5,0,2025-05-21 22:54:48,https://v.redd.it/d061jj37t72f1,
1kskei4,10 BANNED Things Cristiano Ronaldo NEVER Does in His Life ( Part 2 ) 🤯,0,0,2025-05-22 07:00:57,https://youtu.be/ArHoJLIkjtY?si=-b3gW9AtJbCxkk7J,
1ks54zs,My Final Reaction to iShowSpeed’s China Tour | Thank You for Letting Me Grow Here,7,3,2025-05-21 18:24:55,https://i.redd.it/winkb4g3f62f1.png,"Hey everyone,

I just uploaded my final reaction video to Speed’s China tour. This time it’s the 'Changsha' episode. I didn’t plan this series from the start. I only made the first couple of reaction videos (Shanghai and Beijing) because I was genuinely angry about something that happened in the Beijing stream. I needed to speak up.

But somehow... I ended up doing the ENTIRE tour. And now, it’s finished.

Throughout this journey, I’ve been sharing my videos here. Yeah, I know some people might say I was just trying to grab views from the community, and that’s not untrue. But honestly, every time I posted, I felt seen, not rejected. I’ve never been banned or downvoted harshly. I felt safe here, even though I’m just a total newcomer with a tiny channel. That means a lot. So THANK YOU!

Looking back, I realise I made the right choice, choosing Speed as the subject of my very first YouTube series. This only becomes clear when you’ve followed the entire arc of his livestreams across China. As someone older than him, and someone who didn’t even know who he was before this, I have to say: I REALLY LIKE this guy! After watching his streams repeatedly to make these videos, I came to genuinely admire him.

There wasn’t a single moment where he made me feel uncomfortable or regret choosing him as my subject. That’s rare. He’s a good one, as we say in Chinese, 'he’s got backbone'.

So yeah… this is the last one in the series. I do have a recap video coming up next, but that’ll be more about my creative journey making this series, more reflective and personal. I might not post that one here since it’s less about Speed and more about my process. I want to stay respectful of the rules.

As for what’s next: I’m working on a new documentary-style series based on a real-life experience of mine. It’s personal, it’s layered, and it’s not just for immigrants or minorities. It’s for anyone who’s ever felt invisible inside a system. Another is called 'Misunderstood by Default', a lighthearted but thoughtful exploration of cultural misunderstandings between East and West. If that sounds interesting, feel free to sub to my channel and follow along.

Thanks again for the quiet support you’ve shown me here. You really helped a stranger grow.

Here's my reaction link:  
[https://youtu.be/w7C7OQkP3V8](https://youtu.be/w7C7OQkP3V8)

"
1krrimx,"I'm planning to start ishowspeed's Japanese translation channel soon, but I'm not sure if it's okay to use his live feed without permission.",28,32,2025-05-21 06:59:59,https://i.redd.it/lckjbtbo232f1.png,
1krd5k9,When viewing fan arts on Discord gone wrong.. 🌚,79,15,2025-05-20 19:01:44,https://v.redd.it/twf4rajpiz1f1,
1krstgp,Speed BREAKS DOWN at The Last of Us 2 Ending 😭,2,0,2025-05-21 08:34:18,https://youtube.com/shorts/c1x9wvZSL3c?si=xLvxanEr5OHDtP41,
1kraa0b,I love this man🤩😭,23,7,2025-05-20 17:08:58,https://i.redd.it/t39kn9flyy1f1.jpeg,
1krj2b9,Speed Challenged To A Dance Battle In Mongolia,4,0,2025-05-20 23:10:36,https://www.youtube.com/shorts/S5tGa4pVdXg?feature=share,
1krpz32,10 BANNED Things Cristiano Ronaldo NEVER Does in His Life ( Part 2 ) 🤯,0,0,2025-05-21 05:16:05,https://youtu.be/ArHoJLIkjtY?si=1l9UwzljMPQEM4-y,
1kr9nf0,10 BANNED Things Cristiano Ronaldo NEVER Does in His Life ( Part 2 ) 🤯,0,0,2025-05-20 16:44:26,https://youtu.be/ArHoJLIkjtY?si=RZLpdKH_N88gAsiv,
1kr084c,10 Footballers Cristiano Ronaldo Secretly HATES,0,0,2025-05-20 09:01:07,https://youtu.be/G_8Wd0m2mlE?si=Iv208btxPwqsemMo,
1kr8e3c,IshowAss,0,1,2025-05-20 15:54:56,https://www.reddit.com/gallery/1kr8e3c,
1kqrdjg,IM SO AMP’D 🆙 YA ISHOWSPEED,3,1,2025-05-20 00:11:48,https://youtu.be/I-WBHPXpoCQ?si=cxVYtQ_hxapewjVy,https://youtu.be/I-WBHPXpoCQ?si=cxVYtQ_hxapewjVy
1kqa9ey,POV Football (soccer) | They put me in goal,2,0,2025-05-19 12:20:10,https://youtube.com/watch?v=GNq0-S1GCGQ&si=t261Svqsg1sMSMU6,
1kpi3vm,Speed reaction after a successful comeback in eafc,139,6,2025-05-18 11:47:57,https://v.redd.it/meze1j0h3j1f1,
1kq75r9,POV Air Dribling Like Ronaldinho,1,0,2025-05-19 09:10:13,https://youtube.com/shorts/7rBwj65KsqE?si=a5FoSpHxAUii6ZQ-,Simply Magical
1kq30c8,This Game Turns Friends Into Enemies 💀,2,0,2025-05-19 04:25:13,https://v.redd.it/7m0l3b5f1o1f1,
1kpbf4c,TF 😂☠️☠️☠️😂😂😂,103,20,2025-05-18 04:13:17,https://v.redd.it/9js8615mtg1f1,
1kpn3to,Tlou edit,8,0,2025-05-18 15:50:39,https://v.redd.it/41mygkssak1f1,"
"
1kp6143,iShowSpeed Reacts to That Boat Scene in The Last of Us 2,107,15,2025-05-17 23:15:58,https://v.redd.it/x4mw0uzadf1f1,
1kp64vf,Subtle foreshadowing of a Terms of Service (TOS) scene in TLOU 2 💀,23,2,2025-05-17 23:21:10,https://v.redd.it/tjdddya9ef1f1,
1kpb842,Wholesome,7,2,2025-05-18 04:01:36,https://i.redd.it/jesfu7tasg1f1.jpeg,
1kog4nn,IShowSpeed's same reaction of Sarah's death on TLOU1 after 3 years 👀,557,58,2025-05-17 00:25:58,https://v.redd.it/1wg9z2cwk81f1,
1kpfo1q,POV Cold dribbling skills 🥶,1,0,2025-05-18 09:03:20,https://youtube.com/shorts/0-zPNafzSXw?si=9YFYbQfmSSzyVEGJ,
1koxd2q,How Ronaldo almost ended his career! #shorts #trending #shortsfeed #cr7,0,0,2025-05-17 16:43:23,https://youtube.com/shorts/GSL0CwCu2Js?si=77m4ROMFNY2yhc_x,#Ronaldofans
1koojvh,POV You start dribbling but can't stop,2,0,2025-05-17 08:57:43,https://youtube.com/shorts/eQSaRKn04y8?si=1erXUr7zLqUEHvqP,
1koomwd,34K views · 436 reactions | #girl #dance #reelsfb #fypシ゚ #Tiktok #foryou #virals #girlfriend #trending | Delorres,1,1,2025-05-17 09:03:33,https://www.facebook.com/share/r/1Abp88DmJG/,BBL u
1knygdz,"i show speed reaction when asked which was more brutal, rko by randy or spear by bron breaker, lol",36,1,2025-05-16 11:27:23,https://v.redd.it/3f01934rp41f1,
1kol4na,10 Footballers Cristiano Ronaldo Secretly HATES,0,0,2025-05-17 05:05:23,https://youtu.be/G_8Wd0m2mlE?si=cdMsqTVyrPMKMoee,
1kol2ww,10 SECRETS About Cristiano Ronaldo That Will SHOCK You ( Part 2 ) 🤯,0,0,2025-05-17 05:02:23,https://youtu.be/a5Brt4d-90A?si=JW2ZmHB4ddVRU8vj,
1koihkp,Sleeping Headband,0,0,2025-05-17 02:32:34,https://v.redd.it/fm77lx04791f1,"Sleeping Headband 
Only $21.99
Link:

https://88gs0c-mr.myshopify.com/products/fone-bluetooth-earphones-sports-sleeping-headband-elastic-wireless-headphones-music-eye-mask-wireless-bluetooth-headset-headband"
1ko5ju4,10 SECRETS About Cristiano Ronaldo That Will SHOCK You ( Part 2 ) 🤯,1,0,2025-05-16 16:43:38,https://youtu.be/a5Brt4d-90A?si=xug0gvviEi0u61XW,
1ko4l9k,Why IShowSpeed Almost Never Made It?,1,0,2025-05-16 16:04:09,https://www.youtube.com/watch?v=SIXkN_MvWB8,"Watch the moments that Ishowspeed could have given up, but he kept on going....It's a source of inspiration for aspiring streamers. But also alot more information you may not know about him."
1ko3mzv,First person football  | Good football game,1,0,2025-05-16 15:25:31,https://youtube.com/watch?v=BL07KFLrSo4&si=Y-tKk1kyy2vZKrmd,
1knb963,Vote,63,44,2025-05-15 15:35:36,https://i.redd.it/t31vaqjdty0f1.jpeg,https://www.kidschoiceawards.com/global/vote/favorite-gamer
1knz787,Baby ishowspeed rocking it,1,0,2025-05-16 12:08:00,https://youtube.com/shorts/TT_KlxjbtAo?si=u5AAr7dwMFa48wmO,
1knl4zh,Ishowspeed 💀,11,0,2025-05-15 22:20:35,https://v.redd.it/mj2fdjnmt01f1,
1knwei6,POV You play like Iniesta,1,1,2025-05-16 09:15:08,https://youtube.com/shorts/Z2gPrpyRcuw?si=uEEE3vTudfv1oCvo,
1kntoq8,Where are his past streams??,0,2,2025-05-16 06:00:10,https://v.redd.it/p5eq0o0m331f1,"the last livestream visible on his channel is philipines part 2 8 months ago
what about the rest???? There are only videos no streams"
1kn9oz3,follow me speed bro. W ronaldo and W speed. I love you speed I am your big fan. Pls follow me on insta or like my any post speed,7,2,2025-05-15 14:31:57,https://i.redd.it/crtsfmr0iy0f1.png,
1kn85p8,😂😂,7,8,2025-05-15 13:25:48,https://v.redd.it/nvn9eco76y0f1,
1kngmyp,Cristiano Ronaldo (Jersey) on the top of Mt.Everest,2,1,2025-05-15 19:12:23,https://www.facebook.com/share/p/16LWmPEbiU/,"At 6:25AM, 14th May 2025, Lhakpa Tendy Sherpa from Rolwaling, Nepal got to the top of Mt. Everest with Cristiano Ronaldo's Jersey while guiding a Chinese climber to the top. This is is third time on the summit of Everest. He has been a fan of Ronaldo forever. "
1knxdu6,I love china 😍,0,10,2025-05-16 10:22:25,https://www.reddit.com/gallery/1knxdu6,Bro who is this fine shyt 🇨🇳 she's gorgeous 😍
1kmepau,Ishowseed,270,13,2025-05-14 13:07:15,https://v.redd.it/w3m91jjyxq0f1,Goated
1kmolh4,UPVOTE SO SPEED CAN SEEE!! THE GOAT🐐🐐,41,0,2025-05-14 19:46:59,https://v.redd.it/jogntiabxs0f1,
1kn9idm,IShowSpeed’s Dad Is A Messi Fan 😳,1,0,2025-05-15 14:24:13,https://youtube.com/shorts/qa35YkdTKuc?si=gR8wiPKPixvcT31m,
1kn6ilz,POV football | Chill football game,1,0,2025-05-15 12:06:58,https://youtube.com/watch?v=npUQ-dq_UCw&si=1G59-xGOopu45Y9c,
1kn3t1x,POV You defend like Sergio Ramos,1,0,2025-05-15 09:18:11,https://youtube.com/shorts/Rp7KAA7Ta7Q?si=6p1EIEyXm1wR4yjH,
1kmp145,Jamal,9,15,2025-05-14 20:04:49,https://www.reddit.com/r/Ishowspeed/comments/1kmp145/jamal/,"It's soo cringe and embarassing how jamal tries to act like speed by pretending to get angry and copying all his sayings. Literally just watch jamals stream for 5 minutes and you will get what i mean,he aint ever gonna be as succesful as his brother. What do yall think?"
1kmqkc6,This song captures IShowSpeed’s energy better than Speed himself,3,1,2025-05-14 21:07:07,https://i.redd.it/wmd7tu1mbt0f1.jpeg,"What if IShowSpeed had an anime intro theme…
I made a full high-energy music video tribute to Speed’s legendary “SUUUUWIIIIII” moment.
It’s over-the-top, wild, and pure meme chaos — exactly how he’d want it.

https://youtu.be/gbzXiHnYIpc?si=Ius15m9htQgQnF43&utm_source=ZTQxO

Would love feedback from the Speed gang. Do we have a banger?"
1klps4z,your hair,133,8,2025-05-13 16:04:49,https://v.redd.it/lt7yzolqok0f1,
1km5c9c,Hi my friend how are you I’m new to Reddit,13,9,2025-05-14 03:21:37,https://i.redd.it/i8jchk2i1o0f1.jpeg,I’m a day trader 
1kmdrhu,First person football | My legs are tired but I love football,2,0,2025-05-14 12:21:38,https://youtube.com/watch?v=4WOhIeop9BE&si=j_euw1ARR1NFpCan,
1kloup0,I show speed backflip on the set up to impress his girlfriend 😂,72,0,2025-05-13 15:28:07,https://v.redd.it/pncl2fi7ik0f1,
1km9u7p,10 Footballers Cristiano Ronaldo Secretly HATES,2,0,2025-05-14 08:10:51,https://youtu.be/G_8Wd0m2mlE?si=LPtQPIeqtUxFbYCB,
1kmbqed,POV smoth dribbling skills,1,0,2025-05-14 10:26:40,https://youtube.com/shorts/sCPF2zuZJm4?si=KKtj2Yy4KApT2Mk5,
1klwjrc,Hoodcenat with ishowspeed 💀🥀,7,0,2025-05-13 20:30:56,https://v.redd.it/5ppl8d480m0f1,
1klh38b,Speed Been a fan of tjay,19,2,2025-05-13 08:50:59,https://i.redd.it/yox7a7ddji0f1.jpeg,
1klm25z,Where can I find these tshirts IShowSpeed wears lately? (probaly heavyweight ones but I just cant find em),6,5,2025-05-13 13:33:35,https://i.redd.it/8i0ugbdsxj0f1.jpeg,Where can I find these tshirts IShowSpeed wears lately? (probaly heavyweight ones but I just cant find em)
1klt9b8,New song,2,1,2025-05-13 18:20:44,https://youtu.be/rka8kDvO3Ls?si=dMSN-O7zLG3kgMdg,"React to it 
 Broskiii 
Suiiii"
1klyrj9,Adin Ross Tries What-A-Burger For The First Time..,1,0,2025-05-13 22:00:45,https://youtube.com/watch?v=If7q9lmRJS8&si=Omiob4-n8QZqHCZo,
1klphte,this yt Gyuudan talks about the aftermath of the chongqing pig dude :o,4,0,2025-05-13 15:53:53,https://v.redd.it/q5xgvf1omk0f1,"apparently it got him free advertisement for his food.

Here’s the original leak to support the creator ig: https://youtube.com/shorts/rXRlzYYUeQQ?si=j-lPZmg9aDkkwJ4n"
1kls2ap,"Speed’s Shenzhen Stream was A Month Ago, But the Cultural Moments Still Hit Differently",2,2,2025-05-13 17:34:33,https://i.redd.it/63387srz0l0f1.png,"It’s been a month. My brain’s had time to overthink.

In this reaction video, I talk about how tech triggered my UNHINGED imagination and ofc Uncle Goose... but from a cultural angle.  
Let’s just say, it’s not your usual reaction.

[https://youtu.be/MXDYO1E\_i74](https://youtu.be/MXDYO1E_i74)"
1klqujt,10 Footballers Cristiano Ronaldo Secretly HATES,2,0,2025-05-13 16:47:04,https://youtu.be/G_8Wd0m2mlE?si=7rqJ6ZJfxU1usUPd,
1kla5xt,Black Khan,12,1,2025-05-13 01:47:36,https://i.redd.it/l8n3mahofg0f1.png,
1klkubi,POV Football | I got stamina,1,0,2025-05-13 12:37:30,https://youtube.com/watch?v=e2R6SYGp9Q8&si=7Gp4eEYXT_sfe-Gz,
1kkt8b1,I show speed fr won this trend,59,3,2025-05-12 14:00:05,https://v.redd.it/uexn6lblxc0f1,
1klhmf1,Soccer POV The pockets of space are important,1,0,2025-05-13 09:28:49,https://youtube.com/shorts/pu20Jw0uMv8?si=h3cTKW483Q0utrcP,
1kkzndf,What speed got these ppl doing bro😂🤣😭💀💀💀,14,7,2025-05-12 18:14:20,https://i.redd.it/px6ose8y6e0f1.jpeg,I’m deaddd😂🤣
1kjwj0i,I Love how supportive Speed is when his brother hits a 100k Subs.,669,38,2025-05-11 08:49:49,https://v.redd.it/0hu93pvb940f1,
1kkqn1m,This would be peak Ngl,4,1,2025-05-12 11:56:47,https://i.redd.it/q6u1yfzlbc0f1.jpeg,"Btw, shout out to KiteTheKosmic on YouTube for the meme inspiration.  Here’s the link: https://youtube.com/@kitekosmic?si=Lq1MeS2iNSCjZTGI"
1kklrsm,I tried applying my art skills as perfectly as I could. IshowSpeed as the mysterious creature- ISHOWALIEN,7,3,2025-05-12 06:31:23,https://i.redd.it/4n6r2aojpa0f1.jpeg,"This art was harder to make, cuz of the amount of details."
1kkrcy9,tried my best,2,1,2025-05-12 12:33:35,https://i.redd.it/xeh1g5c3ic0f1.png,
1kkowfc,POV Effective way to create space for a shot,2,0,2025-05-12 10:13:38,https://youtube.com/shorts/h5__WLA1Ml0?si=_C26bX4DDKUUDmCI,
1kksbno,POV Football | Back to Defensive midfield for fun,1,0,2025-05-12 13:19:23,https://youtube.com/watch?v=0JyA9P2wZYo&si=gNBGlPq7DvAAn5iY,
1kkmhr5,10 Strict Rules Cristiano Ronaldo MUST Follow in His Life! 🤯,2,0,2025-05-12 07:21:17,https://youtu.be/z1IvoB_KfBg?si=UySp0QnO8hZYA2B6,
1kklw86,IShowSpeedGod is good remix,2,0,2025-05-12 06:39:55,https://youtu.be/jlM5QHRG8vI?si=BI5nGH8xqEQ2-Wym,"Get speed to see this fr!

P.S if speed sees this I’ll make another speed remix 👀 "
1kjwerv,Two peas in a pod,57,2,2025-05-11 08:41:13,https://i.redd.it/kf8you0r740f1.png,
1kjpl5f,Ishowspeed,68,8,2025-05-11 01:30:21,https://v.redd.it/30j1f9qw220f1,
1kjsbgj,Ronaldo edit speed credits:@gnmseditz,15,0,2025-05-11 04:07:56,https://v.redd.it/tpdu5el0v20f1,
1kjxs56,10 Strict Rules Cristiano Ronaldo MUST Follow in His Life! 🤯,2,0,2025-05-11 10:17:27,https://youtu.be/z1IvoB_KfBg?si=9kr7cAoGT6tQTPXa,
1kjp5vi,Can someone send this to IShowSpeed,10,8,2025-05-11 01:07:00,https://v.redd.it/utptg7ory10f1,
1kjabhm,Speed reacted my Fanart (AGAIN…)😍,35,9,2025-05-10 13:28:47,https://v.redd.it/rpr1g2b6iyze1,After an amazing response for my last drawing. Speed reacted to my fanart again☺️
1kj66dd,nah this guy is lokking way too funny 🤣😂,67,8,2025-05-10 09:19:14,https://i.redd.it/vs2t0lco9xze1.jpeg,
1kj4e1h,😂 end of the vid to funny,85,0,2025-05-10 07:11:02,https://v.redd.it/pga9df9smwze1,
1kj05dh,"Why is he screaming? (Dark, disturbing answers only)",38,73,2025-05-10 02:46:24,https://i.redd.it/axzbxachbvze1.jpeg,
1kirtbf,Major L fan. Don't be like this dude.,112,39,2025-05-09 20:01:26,https://i.redd.it/9abrx45cbtze1.jpeg,
1kjjnwt,How Prime Outsold Every Other Sports Drink!!,1,0,2025-05-10 20:33:56,https://www.youtube.com/watch?v=AZ0ONWcbR-I,
1kj684u,contrasting brothers,6,3,2025-05-10 09:22:52,https://i.redd.it/75lucylbaxze1.png,
1kipxyl,Jamal in 15 years if he don’t lock in,84,5,2025-05-09 18:40:58,https://v.redd.it/ohraagbzwsze1,"
"
1kj3amd,Speed Football Photo,8,3,2025-05-10 05:57:18,https://i.redd.it/8e8b6fbn9wze1.jpeg,I found speed football photo actually on this website I ran up on it. not sure how
1kjeo0e,10 Reglas Estrictas que Cristiano Ronaldo DEBE Seguir en su Vida! 🤯,1,0,2025-05-10 16:48:21,https://youtu.be/APHg296dc2Y?si=akNFblWCpob1bXur,
1kjejjo,10 Strict Rules Cristiano Ronaldo MUST Follow in His Life! 🤯,1,0,2025-05-10 16:42:44,https://youtu.be/z1IvoB_KfBg?si=jdYLHdQwr4_VQrqy,
1kj690b,POV You turn into prime Messi,2,0,2025-05-10 09:24:45,https://youtube.com/shorts/IbssdHpWY5A?si=5YDhmO_ezeRSZAf8,
1kiqsuv,Nobody else see the similarities?? Ishowspeed looks like Twinkie from Tokyo drift?,13,2,2025-05-09 19:17:49,https://www.reddit.com/gallery/1kiqsuv,
1kipc5c,whats the soul eater headband speed wears in this stream?,15,15,2025-05-09 18:15:16,https://v.redd.it/3q82b5nbrsze1,i heard it was a fake of something else but idk where to get one cuz i want it 
1kioaao,Fast and Furious Ishowtwinkie vibes 🔥,17,0,2025-05-09 17:31:27,https://www.reddit.com/gallery/1kioaao,"W
"
1kio3qa,Lost redditor suggested me to post this here...,9,3,2025-05-09 17:23:55,https://i.redd.it/3r7kpta8jsze1.jpeg,
1kir0ch,Let’s this be the beginning,6,0,2025-05-09 19:26:40,https://v.redd.it/0y2zr8au4tze1,
1ki3j9c,do yall think speed suits his new braids?!?!,163,80,2025-05-08 22:46:25,https://v.redd.it/9dymgvgozmze1,looks like Travis Scott
1khnwv8,HOLY MOLY,596,40,2025-05-08 11:38:32,https://v.redd.it/ie5qvz0pojze1,I don't know if this has been posted here but damnnnnnnn.
1ki36ve,Speed + Tung Tung Tung Sahur 🪵 💫,64,0,2025-05-08 22:30:34,https://v.redd.it/i120b2yxwmze1,
1ki1tr3,cut lookin clean,64,13,2025-05-08 21:30:14,https://www.reddit.com/gallery/1ki1tr3,
1kih0oz,When the INVINCIBLE filter was activated,4,0,2025-05-09 12:16:00,https://v.redd.it/9607wyga0rze1,
1khn27b,Bro decided to play along😭,360,13,2025-05-08 10:48:47,https://v.redd.it/9ozluj9tfjze1,
1kio686,Watch It...,1,0,2025-05-09 17:26:49,https://youtube.com/shorts/4OcD0jG5y8s?feature=share,It took 2 hours
1kiggp7,(ISHOWSPEED'S NEW HAIRSTYLES 💀🤯),2,1,2025-05-09 11:46:11,https://youtube.com/shorts/46K_8qGot48?si=OdcyxHTKD2CZ1XPH,
1kidrxo,POV ultimate soccer teamwork goal ⚽️,1,0,2025-05-09 08:49:54,https://youtube.com/shorts/rz_MHDcyz40?si=lnaOOTCYBwnnjh8x,
1ki6y3e,Please look at this lovely portrait I made of you! Made with only passiona and love! Hope you like it!,3,2,2025-05-09 01:38:25,https://i.redd.it/i05ovv5hunze1.png,❤❤❤❤❤❤❤❤❤❤😍
1khy3eh,When Ishowspeed tried to be like the goat🐐🐐,10,0,2025-05-08 18:56:19,https://v.redd.it/juqjf30tulze1,
1khhcgf,New Chinese Lore Dropped,102,6,2025-05-08 04:15:34,https://v.redd.it/1hgiyp3ohhze1,
1khroxj,Need help finding a clip,12,3,2025-05-08 14:36:59,https://i.redd.it/ji2i5vijkkze1.jpeg,"Can anyone find that one clip of speeds desktop glitching and spamming the n word as he screams over it, it’s lowkey driving me crazy i can’t find it."
1khyec4,I made a fan art for you,3,1,2025-05-08 19:08:23,https://i.redd.it/05380lpywlze1.jpeg,
1khuxpb,HEYY SPEED I DREW YOUR DOGGY :3❤️,4,1,2025-05-08 16:49:37,https://i.redd.it/rerdu8708lze1.jpeg,"hey speed <3 I drew your dog I hope you like it X3 

"
1kgw98t,Bro watch out for the bear,281,2,2025-05-07 12:35:55,https://v.redd.it/rq8n8ki0ucze1,
1khbzrx,Old speed edit 🤫,17,1,2025-05-07 23:36:42,https://v.redd.it/eaficqrw3gze1,
1khm47c,POV Kid Haaland Goal,2,0,2025-05-08 09:47:40,https://youtube.com/shorts/Qw1Oz6b1XFk?si=cdBRAABUQH9TVRiU,
1khiqvp,Speed Calls Kai,3,0,2025-05-08 05:44:52,https://youtu.be/S-XEc4INt0c,
1khiun9,10 Last-Minute Goals by Cristiano Ronaldo That SHOCKED The World!,2,0,2025-05-08 05:51:53,https://youtu.be/Yw-tZWiyEb8?si=oJiZAAsY-X0Mj1ob,
1kga06g,"Different year of GTA 6 trailers, same disappointment 💀",1315,25,2025-05-06 17:14:18,https://v.redd.it/cldwm13s27ze1,
1khiyju,10 Goles de Último Minuto de Cristiano Ronaldo que Sorprendieron al Mundo!,1,0,2025-05-08 05:59:16,https://youtu.be/TwZ9idDPvXc?si=mnpGSy-Z-EGFyZi-,
1kh4fyv,"I reacted to IShowSpeed's Hong Kong stream, explained snake soup, panda family, Unc's updates and even spoke a bit Cantonese",2,3,2025-05-07 18:17:40,https://i.redd.it/rvbr1dzaieze1.png,"Hey guys, I'm back again!

This time I reacted to Speed’s Hong Kong stream, and yup, I even tried to speak Cantonese. Like many of you, I don’t speak it at all, but I gave it a go for this video. Just some basic phrases… but hey, at least I tried!

The video includes pandas at Ocean Park, snake soup, Uncle Goose's updates, Anime voice girl Liqin and and a few cultural things that Speed ran into. Hope it gives you a laugh or two, and maybe even some context for the chaos.

Would love to hear what you think!

Here's the link:

[https://youtu.be/5Jv8Vu3-gKI](https://youtu.be/5Jv8Vu3-gKI)"
1khb301,What y’all think?,1,3,2025-05-07 22:53:38,https://v.redd.it/26n8z2l7wfze1,
1kh36dp,10 Last-Minute Goals by Cristiano Ronaldo That SHOCKED The World!,0,0,2025-05-07 17:27:43,https://youtu.be/Yw-tZWiyEb8?si=C0m8jU5YpKqECrbi,
1kh2844,10 Goles de Último Minuto de Cristiano Ronaldo que Sorprendieron al Mundo!,1,0,2025-05-07 16:49:53,https://youtu.be/TwZ9idDPvXc?si=H8OjWEGLqnmrXWce,
1kgbir3,Who's this guy?,54,28,2025-05-06 18:14:20,https://i.redd.it/l5vuqjk8d7ze1.png,"I'm curious to find out who this is, he is in the stream that is live right now, he was in IShowSpeed's Dads music video, he was on ceremony or something with Speed and Dad etc. Maybe i'm mixing up two people, but I couldn't find or figure out who he is."
1kgzv7c,If Ishowspeed was in 1969….,0,1,2025-05-07 15:15:09,https://i.redd.it/fq5yh2lfmdze1.jpeg,Full video on yt
1kge6bi,I'm Schmozzle and my channel got TERMINATED for Harassment after I made If IShowSpeed was in Karate Kid and my appeal was rejected. I don't know what to do chat plz help,31,34,2025-05-06 20:02:18,https://i.redd.it/2k2wza9mw7ze1.png,
1kg8dc6,"Seen at a Lawson in Suzhou, China",54,4,2025-05-06 16:08:39,https://www.reddit.com/gallery/1kg8dc6,Lawson is popular convenience chain store. 
1kgsweb,POV Ronaldo Chop Goal,1,0,2025-05-07 09:13:11,https://youtube.com/shorts/DtUPTEH50Dw?si=IBuvZIBOPDy3QFcl,
1kgl7yq,Who do you think is faster speed or a pistol/snapping shrimp?,4,0,2025-05-07 01:17:22,https://v.redd.it/qsfpg5xyg9ze1,Everybody is on about the gorilla versus 100 people whatever but I’m more like let’s go back to the old days and discuss which is faster a shrimp that could create a bubble that implodes and create the heat of the sun for a fraction of a second
1kgadqa,After an amazing response for my previous art🥰 i decided to make another..,14,5,2025-05-06 17:29:16,https://v.redd.it/z2f8ue9g57ze1,
1kh0zcr,"Please , help",0,1,2025-05-07 16:00:09,https://i.redd.it/3tvo34ogudze1.png,.........
1kg40wd,Even Henry and Rudiger have their own video.,17,1,2025-05-06 13:07:40,https://i.redd.it/doyqjusru5ze1.jpeg,
1kg2cil,🚨🚨🚨🚨BREAKING 🚨🚨🚨🚨 Speed just signed a 3-year contract with Real Madrid. Speed ​​is expected to be on the pitch in the summer of 2025. Welcome to the club Speed!,14,9,2025-05-06 11:43:01,https://i.redd.it/a6iayteof5ze1.jpeg,
1kgcj49,Speed calls Kai Cenat fake 😬,0,2,2025-05-06 18:55:01,https://i.redd.it/ez49fi5rk7ze1.jpeg,"Speed just said that Kai is fake now as he doesn't pick up the phone and that he's moving different


Ive been seeing Kai cenat get a lot of backlash about how he fakes his laughs and how he deserves the hate he's getting and for speed to add on to it...


Could this be the end of Kai and Speeds relationship?"
1kfmj08,IShowSmoothie >> 🫶🏽🧋,56,1,2025-05-05 20:48:21,https://v.redd.it/wcugqrm001ze1,
1kg48tp,10 BANNED Things Cristiano Ronaldo NEVER Does in His Life! 🤯,2,0,2025-05-06 13:17:56,https://youtu.be/NNkFxR8Aoq4?si=ozsO2R8DGUduEqm0,
1kg8llr,Bro stop yapping and do something already,0,1,2025-05-06 16:17:52,https://i.redd.it/tbo1fjrps6ze1.jpeg,
1kgj6d5,Congratulations Speed!,0,5,2025-05-06 23:36:23,https://i.redd.it/lelfyudyy8ze1.jpeg,
1kfzym0,POV playing football like Lamine Yamal,1,0,2025-05-06 09:09:25,https://youtube.com/shorts/LxXUOV8E-y4?si=y5q9MT-UGCub52Oz,
1kfx1g0,Ishowspeed in every IRL stream intro (mimicry video) rate it guys!💓💓,0,0,2025-05-06 05:36:11,https://youtu.be/_qi_MX6dXGs?si=PC9FOekzb9s3CBqX,I made this video for fun guys please tell me if you liked it or not
1kfv0po,The Brand NEW AMP House Tour..,0,0,2025-05-06 03:32:01,https://youtube.com/watch?v=IprmSUu8W3U&si=43vwJ60URW0a2NdW,
1kffrjg,Someone send this to Speed!,7,1,2025-05-05 16:20:38,https://i.redd.it/ozhpx9gaozye1.jpeg,
1kenyo9,Speed tries indian food😋,276,28,2025-05-04 16:31:26,https://v.redd.it/fxfl2vt9lsye1,
1kfj2nb,Would appreciate an like+ follow,1,0,2025-05-05 18:30:51,https://youtube.com/shorts/wp5w-6LsBbM?si=zto-SDjEEHayE_PG,
1kff071,Don’t,1,0,2025-05-05 15:50:38,https://youtube.com/clip/UgkxZEawN_xdxIg7Z08PyRVE1NnUMKvTjq_h?si=QMW8VWh3JhqrQEYG,"Pls
"
1kf5z1m,What do you all think of this drum cover to Thick of It,4,5,2025-05-05 07:46:23,https://v.redd.it/b6l0c9cj4xye1,"For the Full Video, check it out on my YouTube channel: https://youtu.be/RXP7hxxZvj0?si=PELvpnNeQ6ob-R0t

For more related content; follow me on Instagram; https://www.instagram.com/jethrodavidofficial?igsh=aGJmYnNvZTUxanVo&utm_source=qr

And follow me on TikTok: https://www.tiktok.com/@j.drums?_t=ZM-8w62REZZKEv&_r=1 "
1kenoiq,Snoop posted abt it 🤣🤣,40,4,2025-05-04 16:19:29,https://i.redd.it/4pu02cn6jsye1.jpeg,
1keiify,Goats are finished? 💔,48,10,2025-05-04 12:20:07,https://v.redd.it/ht6amnxgcrye1,
1kf73k0,POV striker goal,1,0,2025-05-05 09:09:02,https://youtube.com/shorts/futfMdOqeoA?si=C_gqR1ekhm0E_UX8,
1kepvfm,Speed would love this video,2,1,2025-05-04 17:52:04,https://i.redd.it/5j5vlllnzsye1.png,
1ke59ts,most satisfying speed revenge on kai cenat😈🤐🤯,37,1,2025-05-03 22:45:44,https://v.redd.it/wyor8rp5bnye1,
1kdzk7u,😂 nigga started running (play this game speed)?,57,4,2025-05-03 18:23:15,https://v.redd.it/9t5fp3fc0mye1,
1kdrn6w,Bro got a little too excited😂,107,7,2025-05-03 12:19:06,https://v.redd.it/2j60lk8d7kye1,
1kextqk,SPEED LOOKALIKE FOUND IN AFRICA,0,12,2025-05-04 23:42:48,https://v.redd.it/dvoonh78quye1,
1kdyi2s,😂,22,1,2025-05-03 17:37:44,https://v.redd.it/firw8r28slye1,
1kefzth,Bro you ruined your whole PC HAHAHAHAHAHAHAHAHAHAHAHAHAHAHAHAHAHA,1,0,2025-05-04 09:39:39,https://www.youtube.com/watch?v=RaJ_vuEv5-I,
1kef9a0,Superidol,1,0,2025-05-04 08:47:08,https://youtube.com/shorts/UN4gLXza4eM?si=8SWJBCIf4wI66F9s,Meme
1kee9xs,Superidol,1,0,2025-05-04 07:36:07,https://youtube.com/shorts/ItnyuMKaXF4?si=NGr45iNME80PHzq5,"Please like and follow 
"
1kedhqs,10 Funny & Cute Moments of Ronaldo and His Family Part 4 ! 🥰❤️,1,0,2025-05-04 06:42:29,https://youtu.be/p1ObhgZMdTY?si=6IFXnjFtnNQUDG90,
1kdz46t,Funny,10,2,2025-05-03 18:04:12,https://www.reddit.com/gallery/1kdz46t,Ishowspeed fan content by me
1kdz6no,E.T PHONE HOME!,8,2,2025-05-03 18:07:07,https://i.redd.it/x0qyab2exlye1.png,
1kdrifg,we made Speed rave visuals,18,2,2025-05-03 12:11:28,https://v.redd.it/r2hju1vt5kye1,"i (@eero.visuals) made the 3d animation in Blender and @enigmatic_e turned the 3d model into Speed with AI.




"
1kdpra0,That one Ishowspeed Edit,16,1,2025-05-03 10:22:04,https://v.redd.it/fx4k6yyhmjye1,Credits to: @sanchezamv on Tiktok 
1ke2w53,Mrtrending is finally trending,2,0,2025-05-03 20:53:01,https://v.redd.it/ojppiq9hqmye1,Welcome to this sub reddit hope you enjoy it and pls go subscribe to mrtrending on yt. I now have 8 subacribers.
1ke5qzy,💀,1,0,2025-05-03 23:09:18,https://youtube.com/shorts/M3q2bklkWeM?si=Dh3CmCqK6W5WRZnl,
1kdwrel,We play football for love ⚽️❤️,2,0,2025-05-03 16:20:52,https://youtube.com/shorts/95K7f8h9Pro?si=ld_LDqEwvdKrnRM4,
1kdx8ak,10 Funny & Cute Moments of Ronaldo and His Family Part 4 ! 🥰❤️,0,0,2025-05-03 16:42:09,https://youtu.be/p1ObhgZMdTY?si=DnKf4YArv4XRVW0m,
1kdrark,yoo speed rate my song and yeah  i know  is trash,0,0,2025-05-03 11:59:45,https://www.youtube.com/watch?v=x7Cb3Y2tRvY,
1kd9fxc,2026,19,10,2025-05-02 19:22:59,https://i.redd.it/2zgt27e26fye1.jpeg,
1kdc725,It explains itself.,13,1,2025-05-02 21:20:37,https://i.redd.it/ofe6w943rfye1.jpeg,
1kdgsen,IShowSpeed,3,0,2025-05-03 00:57:23,https://www.reddit.com/gallery/1kdgsen,🤣🤣🤣🤣🤣🤣🤣🤣🤣
1kce99v,Gorilla VS speed,697,37,2025-05-01 17:20:08,https://v.redd.it/6k3mga88f7ye1,Sp
1kcc7eb,Chat am i cooked?,77,8,2025-05-01 15:55:48,https://i.redd.it/5lze10x307ye1.jpeg,Trigonometry studies are boring as fuck what can i say
1kcr1ce,Speed VS Messi in Celebrity Kombat: Who will lose his head?,2,0,2025-05-02 03:06:15,https://youtu.be/SYBoxT-wg6k,
1kcnyjq,fan art,2,1,2025-05-02 00:24:18,https://i.redd.it/rjtfjybri9ye1.jpeg,
1kcl46e,speed is this guys idol 😂,3,3,2025-05-01 22:09:34,https://v.redd.it/qbzxle0tu8ye1,
1kbmxyu,☠🥀,539,17,2025-04-30 17:58:26,https://v.redd.it/q03xx6g5h0ye1,
1kcpqr0,fan art,0,1,2025-05-02 01:57:18,https://i.redd.it/zhznj9vgz9ye1.png,
1kc62b5,Speed do not click on this video!,6,0,2025-05-01 11:08:56,https://v.redd.it/9fdoc6v0l5ye1,"This video is just for entertainment purposes.
Theory_Tornado"
1kbb3zw,Leaked video Ishowspeed India visit,599,46,2025-04-30 08:00:56,https://v.redd.it/gm1ovq0kixxe1,
1kbicyu,When Speed met Peter🤣,86,0,2025-04-30 14:48:49,https://v.redd.it/kvjf43qbjzxe1,
1kcb3hl,Seems like streaming isn't paying the bills,0,0,2025-05-01 15:10:12,https://www.reddit.com/gallery/1kcb3hl,
1kbbh12,3 mil likes bro...,14,1,2025-04-30 08:28:10,https://i.redd.it/vkpy1e7gnxxe1.jpeg,
1kbr3bf,"My new reaction to Speed’s Chongqing stream | Uncle Goose, poisoned fruit, and conflicted feelings",1,1,2025-04-30 20:53:14,https://i.redd.it/6a1pns2bb1ye1.png,"Hi everyone, I'm the creator who posted the Chengdu reaction video recently (with that problematic thumbnail—yes, lesson learned! I've changed that episode's thumbnail). Apologies again! 🙇‍♀️

I’ve just uploaded my new video covering Speed’s stream in Chongqing.

This one dives into the poisoned fruit moment, Uncle Goose’s sudden rise (and the pressure he’s facing), and a bit of personal emotional spiral I went through while making it. 

I had a lot of inner conflict while creating this video，but I chose to speak truthfully.  
So far, the comments I’ve received have shown me kindness and understanding, and I’m really grateful for that.

I'll take your feedback seriously! 

Would love to hear your thoughts if you have time to check it out. Always open to learning more from the community.

[https://youtu.be/0Gpdu60FgbY](https://youtu.be/0Gpdu60FgbY)"
1kbmmw3,Cristiano Ronaldo REFUSES to Eat These 10 BANNED Foods! 🤯,0,0,2025-04-30 17:45:42,https://youtu.be/lkJgzppyheM?si=wGSH9A1lQnRs9Zp2,
1kblv13,IShowspeed vs. Hippo - Who is Faster?,1,0,2025-04-30 17:13:45,https://youtu.be/AYMrGWS7qfs,
1kbjjdr,10 SECRETS About Cristiano Ronaldo That Will SHOCK You ! 🤯,0,0,2025-04-30 15:37:45,https://youtu.be/J4rl1SmiUrY?si=2u8tT_aG1Ste7RKN,
1kbglrd,10 Banned Foods Cristiano Ronaldo NEVER Eats in his Life ! 🤯,1,0,2025-04-30 13:32:38,https://youtu.be/lkJgzppyheM?si=4zjhZSvbvfP9FpZl,
1kb3tmd,Speed face,3,1,2025-04-30 00:47:10,https://i.redd.it/nzlhxca7dvxe1.jpeg,
1k9ysv6,Unc is a superstar,288,30,2025-04-28 15:47:35,https://v.redd.it/fa3tg5hyjlxe1,
1kadpqm,Who WOULD WIN 1 GORILLA 🦍 OR 100 MEN 🧍🏾‍♂️🧍🏾‍♂️🧍🏾‍♂️,37,1,2025-04-29 02:47:09,https://v.redd.it/jwgn442ptoxe1,
1k9xxu5,Speed what....?,282,31,2025-04-28 15:11:46,https://v.redd.it/syuwcxhmdlxe1,
1kagkbf,Snow White starring IShowspeed ft. KSI,1,0,2025-04-29 05:35:51,https://youtu.be/9Yvn57EMKlI,
1k9o4mx,Chinese CC made a small game based on Speed's adventures in China.,9,5,2025-04-28 05:31:04,https://www.bilibili.com/video/BV1fgdQYpE3Y,"Found this while looking at Chinese version of YT, the creator hopes that Speed might be able to play it eventually and even included an option to switch the language to English. Sadly I don't think BiliBili has auto-translate to English, the video is just him designing the game and adding characters and collectibles themed around Speed's moments and people he met.

The creator also made a 2d sidescroller version of Black Myth Wukong and some other silly games.

Just thought I'd get this out there and maybe someone can share it with Speed."
1k9ch5k,Ishowspeed would you get this type of Ronaldo g wagon car I bet won’t get one gang at dealership upgrades and customs pieces it,23,1,2025-04-27 19:38:41,https://v.redd.it/isshc8qbkfxe1,
1k9s29q,This ishowspeed clip broke the Internet 💀,0,0,2025-04-28 10:16:40,https://youtube.com/shorts/xfFOJv9rNPU?si=dBl8CGdBMCgqd8A2,
1k9bo6i,CHAT THERE IS ANOTHER ADD VERSION OF HIS FAVORITE THING,15,10,2025-04-27 19:04:04,https://v.redd.it/n89tkfx3efxe1,
1k9524v,Speed and Uncle together!,26,0,2025-04-27 14:21:00,https://www.reddit.com/gallery/1k9524v,"Weww , drawing this was really, REALLY taking up the whole time of my day.. but it was worth the shot! (Urgh, 5 hours in total.) Replicating Uncle’s puffy jacket pattern was a bit difficult though, but I managed to simplify some of the flower designs.
Speed is at an average - level, he was fun to draw as well! Really enjoyed it when I got to the part with drawing the clothing fold..

BUUUT, either way! 
“ Did you make this? ” Yes! 
I’m @vaunetu, which explains the V signature at the top left alongside the date it was created at the bottom. You can find my exact user there in TikTok, AND Twitter. ✨)

一 (Just a heads up, if you guys want to share my artwork in different socials, please don’t forget to credit me! Hihi.)"
1k9g7tp,Speed please react to this!,4,1,2025-04-27 22:22:19,https://i.redd.it/nm5cfjiidgxe1.png,
1k9i7lg,looking for a VOD,3,1,2025-04-27 23:59:43,https://i.redd.it/wnu5gmvtugxe1.png,anybody got the vod of him playing this weird ass talking tom game?
1k8cvdm,Bro just literally flashed 🌚,364,27,2025-04-26 13:24:05,https://v.redd.it/8wuomqdlk6xe1,
1k97auw,😂,2,0,2025-04-27 15:59:18,https://v.redd.it/01w0nsb7hexe1,
1k96pdk,10 Crazy Rules Cristiano Ronaldo’s Girlfriend Georgina Must Follow! 🤯,1,0,2025-04-27 15:33:26,https://youtu.be/GEfvQwpIvxI?si=ogndBUR_WjOsXKCf,
1k8bvg6,Anyone saw nsfw on speed's stream,107,25,2025-04-26 12:31:53,https://i.redd.it/mobmx4r9b6xe1.png,"Image not related to the nsfw
I see people canceling him for it"
1k94536,10 Crazy Rules Cristiano Ronaldo’s Girlfriend Georgina Must Follow! 🤯,1,0,2025-04-27 13:37:13,https://youtu.be/GEfvQwpIvxI?si=advhgbNPdSU2RsBy,
1k8hpod,What timeline are we in 💀,43,1,2025-04-26 17:02:09,https://www.reddit.com/gallery/1k8hpod,
1k8hfwk,Oh no caught 4k Blur Blur Blur,28,3,2025-04-26 16:50:34,https://i.redd.it/2gme3984l7xe1.png,
1k8kzta,NAHHH ☠☠,14,1,2025-04-26 19:25:24,https://i.redd.it/5yet8g7yc8xe1.png,
1k8i4h2,Sums up the stream tbh!,22,1,2025-04-26 17:19:56,https://i.redd.it/awdcr86oq7xe1.png,
1k8d253,gaaaaaah dymn,45,1,2025-04-26 13:33:29,https://i.redd.it/a48vjbj9m6xe1.png,
1k924hs,Im challenging ishowspeed to a boxing match. Watch video on my Mr Waffla Tiktok page.,0,5,2025-04-27 11:48:11,https://v.redd.it/0vfy3ndd8dxe1,
1k8g82d,Cooked 😭😳,3,2,2025-04-26 15:58:29,https://i.redd.it/p6bmqz75c7xe1.jpeg,
1k8h9pp,10 Strict Rules Cristiano Ronaldo’s Girlfriend Georgina Must Follow! 🤯,2,0,2025-04-26 16:43:05,https://youtu.be/3WsuZUY8Pjc?si=b-8rIllNgLfJMB4g,
1k8lnkw,Ed Sheeran casually pulled up to Speed and KSI for a picture or at least it looked like him,1,1,2025-04-26 19:55:17,https://x.com/zen_echo1/status/1916219195895021937?s=34,
1k8j9r3,Speed this is the real Neymar highlights,1,0,2025-04-26 18:09:26,https://youtube.com/shorts/s1trepP9CTg?feature=shared,
1k7mh1x,Speed Should Visit Burkina Faso 🇧🇫,153,30,2025-04-25 14:34:38,https://www.reddit.com/gallery/1k7mh1x,
1k7sver,"The Chinese Uncle , “ Jiang Ge ”",35,3,2025-04-25 18:57:52,https://www.reddit.com/gallery/1k7sver,"I watched Speed’s tour twice, and I must say - his ‘uncle’ truly is a sweetheart. He never gave up on finding him just so he could promote not for his profit, but for his hometown’s crops and goods. Not to mention that he also saved a teenager from drowning a while back, and is heavily involved in charities before he met the streamer himself.

(What’s disheartening is that SOME people still criticized him for being too ‘pushy’ or ‘clingy’ around Speed’s presence when all he wanted to do was to promote the braised goose, and so on.. huhu.)

Adding to this, I also really think Unc saw speed as his own nephew / son at some point, despite not having a family of his own for who knows how long, which is an impeccable dynamic forming between them based on their interactions and how they banter a lot, lot. He took care of others like they’re his own family, and even the bodyguards. It showed Unc’s pureness especially when he tried to sneak himself in just so he can buy everyone’s snacks without having to worry Speed he’ll buy it himself.

Lmao I might be dramatic for almost sobbing over their family - like bond they have with each other, but it’s really .. REALLY sweet. 

What do you guys think of them so far? Any thoughts?"
1k7tmeo,Me and my 2 best friends,6,1,2025-04-25 19:29:36,https://i.redd.it/htx5s63w81xe1.jpeg,
1k7mwuc,ofc he does a sponsorship with THIS out of all things 💀,14,2,2025-04-25 14:53:07,https://v.redd.it/0a788w1jvzwe1,
1k7qxky,They made If IShowSpeed was in Karate Kid,5,1,2025-04-25 17:38:19,https://i.redd.it/usoqi4w0p0xe1.png,
1k7mdp6,Found all these Neat Gifs on BlueSky,5,0,2025-04-25 14:30:35,https://www.reddit.com/gallery/1k7mdp6,"Btw, These are just still Screenshots I took and there’s plenty more. "
1k7p3ga,POV: IShowSpeed Goes Full Anime Mode in China... With Pikachu?! | 2D Fan Animation Feat. Pikachu,2,0,2025-04-25 16:23:26,https://youtu.be/KFMqXcbz0dc?si=FkyVUiDY-xqnXHLP,
1k6uxez,R.i.p,91,1,2025-04-24 15:22:33,https://v.redd.it/nw7yalxuvswe1,
1k7nihg,New best song definitely listen ;),0,1,2025-04-25 15:17:50,https://suno.com/song/f02b6f3c-9fd9-4334-a5a9-eb07932358af?sh=7ErRetwpMyqv8H9x,"Very wholesome and romantic. You're type of music right?
Listen om stream. Qnd if your up for it, give Dylan and Finley a shout out ;)"
1k724yi,Hey yoo,32,1,2025-04-24 20:12:23,https://i.redd.it/m7ka0q7mbuwe1.jpeg,
1k79764,I love you from Iraq🤍,12,6,2025-04-25 01:39:05,https://i.redd.it/1vcveqfwxvwe1.png,
1k7hhnn,Does this count as 2 goals?,2,0,2025-04-25 10:20:29,https://youtube.com/shorts/1SAFVEVAoac?si=AQwAWkJwlBmz7rrr,
1k73cij,大张伟 Wowkie Da Zhang Wei - 阳光彩虹小白马 Sunshine Rainbow White Pony (Gay parody),4,1,2025-04-24 21:02:36,https://v.redd.it/ubzrs8egkuwe1,
1k7276b,Speeds dad?,3,1,2025-04-24 20:15:00,https://i.redd.it/m81j8953cuwe1.jpeg,
1k6obq2,Speed should do more pack opening videos!,14,3,2025-04-24 09:53:02,https://i.redd.it/czxr7v2n8rwe1.png,"Always love watching this style of content even if it is just 15 15-minute segment of a stream. Can pull some really good cards worth thousands. Given as well he has the budget to open some boxes like the immaculate panini cards, could be a fun watch 

Also even rare pokemon and shit. For the record I know nothing about cards just find the suspense fun"
1k6k70v,Wtf is lil bro doing here while he's rapping about cocks,31,3,2025-04-24 05:04:58,https://i.redd.it/x0py60dotpwe1.jpeg,
1k6w60g,He Went Viral for Being ‘Too Cringe’ — Then the World called him SUPER IDOL -- the Story of him,2,0,2025-04-24 16:11:53,https://youtu.be/DeBz7PMpJfk?si=trNHvDb26fzCwMhp,
1k6xsak,A Girl Told Speed 'I'm RACIST!' in Chengdu... But the Joke Didn't Land. Here's Why.,0,7,2025-04-24 17:17:00,https://i.redd.it/upf37xxhftwe1.jpeg,">

>"
1k6aze9,Billboard in Nepal,34,2,2025-04-23 21:29:47,https://v.redd.it/t9hfnpliknwe1,Nepal invites you Speed 🇳🇵. There is a billboard in Pokhara welcoming you
1k6mn8l,10 Insane Goals ONLY Ronaldo Can Score and Messi Never ! 🤯,2,1,2025-04-24 07:50:27,https://youtu.be/ij5PzL7ZZ-Q?si=bCxt-Dsz6kbI3xlu,
1k61938,Our Speed quietly surpassed almost every top YouTuber in hype and influence,36,9,2025-04-23 14:57:35,https://i.redd.it/ng4klfbhmlwe1.jpeg,"I’ve been watching this shift happen for a while, and it’s wild how Speed went from being seen as a chaotic meme guy to someone who’s now arguably more influential (and searchable) than some of the biggest names on the platform.

I broke this down in detail, but here are 5 reasons I think Speed surpassed creators like KSI, Kai, Adin, and even MrBeast in certain areas:

Raw relatability – He doesn’t act “brand-friendly” or polished. People connect with his unfiltered reactions.

Global meme status – From Brazil to Japan, his clips go viral in all cultures without language barriers.

Constant evolution – Every few months, Speed reinvents or jumps on trends in a way that feels organic.

Cross-platform chaos – Whether it’s TikTok, Twitch, or YouTube, he’s always trending without relying on just one platform.

Cultural imprint – He’s become a reference point in online slang, meme edits, even music.

I broke this down more deeply with side-by-side moments, search trends, and content evolution comparisons — if anyone’s curious, I uploaded it on YouTube.
Check it here if you wanna watch: 
https://youtu.be/8ImM4GX9fgg"
1k693xt,Speed 💀,7,0,2025-04-23 20:12:49,https://www.reddit.com/gallery/1k693xt,
1k5xk8u,Looser and Goat,26,2,2025-04-23 12:10:47,https://i.redd.it/5ecpu11sskwe1.jpeg,
1k5q7o6,This match💀,69,3,2025-04-23 04:06:21,https://i.redd.it/2r1qttpceiwe1.jpeg,Speed prime??)
1k66kgq,Super Idol 的笑容 / 热爱105℃的你 (Gay parody),4,3,2025-04-23 18:30:15,https://v.redd.it/7ytjjd3domwe1,
1k63w9b,Speed and Jeffy have the Same Jump,2,0,2025-04-23 16:43:41,https://www.reddit.com/gallery/1k63w9b,
1k661um,10 Insane Goals ONLY Cristiano Ronaldo Can Score and Messi Can’t!,0,0,2025-04-23 18:09:21,https://youtu.be/ij5PzL7ZZ-Q?si=02IZi2TjuEW8Lj7E,
1k64yar,Speed gotta watch this,0,0,2025-04-23 17:25:51,https://www.youtube.com/watch?v=smNC66K71E0,
1k63v3v,10 Insane Goals ONLY Cristiano Ronaldo Can Score and Messi Can’t! 🔥,0,0,2025-04-23 16:42:19,https://youtu.be/ij5PzL7ZZ-Q?si=xD_qm8bULnYmHIWU,
1k4rofs,She said WHAT??! 💀,1055,242,2025-04-21 23:17:11,https://v.redd.it/oed2eoiut9we1,
1k5fc42,Speeds friends 🤣,22,0,2025-04-22 19:35:07,https://v.redd.it/p9u5q7l4vfwe1,
1k5vgcn,"Speed , open football packs! Ask miniminter which packs are best",0,1,2025-04-23 10:05:37,https://i.redd.it/7l5pg76f6kwe1.png,
1k4ynie,Bro got his own billboard in my country,195,11,2025-04-22 05:22:26,https://v.redd.it/b1kzf6j0nbwe1,When is he 
1k5d7b4,How do i make it bigger,17,1,2025-04-22 18:10:31,https://v.redd.it/3jao9nazffwe1,
1k5udu5,POV you are Ronaldinho,0,0,2025-04-23 08:50:42,https://youtube.com/shorts/wH9-Jusj_PQ?si=7pu007mohyHS52Ex,
1k5thqt,Speed needs to open one of these!,0,1,2025-04-23 07:44:14,https://i.redd.it/04bjtkjzgjwe1.png,Pretty shocked he hasnt opened cards before as theres a chance for some insane cards in these packs. Always been a fan of speeds fifa pack openings so real life pack openings would be a sick idea 
1k53euu,Did you know about this? 💀💀,38,5,2025-04-22 10:57:22,https://i.redd.it/isj73ytradwe1.jpeg,
1k5r3np,✂️ realest speech,0,0,2025-04-23 05:00:23,https://youtube.com/clip/Ugkxy1YsvewfJCx6Fz1cP2dx5oqNnsPXTKJ_?si=tm8HxX2DnoEqEVbL,
1k5of3r,If ishowspeed in karate kid,0,0,2025-04-23 02:28:56,https://youtu.be/smNC66K71E0?si=lzjeJ6lCZJTpzsd9,
1k5i5yl,He Went Viral for Being ‘Too Cringe’ — Then the World called him SUPER IDOL -- the Story of him,2,0,2025-04-22 21:30:43,https://youtu.be/DeBz7PMpJfk?si=75Jl7VoeI9yRwRcj,
1k53fj5,say two of posting random ishowspeed clips,13,3,2025-04-22 10:58:35,https://v.redd.it/h72e9c5zadwe1,
1k52708,Speed black khan is real,13,0,2025-04-22 09:34:42,https://v.redd.it/6v4prja0wcwe1,Z
1k5ouk4,Thoughts?,0,1,2025-04-23 02:51:23,https://i.redd.it/emt3s0yt0iwe1.jpeg,
1k4qsrc,Student in Peru's university used Speed for his project,71,0,2025-04-21 22:37:18,https://v.redd.it/tojfi922m9we1,"So someone shared this in my group chat, the guy used speed's photo for representing homo sapiens (project is about human evolution), teacher's words are to convince all of them, including the teacher (idk what exactly but most probably related to the use of the picture of speed), or else everyone will go against him"
1k4edx4,Pope Francis Died at 88,150,14,2025-04-21 14:06:42,https://i.redd.it/9woiac2n37we1.jpeg,
1k4atwm,day one of posting random ishowspeed clips,106,28,2025-04-21 11:05:49,https://v.redd.it/swbcjf8d76we1,
1k54od4,First person view football | Teamwork on point,0,0,2025-04-22 12:08:09,https://youtube.com/watch?v=1gHGRzrKPSg&si=-7qtucc9oOljdh3x,
1k4tpci,"Talent Show Contestant Juniss2 Plays Attack on Titan on Piano (YouSeeBIGGIRL, Ashes on the Fire)",7,0,2025-04-22 00:54:28,https://v.redd.it/olgfsd8oaawe1,
1k4co5m,Speed reacted to one of my fanart guys☺️,56,3,2025-04-21 12:48:08,https://v.redd.it/vzyfl9ekp6we1,
1k52qwf,"""It's Changsha local! CHANGSHA LOCAL!""",1,3,2025-04-22 10:13:24,https://v.redd.it/37ghtxht2dwe1,
1k52c7t,Small goals no worries ⚽️,0,0,2025-04-22 09:45:10,https://youtube.com/shorts/a_1-znZQzHk?si=6Jql3HGjjEFLD5_e,
1k4ti9o,"Johnsmosh, d1 hater in speed's chat since early 2024",5,6,2025-04-22 00:44:38,https://i.redd.it/o7pq48le9awe1.jpeg,
1k4zy1k,Why 7 Million People Were Moved by his 10 words. The Story Behind Master Liang Xiaolong,1,0,2025-04-22 06:49:32,https://youtu.be/ZbrT1dzU9TQ?si=j4PagHfZo5QTjlNF,Story behind Master Liang.
1k4zp7h,Listen this banger  dude,0,0,2025-04-22 06:32:53,https://youtu.be/5g6hWonqXr8?si=hrniMKbEDA8dmUJp,
1k4kw9r,Ishowshreck,4,1,2025-04-21 18:34:07,https://i.redd.it/elikbdccf8we1.jpeg,
1k443a1,remember this guy?,69,21,2025-04-21 03:31:16,https://i.redd.it/yclc6kf6y3we1.jpeg,
1k4j6pk,Speed u should’ve showed up at wrestlemania 41 last night,6,1,2025-04-21 17:27:43,https://i.redd.it/hwpxiq9i38we1.jpeg,
1k4ibef,Why did Speed’s Beijing stream get so much heat from Chinese viewers?,3,7,2025-04-21 16:54:04,https://i.redd.it/1lxd36dax7we1.jpeg,"I made a reaction video going through the moments that triggered the backlash.  
As a bilingual creator, I tried to explain why certain phrases or behaviours felt “off” to many Chinese netizens — even if they seemed like jokes.

It’s not just about culture shock — it’s about tone, timing, and unspoken rules.

Here’s the breakdown: [https://youtu.be/1DRVveq84eU](https://youtu.be/1DRVveq84eU)

Curious what Speed’s fanbase thinks about this."
1k4knkl,"Who is on this pin on the Shaolin kung fu stream, used to fix ishowspeeds attire?",3,1,2025-04-21 18:24:45,https://i.redd.it/rrts1ejod8we1.jpeg,
1k3q61o,IShowSpeed karate kid 2 edit 🥋🥊,304,5,2025-04-20 16:17:37,https://v.redd.it/bxhmge63m0we1,
1k4m5dk,The Story Of IShowSpeed(Inspirational❤️),1,0,2025-04-21 19:23:52,https://www.youtube.com/watch?v=IJK3SWzXGmg&t=89s,
1k4fcoc,Speed please react to this edit its peak cinema,0,2,2025-04-21 14:47:45,https://i.redd.it/qvcplb5ya7we1.png,
1k3rm7r,🇨🇳🖤,50,1,2025-04-20 17:22:05,https://v.redd.it/3abjpwjkx0we1,
1k3t8d1,Speed doing Douyin with a Happy Birthday song in Chinese,20,1,2025-04-20 18:32:50,https://v.redd.it/6ivgx2i7a1we1,
1k49bvq,10 Things Cristiano Ronaldo NEVER Talks About ! 🤯,1,0,2025-04-21 09:25:34,https://youtu.be/VnW1cjEjsB4?si=tU1FxyEzX97OxSWx,
1k3djzk,China living in the future,215,281,2025-04-20 03:29:39,https://i.redd.it/dsag4rm2twve1.jpeg,"I watched a Speed China Tour video and was amazed by China’s advanced technology. They seem far ahead of the U.S., especially with innovations like delivery drones. I don’t think those would work here because people in the U.S. tend to misuse things. The culture in China is just different."
1k3rlst,SPEED WATCH THIS SPEED,4,0,2025-04-20 17:21:39,https://www.youtube.com/watch?v=IJK3SWzXGmg,
1k3r9o8,Everytime IShowSpeed met Unc Compilation,3,0,2025-04-20 17:06:46,https://www.youtube.com/watch?v=fPs2cpDrkUk,
1k3yx89,I used ChatGPT to make a iShowSpeed DissTrack,0,1,2025-04-20 23:00:44,https://www.youtube.com/watch?v=G1wb0eOM1wM,"I told ChatGPT to write a diss on Speed and I rapped it.

Curious what y’all think."
1k3qf70,The latest news of W-UNC: From Rock Bottom to Viral Hero: The True Story of 'W Unc',3,0,2025-04-20 16:29:11,https://youtu.be/gxIaVX1N21s?si=paOU8rhE9gftePW4,"The latest news of W-UNC: From Rock Bottom to Viral Hero: The True Story of 'W Unc' 
"
1k3voza,CdawgVA Impressions on IShowSpeed,1,0,2025-04-20 20:26:59,https://www.youtube.com/watch?v=vYhw9YK29ck,
1k3qgqh,Why 7 Million People Were Moved by his 10 words. The Story Behind Master Liang Xiaolong,2,0,2025-04-20 16:31:05,https://youtu.be/ZbrT1dzU9TQ?si=MlcoafPB7ES1rBri,The story behind Master Liang.
1k3rp1c,10 Things Cristiano Ronaldo NEVER Talks About ! 🤯,1,0,2025-04-20 17:25:31,https://youtu.be/VnW1cjEjsB4?si=Bk7_EIz-HEsM0VZR,
1k3qt3z,10 Things Cristiano Ronaldo NEVER Talks About ! 🤯,0,0,2025-04-20 16:46:30,https://youtu.be/VnW1cjEjsB4?si=n--YywHJniUVXwW5,
1k2qr1e,IShowSpeed's Best Moments in China and Mongolia Tour,443,31,2025-04-19 07:23:51,https://v.redd.it/rop7fpyrtqve1,
1k3lfx6,First person view football | Ultimate dribbling skills,2,0,2025-04-20 12:27:26,https://youtube.com/watch?v=hNUpsJnLphg&si=I6ylkQFv765ibFQU,
1k3ray1,The Shocking Truth about IShowSpeed's Bodyguard,0,0,2025-04-20 17:08:16,https://www.youtube.com/watch?v=KAa1VgehgCQ,
1k2qxb3,Is Speed Surpassing Mr. Beast in Influence?,63,43,2025-04-19 07:36:13,https://i.redd.it/15mqddv4wqve1.jpeg,"It’s not just about the subscriber count—there’s a lot more happening behind the scenes. Speed’s rise to fame has been lightning fast, and he’s making waves in areas where Mr. Beast has already set the standard. In this comparison, I break down how their influence, content style, and audience engagement are shaping the future of YouTube. Check out the full breakdown here: [https://youtu.be/tJSLSab4WxM]"
1k245xb,countries where speed did irl stream,1217,124,2025-04-18 12:50:50,https://i.redd.it/ots1rrfdblve1.png,
1k2wokj,Ishowspeed collab with Batzorig Vannchig,5,0,2025-04-19 13:49:08,https://youtu.be/6DtipPL8Xg0?si=RVJUmSAaRH1WUkZY,
1k2flw3,The black khan is real...,52,2,2025-04-18 21:04:10,https://v.redd.it/x2xhki1ernve1,Creator... Tiktok: @grvchus
1k2q05c,Under The Tree - Sim,6,0,2025-04-19 06:32:26,https://v.redd.it/d2xcicxqkqve1,The Black Khan in Mongolia
1k2uvsn,First person view football | Magic dribbling skills,2,0,2025-04-19 12:13:44,https://youtube.com/watch?v=6D3XCD73OF8&si=CRaSV5b3rdFa-iMC,
1k2fwfw,ISHOWSPEEDxSTECH,30,0,2025-04-18 21:16:58,https://v.redd.it/1yr8g84mtnve1,
1k2naga,ISHOWSPEED SONG 2022,8,0,2025-04-19 03:37:41,https://v.redd.it/47adf8pjppve1,#SPEED I NEED THIS#   #ISHOWSPEEDXSONOF2022
1k2tg1h,"Guys i am a youtuber and my hobby is gaming and editing. I need yall support, can you please Subscribe to my youtube channel?(please search @speed-7-edits on youtube )",2,0,2025-04-19 10:42:19,https://youtu.be/FkRuUenYHC8?si=pH1CbOqgoy5l9E1d,
1k242qg,No hate guys.. Tried drawing after a long time😢,96,35,2025-04-18 12:46:29,https://i.redd.it/i85j1h4lalve1.jpeg,
1k2nzk4,🤫RONALDO🤫,4,0,2025-04-19 04:19:20,https://v.redd.it/wj3t0tizwpve1,#CALMAA #GOAL #RONALDO 
1k2mi3m,LAMINE YAMAL,2,1,2025-04-19 02:51:43,https://v.redd.it/jgt6fxmdhpve1,SOCCER ⚽️ LAMINE YAMAL
1k1hfau,History channel at 3AM,977,18,2025-04-17 16:43:03,https://v.redd.it/ws3quhxvbfve1,
1k2wymp,Speed art with some help of ai,0,3,2025-04-19 14:02:41,https://www.reddit.com/gallery/1k2wymp,
1k2a8yx,NEYMARJR⚽️,7,0,2025-04-18 17:15:31,https://v.redd.it/hz0sdsalmmve1,#neymarjr #soccer #neymarjreverybody
1k204ar,The Black Khan in Mongolia,26,3,2025-04-18 08:39:29,https://v.redd.it/87o91ash2kve1,had to repost this
1k1wbvd,No way the translation was saying opposite. Video cr. PawsCuisine,39,1,2025-04-18 04:22:00,https://v.redd.it/v2sunzd4sive1,"The translator that unc using was not properly translating.

Video cr. [PawsCuisine](https://www.youtube.com/@PawsCuisine)"
1k20mxw,GUYS IS THIS A GOOD PACK?,11,2,2025-04-18 09:17:01,https://v.redd.it/362wlj089kve1,
1k25s7w,IShowSpeed: The Boy Who Refused to Quit,2,2,2025-04-18 14:06:46,https://www.youtube.com/watch?v=IJK3SWzXGmg&t=41s,React to this!
1k27zmq,yooo speed i am creating a new manga can you hype me up,1,1,2025-04-18 15:41:15,https://i.redd.it/3bknqbkb5mve1.jpeg,"my tik tok znxty 

@**mangaartistee0**"
1k1zc06,I was commissioned to draw Speed as bald with his reflection as the ghost of the goon,4,3,2025-04-18 07:41:58,https://i.redd.it/i3a7u3m9sjve1.jpeg,This is really funny to me and my friends it would be cool to see him react to this
1k23wv4,First person view football | Playing like a pro,1,0,2025-04-18 12:38:03,https://youtube.com/watch?v=wNb1a6WSjgQ&si=lFVYXajpuwy6vSFd,
1k1rlf0,History Often Repeats Itself | The Real-life Journey to The East,10,2,2025-04-18 00:05:33,https://i.redd.it/vmdpdiwo1hve1.png,"Hey guys, I made a reaction video to Speed's IRL trip in China.

Here's YouTube Link If you're interested:

[https://youtu.be/dA17xm8IIxY](https://youtu.be/dA17xm8IIxY)"
1k164on,Upvote so speed can see and learn,187,11,2025-04-17 06:25:18,https://v.redd.it/e64cs29k9cve1,
1k21r96,IShowSpeed’s Journey to Success Will Inspire You,0,1,2025-04-18 10:33:52,https://i.redd.it/wp6kclcvmkve1.jpeg,"The Untold, Powerful Story of IShowSpeed (MUST WATCH)

link: [The Story of IShowSpeed (In 5 Minutes) - YouTube](https://www.youtube.com/watch?v=IJK3SWzXGmg) "
1k19ekw,This picture ❤️,85,1,2025-04-17 10:24:14,https://i.redd.it/cmewboqagdve1.png,W uncle
1k1i8it,Ishowspeed movie?,20,3,2025-04-17 17:16:30,https://i.redd.it/eubie0rshfve1.jpeg,"^(iguessthisisit??""?!?! ishowspeedspeddsedd!!!)"
1k1wyw4,10 SECRET Dreams Cristiano Ronaldo NEVER Told Anyone! ❤️,2,0,2025-04-18 05:01:24,https://youtu.be/PWgmQaky7Wk?si=Uup-AgwZy60bbqz6,
1k1whjj,FANUM ARRESTED FOR SKIPPING COURT.. Gets WORSE!,2,0,2025-04-18 04:31:37,https://youtube.com/watch?v=o6B_aNelF-M&si=NErQiNSZ98JYkpEP,
1k1y6gp,Bro what 😭?!?,1,0,2025-04-18 06:21:16,https://youtube.com/shorts/T21DRuWm2tY?si=3Pxfk2tUH9BsFdmr,Like why 😂
1k1sswz,Ishowspeed breaks the internet!,2,0,2025-04-18 01:07:41,https://youtu.be/jI3tQ-ydKrg?si=jBHXKZoCFfDqyXHh,"How is Speed able to do this?!?! 


"
1k0x6w5,Is there any chance Speed will come to Russia ?,232,267,2025-04-16 22:20:31,https://i.redd.it/fakr8z08u9ve1.png,"I think it's not that dangerous, because China has way more strict laws, but Speed got no problems there, so maybe there not that much risk. Of course, he should stay away from western borders cause it's a lot more dangerous this times, but i dont think it would be much trouble. Just imagine how cool it will be if he visited coldest city on Earth, or Red Square."
1k16ml6,ishowspeed WWE entrance with his famous Chinese song (Nae Nae N***a),31,1,2025-04-17 07:00:26,https://i.redd.it/m6o67b0yfcve1.jpeg,https://youtu.be/2NT_UFBQRpw?si=QzdEs5DlDRNDi-BP
1k1hlll,ISHOWSPEED NEED TO SEE THIS⚠️⚠️⚠️,5,0,2025-04-17 16:50:15,https://www.youtube.com/watch?v=IJK3SWzXGmg,"# The Story of IShowSpeed (In 5 Minutes)

"
1k19lhu,WASSUP |\| | GG ERS,11,0,2025-04-17 10:36:56,https://v.redd.it/2fl5xzhkidve1,
1k0eoy9,Why does this historical figure look like Speed?,1343,79,2025-04-16 07:33:16,https://i.redd.it/ustcrjljf5ve1.png,
1k1njjb,when you share the same energy,1,0,2025-04-17 20:58:09,https://youtube.com/shorts/-afOqWf8-HQ,
1k15xgn,Ishowspeed learns about kangaroos !!!,10,0,2025-04-17 06:11:20,https://v.redd.it/6e2p0aq17cve1,
1k1jlcj,Ishowspeed almost k*lled by a condom #ishowspeed #ishowspeedshorts #ishowspeedmemes #shorts,1,0,2025-04-17 18:11:10,https://youtube.com/shorts/V5A98ewcn14?si=KQM-ZboKUneFNfej,
1k1jkgm,Ishowspeed almost k*lled by a condom #ishowspeed #ishowspeedshorts #ishowspeedmemes #shorts,1,0,2025-04-17 18:10:12,https://youtube.com/shorts/V5A98ewcn14?si=KQM-ZboKUneFNfej,
1k0nhdo,When ishowspeed became a vilian,132,2,2025-04-16 15:39:39,https://v.redd.it/1zphk6ilv7ve1,
1k1iz1i,ISHOWSPEED ALMOST KILLED BY A CONDOM,1,0,2025-04-17 17:46:26,https://youtube.com/shorts/V5A98ewcn14?si=WfSM6hfxpYFVZA1p,
1k0n0vl,Bro Achived his biggest dream,126,2,2025-04-16 15:20:19,https://v.redd.it/smzlkaq2s7ve1,
1k1i53b,10 SECRET Dreams Cristiano Ronaldo NEVER Told Anyone! ❤️,1,0,2025-04-17 17:12:36,https://youtu.be/PWgmQaky7Wk?si=qBPA0GHPJXmTgUn-,
1k1hgz4,10 SECRET  Dreams Cristiano Ronaldo NEVER Told Anyone! ❤️,1,0,2025-04-17 16:45:00,https://youtu.be/PWgmQaky7Wk?si=zp4deLvKjeiVmgYa,
1k0veza,Fanart of speed and unc [Timelapse],17,3,2025-04-16 21:03:54,https://v.redd.it/2gkdjuwhh9ve1,
1k0an15,What is this song?,89,5,2025-04-16 03:13:13,https://v.redd.it/h39fkm6h64ve1,Played around 4.25 in Shenzhen stream
1k0sys7,The Original Super Idol,2,0,2025-04-16 19:22:15,https://www.youtube.com/watch?v=PKmyT7oYWKM&ab_channel=阿肆,
1k0j81h,BEST HEEL TURN EVER,7,0,2025-04-16 12:30:20,https://v.redd.it/nawbyh0wx6ve1,
1k0mz4g,Yo Speed needs to react to this,4,3,2025-04-16 15:18:18,https://i.redd.it/r19ljrgur7ve1.png,
1k16s6n,My lil bro made this please stop bullying i swear.,0,11,2025-04-17 07:10:59,https://i.redd.it/047ntexshcve1.png,
1k16rm8,U guys have been bullying is this better.,0,4,2025-04-17 07:09:55,https://i.redd.it/tjuhb9hghcve1.jpeg,
1k0j5s4,First Person view football | Wonder kid is back,3,0,2025-04-16 12:27:06,https://youtube.com/watch?v=wp79rEsiADw&si=L00-KN-T6Su-d-gr,
1k0o3w5,Ronaldo ( Portugal 🇵🇹 ) Vs Spain : Ronaldo’s Comeback ☠️ || #shorts #football #portugal,1,0,2025-04-16 16:05:17,https://youtube.com/shorts/_BJMYLZYzho?si=EaRsBwQwqJQBqQd2,
1jziruu,The black khan,536,46,2025-04-15 04:07:38,https://v.redd.it/mjf7oy9abxue1,
1k0ggbi,Switching positions from goalkeeper to striker,2,0,2025-04-16 09:43:57,https://youtube.com/shorts/8jBG0rz2c-E?si=teXOcH0MJQ-MgBgz,
1k0jnqh,BRO WTF IS THIS,1,6,2025-04-16 12:52:12,https://v.redd.it/2erwuy7s17ve1,
1k0d82w,LAMINE YAMAL 🇪🇦🐐,2,0,2025-04-16 05:49:59,https://v.redd.it/ul82rspgy4ve1,
1k0342p,BRO ALMOST SOLD US 😂,10,0,2025-04-15 21:06:36,https://v.redd.it/ue7bhavzc2ve1,
1k0apd7,Speed and Unc🥹❤️,2,0,2025-04-16 03:16:37,https://youtube.com/shorts/CEf6JLzieks?si=4eK8Gd2moxVJHN-i,I made this edit if you guys can show love❤️
1k05772,fan art,3,1,2025-04-15 22:38:48,https://i.redd.it/lk7q5j7ht2ve1.png,
1jz5yu8,Unc's Motion Now,587,12,2025-04-14 18:22:49,https://v.redd.it/xvau9t2yeuue1,
1jzlwuy,OUR Speed Surpassed KSI,17,8,2025-04-15 07:30:13,https://i.redd.it/ouqd2l4xayue1.jpeg,"Speed vs KSI: Who’s More Famous?

Speed and KSI have both become huge internet sensations, but who’s truly the bigger star? Let’s break it down:

1. Viral Moments – Which one sparked the most buzz?


2. Fanbase Power – Who has the more devoted following?


3. Global Reach – Who’s influencing audiences worldwide?


4. Content Style – How do their personalities and content differ?


5. Legacy – Who’s leaving a more lasting impact?



Curious to see who comes out on top? Watch the full comparison here! [https://youtu.be/ZxzHmMpSsHQ]"
1jz495m,🍜🥟,210,3,2025-04-14 17:13:45,https://v.redd.it/n1ku0cri2uue1,
1k048ub,ishowspeed to Sun Wukong (Black Myth Wukong),1,0,2025-04-15 21:55:52,https://www.youtube.com/shorts/JPrsQymCdLw?feature=share,Also if you guys didn't know Luffy from One Piece is inspired by Sun Wukong! And Speed's Chinese Zodiac Sign is a monkey. 
1jzk3zb,i show speed is king,18,1,2025-04-15 05:28:17,https://i.redd.it/0s7qj7lapxue1.png,
1jyttxp,Unc got happy ending ❤️,818,12,2025-04-14 08:22:46,https://v.redd.it/oguryqbwfrue1,
1jzrlfw,Speed please react to If IShowSpeed was in Deadpool,4,0,2025-04-15 13:14:51,https://www.youtube.com/watch?v=a0NNMtcZ5VQ,
1jzgcyn,Speed’s China tour was unmatched😂,14,0,2025-04-15 02:01:02,https://youtu.be/m6s3A9mvsMY?si=GH1v5bZ5rNB6PF1x,(This is my youtube upload please show support if you liked the video❤️)
1jzlv8n,10 SHOCKING Sacrifices Cristiano Ronaldo Made to Become a Football Legend 🤯,4,0,2025-04-15 07:27:02,https://youtu.be/2Waa2LjIszQ?si=znYUgHbZpYlGOS78,
1jzlo0d,✂️ Speed makes a weird voice jumpscare!,2,0,2025-04-15 07:12:46,https://youtube.com/clip/UgkxL_hMFQ9PpfO2Nh4cKhULiUsAbR4KMvNA?si=4_gjr3u0ycpFOWPO,It sounds like a scary ah jumpscare!
1jzji02,10 SHOCKING Sacrifices Cristiano Ronaldo Made to Become a Football Legend 🤯,3,0,2025-04-15 04:49:57,https://youtu.be/2Waa2LjIszQ?si=D-GYdfC38aBeZ9N7,
1jzhx1f,Mongolia stream sold me,3,2,2025-04-15 03:21:03,https://youtu.be/3z1vpiBPQD8,"Never considered it a tourist destination before. Food and culture seems worth it. Mongolian Beyonce is the best.

Also this curator touring Speed looks happy and proud to present the museum. "
1jzmubo,POV footballers who abuse their pace,1,0,2025-04-15 08:34:54,https://youtube.com/shorts/o7P1iEGyO_I?si=KR9BL-wu4CYqEsBM,
1jz14qa,Ishowspeed and his bodyguard,25,2,2025-04-14 15:05:56,https://i.redd.it/q4d2crttftue1.png,
1jze514,Speeds insane😭,3,0,2025-04-15 00:11:12,https://youtu.be/m6s3A9mvsMY?si=GPDvDowaM4MfRven,"
"
1jygwxh,The Black Khan.,502,8,2025-04-13 20:15:42,https://v.redd.it/5iclslx5unue1,
1jyoz4j,IShowSpeed with  Genghis Khan - wearing MichelAmazonka the Mongolian brand behind the Mongolia’s official Olympic outfits,144,3,2025-04-14 02:59:14,https://www.reddit.com/gallery/1jyoz4j,
1jyxbbk,I heard that Ishowspeed is visiting Sri Lanka. Is that true or just a rumor?,22,5,2025-04-14 12:11:59,https://i.redd.it/aandlsgsksue1.jpeg,
1jz0rg7,2024 recap,10,1,2025-04-14 14:50:57,https://i.redd.it/ocnfgo60dtue1.png,
1jz6l10,ZAZA MADE THEM SWITCH TEAMS AND GO BALD 😂👨🏾‍🦲👨🏻‍🦲,2,0,2025-04-14 18:46:48,https://v.redd.it/n3dilvh8juue1,
1jz8z7e,ishowspeed trying to luagh warrior mangolia,2,0,2025-04-14 20:22:26,https://youtube.com/shorts/JP2hcUhVyqA?si=q3jArVDCLrUeUeFX,
1jz8t0n,Would it be wild if Speed and KSI did a music project together like this?,2,0,2025-04-14 20:15:27,https://youtu.be/pBTGaPGsPuI?si=xjqqH_Q6lpcyOeJU,
1jyx610,Just sayin....,8,0,2025-04-14 12:04:04,https://www.reddit.com/gallery/1jyx610,
1jz47kn,10 SHOCKING Sacrifices Cristiano Ronaldo Made to Become a Football Legend 🤯,3,0,2025-04-14 17:11:54,https://youtu.be/2Waa2LjIszQ?si=5PFhimK2-TWS4NTu,
1jyum7c,How else do they make IShowCream,11,2,2025-04-14 09:21:25,https://i.redd.it/h719270dqrue1.jpeg,
1jykgvh,Old speed was diff,70,3,2025-04-13 22:59:17,https://v.redd.it/pxm1jv7dnoue1,
1jz5y1j,ISHOWSPEED #china #chatmusic #backflip,2,0,2025-04-14 18:21:57,https://youtu.be/zwOaBELJruY,
1jyfjyd,Ishowspeed the karate kid in china edit,115,0,2025-04-13 19:16:52,https://v.redd.it/qvoxgdrnjnue1,
1jyx9p6,Red dead redemption two,3,1,2025-04-14 12:09:28,https://youtube.com/@thegamebuster-j3t?si=5XF-61nn_J67FPD_,Red dead redemption two 
1jy0yd2,"In 1200s, Mongol soldier first time encountering black person",688,15,2025-04-13 06:00:06,https://www.reddit.com/gallery/1jy0yd2,
1jz3gzg,10 SHOCKING Sacrifices Cristiano Ronaldo Made to Become a Football Legend 🤯,1,0,2025-04-14 16:41:53,https://youtu.be/2Waa2LjIszQ?si=ALZhnqM3Qa0u9XNc,
1jz34c0,Brazil 🇧🇷 Vs Portugal 🇵🇹 :- Penalties challenge || #shorts #portugal #brazil #football,1,0,2025-04-14 16:27:17,https://youtube.com/shorts/fKpeB3Mqcpg?si=AEEpnDoYQi2K-FAB,
1jz1e7g,Hidden gem,1,0,2025-04-14 15:16:52,https://www.youtube.com/shorts/ej34susOZqA,
1jyujgc,Youtubers with his babies 😺🥹,3,0,2025-04-14 09:16:04,https://v.redd.it/x1bb80uaprue1,
1jz0kyk,Speed needs to react to this bro...,1,2,2025-04-14 14:43:35,https://i.redd.it/kjfzetxtbtue1.png,
1jyvn27,Speed Flying Stream!,2,0,2025-04-14 10:32:44,https://youtube.com/shorts/Te9eV6ZiVC8?feature=share,
1jy1a05,Speed-chan🎀,341,11,2025-04-13 06:22:16,https://v.redd.it/rz3333dhpjue1,
1jyz264,The power of 99 dribbling,1,0,2025-04-14 13:36:58,https://youtube.com/shorts/pd7HuZyMlWk?si=NtHkDjrOZBgMP6um,
1jy5k58,Speed blowup 🥹🫂,115,15,2025-04-13 11:29:36,https://www.reddit.com/gallery/1jy5k58,🫴🏻❤️
1jy4pcq,Does Anyone know the girls name? or if she has douyin or any socials?,58,47,2025-04-13 10:31:42,https://i.redd.it/zdtqhktzxkue1.jpeg,was watching the stream and thought she was really pretty
1jyad78,If U don't like It and U get angry sorry,11,5,2025-04-13 15:34:20,https://i.redd.it/528x0qfzfmue1.jpeg,
1jy7v5w,Speed is fat and ronaldo,19,2,2025-04-13 13:39:15,https://v.redd.it/s2my60cgvlue1,Bruh🤣🤣
1jxkrkk,Respect to Unc 🫡,591,12,2025-04-12 16:09:04,https://v.redd.it/r5qugjg9hfue1,
1jy5qxy,I'm watching kino tonight,7,1,2025-04-13 11:41:55,https://i.redd.it/6iq8evhialue1.png,
1jxksnl,Unc wait for Speed to say goodbye but he never shows up 😔😭 L Mango TV 😤,176,9,2025-04-12 16:10:28,https://v.redd.it/qxys8gjihfue1,
1jxawst,Speed X Karate Kid 🥋,780,6,2025-04-12 06:23:02,https://v.redd.it/p8r08pipkcue1,
1jx6kak,China wtf?!,1506,387,2025-04-12 01:58:22,https://v.redd.it/xdidekuh9bue1,This supposed to be speed right? That bald guy definitely met him while he was in China. So what are we doing here?!
1jy840j,ISHOWSPEED eating MONGOLIAN FOOD part 2,2,0,2025-04-13 13:51:00,https://www.youtube.com/shorts/5sO4_Gvo07Q,
1jyd2tw,What are these edits man 💀,0,3,2025-04-13 17:31:43,https://v.redd.it/zltkcndx0nue1,💀💀💀💀
1jxjksy,"Sometimes, life imitates art",122,8,2025-04-12 15:16:24,https://i.redd.it/n0xupl4v7fue1.jpeg,
1jxjy0h,Unc deserves all the fame❤️,116,0,2025-04-12 15:32:43,https://v.redd.it/yrk21a0safue1,
1jy7ldr,First Person View Football | Controlling The Game,0,0,2025-04-13 13:26:07,https://youtube.com/watch?v=Q3MUPrSSGC8&si=6V5uOjlaOdQGmpRn,
1jy6jzj,Rate this edit speed,0,0,2025-04-13 12:30:28,https://v.redd.it/tukjoqj6jlue1,
1jy6047,A comedy channel (from my country) made this video about ishowspeed. Bro- WTH IS THIS😭😭😭,1,2,2025-04-13 11:58:18,https://youtube.com/watch?v=oC4gdIiel3E&si=hxd-hve4o0SalEsH,I don't think they know speed THAT well.
1jxgh10,Unc！,68,0,2025-04-12 12:44:58,https://v.redd.it/78c73z6ugeue1,
1jxtguy,Speed’s Career Has Actually Been Crazy So Far…,4,0,2025-04-12 22:44:44,https://youtu.be/8arwTu25-68?si=jUQcnxugVMqkI,J
1jxo5xn,IShowSpeed Biopic Film,9,1,2025-04-12 18:38:42,https://www.reddit.com/gallery/1jxo5xn,"The year is about 2070. Speed is getting up there in age and has created a legacy of not only being a legendary streamer but also a global adventurer. Movie studios are clamoring for the next big biopic. Would such a movie about Speed and his world tour be a legitimate idea? Imagine the global event nature that the movie would bring, especially for Speed’s fans. "
1jxf9pf,Speed got private jet,26,12,2025-04-12 11:34:59,https://www.reddit.com/gallery/1jxf9pf,
1jy874j,Will Ishowspeed come to Pakistan?,0,3,2025-04-13 13:55:08,https://i.redd.it/z2lcgz7aylue1.jpeg,
1jxp8cu,BEST STRIKER OF OUR GENERATION 🥹,6,0,2025-04-12 19:25:47,https://v.redd.it/7d6mx13dggue1,
1jxz0qw,I think Ishowsped just broke the AI,1,0,2025-04-13 03:53:31,https://youtu.be/jKR46ByKcWk,
1jxccho,i found this on the mongolia subreddit,30,16,2025-04-12 08:05:25,https://i.redd.it/ye3p4p8y2due1.png,
1jy2fa2,Ishowspeed enjoying Bihu in Assam,0,7,2025-04-13 07:44:13,https://v.redd.it/sz4ltjj34kue1,
1jxkcr8,Flying Car Stream: Speed didn't Survive? #clips #speed #ishowspeed #ishowspeedshorts #shorts,3,0,2025-04-12 15:50:56,https://youtube.com/shorts/AL5WCUFFVQc?si=7tK9urB5SwzNzg3a,
1jxmqog,iShowSpeed CORE Moments You’ll Never Forget 😂🔥 #ishowspeed#core #youtube...,2,0,2025-04-12 17:35:40,https://youtube.com/watch?v=MZ0baxt415U&si=YZvY3lPhe28byQBa,
1jwlvj0,SPEED GOT PREGNANT 🫄,471,37,2025-04-11 09:38:00,https://v.redd.it/36mihs0le6ue1,"

"
1jxh6zf,Speed and karate kid villain,2,0,2025-04-12 13:22:50,https://youtu.be/31uzcjmFoVU?si=Aeqhj33mYGBcB0DD,
1jwgunp,Speed is in Mongolia!! 🇲🇳,824,61,2025-04-11 03:48:06,https://v.redd.it/9t49hvyxn4ue1,https://www.youtube.com/live/0mwuGExoxFU?si=mztkli9K1EEjZA7C
1jwoidm,I'm telling my 12 yr friend that this is speed,158,9,2025-04-11 12:21:36,https://v.redd.it/b1vp04pr77ue1,
1jwv153,🤔,55,5,2025-04-11 17:09:03,https://i.redd.it/u7s6oe12n8ue1.jpeg,
1jwxsn9,Changsha translator explains her opportunity,36,5,2025-04-11 19:04:34,https://youtu.be/RPi3bNDSGj4?feature=shared,
1jwy6kv,RIP Kobe 🕊️ NBA basketball,29,4,2025-04-11 19:21:13,https://v.redd.it/dd1mmkrma9ue1,"The basketball 🐐 goat
"
1jxcyop,Do you think Ishowspeed is kinda becoming and adventurer like Bald?,2,10,2025-04-12 08:51:40,https://www.youtube.com/watch?v=3z1vpiBPQD8,"Speed is travelling all over the place and is willing to go off schedule and explore. But he has to bring a security team (simply because he has so many fans). Also, I am sure he will go to more adventours places. They both visited mongolia and china. I gotta a funny feeling speed will do a central asia or Caucasus tour at some point"
1jxfy8m,Check out Mobile Phone Anti-peeping Tempered Glass Full Screen on eBay!,0,1,2025-04-12 12:16:01,https://www.ebay.co.uk/itm/286479542824?mkcid=16&mkevt=1&mkrid=711-127632-2357-0&ssspo=rlskgqh7rro&sssrc=2051273&ssuid=rlskgqh7rro&var=&widget_ver=artemis&media=REDDIT,
1jxeoq2,ISHOWSPEED eating MONGOLIAN FOOD part 1,1,0,2025-04-12 10:57:42,https://youtube.com/shorts/FiJYgF2h6kM,Please like & subscribe for more speedy
1jx3fbw,"Yo speed, I heard you looks max like Caseoh does.",6,0,2025-04-11 23:14:15,https://www.reddit.com/gallery/1jx3fbw,
1jxczf4,who made messi pregnant 😱,0,0,2025-04-12 08:53:14,https://youtube.com/shorts/gYp9GDY90bo?si=6c25rW_Gb9Yai8a0,
1jwkb3n,Speed,95,3,2025-04-11 07:38:59,https://www.reddit.com/gallery/1jwkb3n,
1jwrpm9,This is hilarious,16,1,2025-04-11 14:49:22,https://v.redd.it/ytxapod4y7ue1,
1jxaqdz,10 SECRETS About Cristiano Ronaldo That Will SHOCK You ! 🤯,0,1,2025-04-12 06:10:58,https://youtu.be/J4rl1SmiUrY?si=0YAoQ6vUo-SxLKhm,
1jwmows,"Jesus, the Bodyguard is as tall as the dude on a horseback",37,6,2025-04-11 10:34:13,https://i.redd.it/sowyit8mo6ue1.jpeg,
1jxaket,10 Funny & Cute Moments of Cristiano Ronaldo and His Family You Must See Part 3 ! ❤️,0,1,2025-04-12 05:59:45,https://youtu.be/aMti998GA9I?si=P3hmW_ffuyRpRQmU,
1jwys5v,Rate this edit?,6,1,2025-04-11 19:47:14,https://v.redd.it/v5akf53af9ue1,Suiii the goat
1jwjmya,Nice thumbnail,33,3,2025-04-11 06:49:59,https://i.redd.it/cfwlteylk5ue1.jpeg,
1jwaq4j,W Squad,109,12,2025-04-10 22:30:40,https://i.redd.it/8gu1h91j33ue1.jpeg,
1jw3lna,"Uncle was awarded 100,000 yuan ($13,800) by the Rongchang District Party Committee and Government for promoting its food and culture on Speed’s stream.",271,6,2025-04-10 17:30:12,https://v.redd.it/9p5vvdovl1ue1,
1jw5ptf,Feeds in China were built different 💀,202,1,2025-04-10 18:57:19,https://v.redd.it/wz7421hg12ue1,
1jwkabn,Speed in Mongolia,12,0,2025-04-11 07:37:20,https://www.reddit.com/gallery/1jwkabn,
1jw515i,Welcome Speed to Shaoxing!Welcome everyone to Shaoxing!,103,5,2025-04-10 18:28:42,https://v.redd.it/w91lx0azu1ue1,"Situated in northern Zhejiang Province, Shaoxing is a historic and culturally vibrant city in the Jiangnan region. Renowned for its scenic beauty, it stands as one of the significant cradles of Chinese civilization."
1jvta3i,"The real Sigma, Uncle.",545,40,2025-04-10 08:53:54,https://www.reddit.com/gallery/1jvta3i,"After watching Speed’s stream in China, I became intrigued by Uncle, so I took the time to learn more about him. Now I want to share with you what I know about Uncle.

The first photo is of uncle’s TikTok account. In the self-introduction section, he filled in a lot of things he had done, such as donating to earthquake-stricken areas, caring for children with autism, rescuing a teenager who fell into the water, visiting the elderly in nursing homes, and participating in the wildfire rescue team.

The second photo was of him distributing disinfectant to sanitation workers for free five years ago, when the damn new coronavirus broke out.

The third photo shows him giving some food to the sanitation worker.

The fourth and fifth photos show uncle participating in the wildfire rescue team as a volunteer. The date is August 2022.

The sixth and seventh photos show him buying meat for old people he met on the street. If you follow his TikTok account, you will find that he often sells meat to old people he meets on the street.

The eighth and ninth photos show him helping fans’ families with farm work. Uncle has gained some fame in Chongqing Rongchang because of his charity work. However, he is very friendly and will take the initiative to go to their homes to help them when fans need help.

The tenth photo shows uncle receiving recognition from the local government.

The eleventh photo shows him donating blood for free.

The twelfth photo shows him helping local elderly people harvest crops (sugarcane). From his Douyin account, we can see that the uncle often helps the elderly sell agricultural products.

The thirteenth and fourteenth photos are of the uncle caring for autistic children. You can see that he is very optimistic.

The fifteenth photo was taken in front of a shop selling braised goose before he set out to meet Speed. If you watch this video, you will find that the uncle seems to have a very good relationship with the local shop owners. Perhaps it is because he often helps these operators sell their products free of charge, so he has a very good reputation in the local area.

The sixteenth photo is an apology video he made for Speed ​​after he learned that Speed ​​does not eat pork.

I have great respect for this uncle. His hometown Chongqing was bombed into ruins by the Japanese during World War II, but the locals built Chongqing into a cyberpunk city through the efforts of generations. Chongqing is not as famous as Beijing and Shanghai, so after the world knew Chongqing through Speed, this aroused the uncle's gratitude to Speed, so the uncle appeared again and again in the cities that Speed ​​passed through.

Here is something that not many people know. The night before uncle went to Hong Kong, he stayed at a fan's home in Shenzhen because hotels in Hong Kong were too expensive. We all know what happened afterwards. He helped Speed ​​and his team pay the bill in Changsha. What a kind person he is.

Finally, the uncle told Speed ​​in the car that he wanted a girlfriend. In fact, it was just a Chinese joke, and people who don't understand Chinese might not understand. Some people might question whether the uncle's charity work is a show, but I think the local people's attitude towards him has confirmed that he really does it from the heart. Before meeting Speed, the uncle ran a store to help the local elderly in Rongchang, Chongqing sell agricultural products. The store was once facing bankruptcy, but the uncle never asked anyone for help. The uncle's spiritual world is richer than anyone else. He is a real Sigma."
1jw35q9,How Unc be pullin up in every city,102,3,2025-04-10 17:12:23,https://i.redd.it/lq8yj4uqi1ue1.jpeg,
1jwwjec,iShowSpeed Pours Milk in a Deep Fryer… Instant Regret! 💥 😱#EpicFail#Deep...,0,0,2025-04-11 18:11:59,https://youtube.com/watch?v=aU-3G1HzubQ&si=GVMoxAthwEk5NMSg,
1jw4rhc,Rush Hour 4 coming soon !,74,5,2025-04-10 18:17:36,https://i.redd.it/vuxgcog4u1ue1.png,
1jwuh90,10 Funny & Cute Moments of Cristiano Ronaldo and His Family You Must See Part 3 ! ❤️,0,0,2025-04-11 16:46:01,https://youtu.be/aMti998GA9I?si=4ftNZ65jZlsTo7NL,
1jw9gmp,Jackson and Unc,33,1,2025-04-10 21:34:05,https://v.redd.it/jj0q9hfft2ue1,
1jwtidj,SPEED tries wrestling in mongolia,1,0,2025-04-11 16:05:27,https://www.youtube.com/shorts/psq72R7oBq0,
1jw9vie,Bro is looking so cute,28,5,2025-04-10 21:52:41,https://i.redd.it/utmvxhzqw2ue1.jpeg,
1jw7wr6,IShowSpeed dethroning MrBeast as the most popular creator?,12,1,2025-04-10 20:27:53,https://www.youtube.com/watch?v=WOVlwgZc8zg,Looking at the China tour i feel like Speed popularity has surpassed MrBeast. thoughts? 
1jvtm7l,Speed will be holding these awards again at the end of the year.,100,12,2025-04-10 09:17:36,https://i.redd.it/3v2r7p816zte1.jpeg,
1jwm0k6,POV 99 dribbling,1,1,2025-04-11 09:48:09,https://youtube.com/shorts/s_BDskt43Jc?si=NXCDPQQBQBFTCT3r,
1jvfrb1,Unc Is Now A Hero In His Hometown,951,53,2025-04-09 20:21:49,https://v.redd.it/bqnzfbfmbvte1,
1jvx8lm,speed = ronaldo 💯🗿⚽️,43,0,2025-04-10 12:57:00,https://v.redd.it/fkzaj9c690ue1,
1jwcya7,Who is she?,6,8,2025-04-11 00:18:51,https://i.redd.it/83j3aoqtm3ue1.png,
1jvgyk5,W CHAT GPT 😂,610,5,2025-04-09 21:12:48,https://v.redd.it/nii2qs4qkvte1,
1jw2w0z,Speed Figure,15,1,2025-04-10 17:01:09,https://i.redd.it/7wx4013qg1ue1.png,
1jvty07,Comment which country you think is next,43,46,2025-04-10 09:41:20,https://i.redd.it/3vcgm8d6azte1.jpeg,
1jv7gwg,W Speed W Unc W China,431,9,2025-04-09 14:42:47,https://i.redd.it/akr37bz4ntte1.png,
1jvz7cf,Do you remember this speed moment in indonesia,5,0,2025-04-10 14:25:29,https://www.youtube.com/shorts/pzHPCayPy5Y,
1jw225w,[WATCH] Why Football Loves IShowSpeed,3,0,2025-04-10 16:26:22,https://www.youtube.com/watch?v=j6l1bSsqsKQ,"Football has embraced IShowSpeed like nothing else. But how did this streamer, who didn't even understand the sport, became its biggest ambassadors?"
1jv49z2,Billboards in Changsha thanking iShowSpeed,254,4,2025-04-09 12:13:40,https://v.redd.it/yp6cbnbjwste1,
1jv2vvl,If IShowSpeed EDITED His Live Streams,270,12,2025-04-09 10:54:24,https://v.redd.it/8bhl386wgste1,
1juuaak,Breaking news.,765,68,2025-04-09 01:35:47,https://i.redd.it/mfpouyglqpte1.png,**Deserved ?** 
1jv7fcv,Ronaldo official account said Speed's trip is amazing,49,7,2025-04-09 14:40:59,https://i.redd.it/7u4urp5amtte1.jpeg,"Although it may not be the person who left the message, at least the official knows about it."
1juzxyt,Doesn't Speed still have this case?,178,14,2025-04-09 07:20:24,https://v.redd.it/c0g228p6grte1,
1jvumps,POV you're everywhere on the field like N'golo Kante,1,0,2025-04-10 10:28:57,https://youtube.com/shorts/QM2VpUrU9RQ?si=AJZwVVzPp8iwQkWd,
1jv6fms,😂,26,0,2025-04-09 13:58:04,https://v.redd.it/as35fhi5ftte1,
1jv9ve5,Speed action figure Lover,15,3,2025-04-09 16:22:04,https://i.redd.it/ms2d3a6t4ute1.png,
1jv7glo,W Speed W Unc W China,21,1,2025-04-09 14:42:26,https://i.redd.it/5v76rwj2ntte1.png,
1jv0bzq,Chinese people make fun of bodyguard,57,14,2025-04-09 07:50:04,https://i.redd.it/ee5ivg8ilrte1.jpeg,its just soo random
1juhwk6,Ranking funniest clips of Speed in China,544,8,2025-04-08 16:32:41,https://v.redd.it/bhequqzt1nte1,
1jupddx,"Where can I find Unc? Does he have social media, maybe chinese ones, does anyone know his name there?",184,12,2025-04-08 21:39:42,https://i.redd.it/u511772mkote1.jpeg,
1jv6egj,😂,9,0,2025-04-09 13:56:31,https://v.redd.it/jj4fnpgvette1,
1juufjj,W UNC,67,13,2025-04-09 01:43:16,https://i.redd.it/7zktlua1spte1.png,
1juxnu9,Am I the only one has watched this video at least 5 times a day since it came out? Just so cute and wholesome,21,4,2025-04-09 04:42:44,https://i.redd.it/l283dx53oqte1.jpeg,
1jv10jv,Who is this ? Poppin up on my screen on every post on this sub,7,5,2025-04-09 08:42:03,https://i.redd.it/dchwz4vqurte1.png,
1jtw231,2022 Speed vs 2025 Speed 🗿,4473,52,2025-04-07 20:54:21,https://v.redd.it/87ofnpol7hte1,
1jvb1su,First person view football | Enjoying the game like Lamin Yamal,1,0,2025-04-09 17:10:05,https://youtube.com/watch?v=KpGBplNTX8A&si=3AwOfczsk8N65z7F,
1jv911h,Pls,1,1,2025-04-09 15:47:24,https://i.redd.it/evs81e4oytte1.jpeg,
1jtyeev,We made the right person famous,1394,48,2025-04-07 22:37:06,https://v.redd.it/kfcdk0hxphte1,
1jufutx,W China W Speed W Slip W Henry W Rudiger,59,7,2025-04-08 15:07:59,https://i.redd.it/21d8nrxpmmte1.jpeg,
1ju6ftt,Speed X Unc,202,1,2025-04-08 05:46:11,https://i.redd.it/vpt8jilhujte1.png,
1ju8glx,"Well, What A Coincidence...",128,2,2025-04-08 08:13:34,https://www.reddit.com/gallery/1ju8glx,
1jua4es,Speed China tour in 1.5 minutes,82,1,2025-04-08 10:16:50,https://v.redd.it/cismbs7l6lte1,hope you enjoy your trip speed !
1juj952,"I call this one ""Lěng-Chil! Lěng-Chil!""",18,4,2025-04-08 17:27:48,https://i.redd.it/226par8zante1.jpeg,
1juy7v6,Vibes Worth Rewatching👊🏻,2,0,2025-04-09 05:18:17,https://youtube.com/shorts/Ks_3EzcyNnM?si=cQeLjHY-juZmqnGv,Share this
1jujuoi,A meme of Speed in China,13,1,2025-04-08 17:51:30,https://i.redd.it/spmav2gwfnte1.jpeg,"In Chinese online communities, there’s a widely shared belief:

The Chinese uncle is a special NPC, a conceptual god.

No matter where Speed is—China, America, Antarctica, or even outer space—this uncle will always find him. And not just find him, but bring him food.

People have made countless memes about it: the “cosmic food delivery man,” and so on. A example is following:

In 2030, IShowSpeed became the first human in history to livestream from Mars. Sponsored by a tech giant and fueled by a mix of curiosity and chaotic energy, he brought his signature shouting and frantic antics to the red planet. Everything was going fine—until it wasn’t.

Midway through a stream titled “Surviving Mars with No Oxygen Challenge”, the ship’s life support system failed. Lights dimmed, alarms screamed, and panic filled the cabin. Speed, sweating inside his space suit, realized he might go down in history not as a pioneer—but as a meme who died screaming on Mars.

And then, the knock.

Soft, but distinct.
Knock. Knock. Knock.
On Mars.

Speed froze. There shouldn’t be anyone outside. He checked the exterior cams, expecting maybe a loose panel—or worse, a hallucination.
But instead, there was a man.

Not just any man.

A Chinese man. Middle-aged. Round face, kind eyes, and wearing that unmistakable floral jacket—the kind you’d see worn by retired uncles strolling neighborhood alleys back on Earth.
He stood in the Martian dust, waving gently at the camera, completely unbothered by the thin air and negative temperatures.

Then came the voice, through the emergency comms—clear, familiar, like he had always been part of the ship:

“Ho’er~ are you okay? I brought you some smoked chicken, want to try it?”

The words hit like a warm blanket. Not urgent. Not dramatic. Just… uncle energy.

Some say he bends spacetime. Others say he just walks faster than light.
But one thing became clear that day, across Earth and beyond:

Chinese uncle is watching u."
1juzccx,Car Boinks.,1,0,2025-04-09 06:35:49,https://youtu.be/fK7xBPRKlP0,
1juz3yz,10 BANNED Things Cristiano Ronaldo NEVER Does in His Life! 🤯,1,0,2025-04-09 06:18:38,https://youtu.be/NNkFxR8Aoq4?si=xvn45Ts_jggHD4qb,
1jubm1l,No way instagram used speed for their ad 😭,31,3,2025-04-08 11:49:59,https://i.redd.it/8c9grvfenlte1.jpeg,
1ju2p6k,Bro check out master Liangs recent vedio!,126,6,2025-04-08 02:07:50,https://v.redd.it/5ctsji6jrite1,"He's a levend, so is the taichi girl."
1ju742j,I visited Chongqing today,58,8,2025-04-08 06:31:58,https://i.redd.it/v7t2ipkm2kte1.jpeg,Visited Chongqing today and went to the cable car and this was right outside of the entrance. I blurred my face out. 
1ju1y25,she's so pretty...,88,66,2025-04-08 01:29:38,https://i.redd.it/mymjfbzpkite1.png,
1jtnpp5,IShowSpeed × Wowkie Zhang collaboration 🔥,328,12,2025-04-07 15:15:23,https://v.redd.it/mjxlz4l4jfte1,
1judb93,Does anyone know whats is this shirt? I can't find it,4,8,2025-04-08 13:16:44,https://i.redd.it/h96ciijv2mte1.png,
1ju8bdi,Speed boi journey to the EAST,12,0,2025-04-08 08:02:17,https://www.reddit.com/gallery/1ju8bdi,"Tbh guys, hes whole trip to China is just like some part of **the journey to the west**

  
1. Wu Kong was born on a different land

2. hes famous at his own place, but he aims bigger （famous streamer on youtube）

3. he went to find his master, alone, on a boat, over the ocean. (come to china)

4. he went to a wrong place and find out thats not the place to go (the temple at the beginning of HeNan video)

5. he finally met his true master **Patriarch Bodhi**  (Master Liang)

\-- btw, from audience prospective, the vibe Liang teach speed is just identical to the vibe Bodhi teach Wukong

  
6. he left Shifu and start  discovering the rest of the world

7. he met his best buddy -- Bajie (Uncle)

  
8. the Story goes on, A whole journey awaits, Lets go our Speedy Boi!"
1jto1j4,"Unc, Master Liang, Changsha translator, and the boat passengers in Hong Kong are the real stars/heroes of Speed's China tour.",242,20,2025-04-07 15:29:13,https://i.redd.it/6j0ul5z7jfte1.png,"I'm very happy for Speed because he met a lot of Chinese stars such as Jackson Wang, Super Idol, Tony LCSign, and Da Zhang Wei. But honestly, these people made Speed's tour in China a lot better.

\- Master Liang warmly welcomed Speed to his Shaolin temple in Henan and gladly taught Speed some kung fu. When the master held Speed up, he said, ""It's pain, but it's life; It's pain, but it's Shaolin; It's pain, but it's Kung Fu; It's pain, but it's you."" I can relate!

\- The passengers on a Hong Kong boat saved Speed and his team from being swallowed by a massive crowd in Hong Kong's harbor. The girl in green had a wholesome conversation with Speed. Realizing it's her birthday, Speed gives her a Luffy toy as a present. She even sympathized with Speed by saying to his mom, ""Being a celebrity is hard."" Also, the triplet aunties are so energetic, I love them! And of course, the boat captain for accepting and welcoming Speed and his team on his boat, he even asked Speed to sign on his boat! If it wasn't for them, Speed would've said green apples and would have suffocated by the growing crowd.

\- Out of all the translators on Speed's China streams, the translator on his Changsha stream is the best Mandarin translator. She's very educated and has good manners. super friendly, super professional, and super dedicated. I love her. If Speed returns to China, she should recruit her again.

\- Of course, the man himself, Unc. The most real of them all. He is so dedicated to following Speed and giving him the best experience in China by giving him roasted meat such as duck, goose, and chicken, and more food. He followed him from Chengdu to Chongqing to Hong Kong, and finally, in Shenzhen and Changsha, Speed warmly welcomed him to his team. From a fan to a father figure, every Speed and Unc interaction is so wholesome! He's so kind and genuine not only to Speed but also to his team as well! The duo we didn't know we needed. I hope he can get a wife and, most importantly, get some rest. 

W Speed! W China!"
1jud5o1,IShowSpeed fan art. #ishowspeed.,3,2,2025-04-08 13:09:06,https://i.redd.it/r7s5p1491mte1.jpeg,
1ju17mm,L GREEN JACKET GUY,38,8,2025-04-08 00:52:08,https://i.redd.it/eom6757ydite1.jpeg,
1jui9hk,10 BANNED Things Cristiano Ronaldo NEVER Does in His Life! 🤯,2,0,2025-04-08 16:47:37,https://youtu.be/NNkFxR8Aoq4?si=zqY6MMdepOUs9SB2,
1jtny9m,Find someone who looks at you like Speed looks at Unc,201,8,2025-04-07 15:25:22,https://i.redd.it/llwnwb0xkfte1.jpeg,
1jtw0iz,Who is the women?,59,34,2025-04-07 20:52:38,https://i.redd.it/3jryqqxa7hte1.jpeg,"It’s funny Speed knows Da Zhang Wei, but doesn’t realize the other two are most likely extremely popular in China as well. It was sad when she asked if he knew her show I hate how America, and China hide things from each other I wish I was able to know more about the wonderful shows and music they have. What is her name? "
1ju7wuq,IShowSpeed on local news in Los Angeles!,8,0,2025-04-08 07:31:18,https://youtu.be/v9EfZQw8bVc?si=lHM-wg4c1msILNPK,For some reason corporate media in America isn’t covering this amazing trip IShowSpeed is on across China! Finally tonight I found some coverage in America from FoxLA.com! 
1jti238,How do the chinese fans know where he'll be?,277,47,2025-04-07 10:30:43,https://i.redd.it/6v6mxofb4ete1.jpeg,I'm watching the Changsha stream right now and everywhere he is and everywhere he goes there are massive numbers of fans waiting for him wherever he goes. How do they know where speed will be and where he will go???
1jtrlpn,L green mushroom hair guy now is fxcked up in China,44,19,2025-04-07 17:54:20,https://www.reddit.com/gallery/1jtrlpn,"Chinese now are very mad at what he said to geese unc.
L green guy said ""I'm boss I'm boss, we both making food, respect eachother ok? Or tomorrow I go to Chongqing to bit you up"""
1ju8mjj,Hong Kong pledges to 'seize every opportunity' to assist influencers after streamer IShowSpeed's visit,2,1,2025-04-08 08:26:24,https://hongkongfp.com/2025/04/08/hong-kong-pledges-to-seize-every-opportunity-to-assist-influencers-after-streamer-ishowspeeds-visit/,
1jtp1n6,"When's speed going to north korea, bro's prepared for anything.",36,9,2025-04-07 16:10:33,https://i.redd.it/jpyuzl6zsfte1.png,Nobody be steppin in speeds way now that he's the dragon warrior
1jtyae8,Speed son got bullied,9,0,2025-04-07 22:31:47,https://v.redd.it/rdkslw4vohte1,
1ju5p9v,What-,3,1,2025-04-08 04:57:58,https://i.redd.it/r84t557wljte1.jpeg,
1jtlmla,Rip speed,41,10,2025-04-07 13:46:47,https://i.redd.it/3xzdff893fte1.png,
1jtpokq,speed’s China trip is over!,19,8,2025-04-07 16:36:38,https://www.youtube.com/watch?v=CmXPJB7c-wc&lc=UgwOC4hmlE6IFJvmTb94AaABAg.AGc613ro6NUAGcD1nSnZOy,"Speed ​​came to China. He didn't know that there were so many people who knew him and liked him living in this magical land. The fans here showed him unimaginable enthusiasm. What shocked him and his team was that the fans here respected him very much. They were excited but very restrained when they saw him. They knew that he was tired and would give him water. They knew that he was hungry and would feed him. This was the case in every city he passed through! Because this is the Chinese etiquette of hospitality. Friends coming from afar must be fed and well-nourished!



He met Tian Yiming and sang his favorite song ""Love You at 105 Degrees"" together;



He climbed the Great Wall and saw the super weapon of Chinese aunties: ""Level 10 Beauty"";



He went to Shaolin Temple, made friends through martial arts and met Master Liang, who may be the best martial arts teacher in his life;



He ate an authentic Chengdu hot pot and tasted what authentic spicy and hot is;



He saw why Chongqing is called the cyberpunk city, and also showed the world the real shock of China beyond the foreign media filter;



He had a beautiful encounter on a cruise ship in Hong Kong that saved the entire live broadcast. A sweet girl from Zhejiang showed him the cuteness, friendliness, innocence and romance of Chinese girls;



He experienced the high-tech from China in Shenzhen that stunned the world;



He finally came to Changsha and finally met Da Zhangwei, and sang Sunshine Rainbow Little White Horse together. It was also because of Da Zhangwei's popular song that he won countless fans in China;



He also met a friendly and enthusiastic Chinese uncle who treated him as a brother. He followed him all the way in various cities in China and took care of him willingly. This is the best interpretation of fate and friendship from Chinese men!



Thank you Speed, thank you for showing the world the true side of this country and the people on this land!



There is an old Chinese saying: ""It is a great pleasure to have friends coming from afar! All people in the world are brothers!""

I guess Speed ​​has realized the meaning of this sentence during his trip to China!"
1ju84dh,Speed cotton,1,1,2025-04-08 07:47:19,https://i.redd.it/nwvoben3gkte1.jpeg,
1ju744t,I need someone to look at me like that 😍,1,2,2025-04-08 06:32:05,https://i.redd.it/hjcalqio2kte1.jpeg,
1jtvfsx,Ishowspeed son,5,0,2025-04-07 20:29:00,https://v.redd.it/qhha24713hte1,
1ju4nsp,Bro Sent My Car To Los Santos Customs 😭,0,1,2025-04-08 03:54:55,https://v.redd.it/qw5zia4najte1,
1jt8jka,Anime girl and Speed - Super Sayan 🤣🙌,143,22,2025-04-07 00:21:23,https://www.reddit.com/gallery/1jt8jka,"This animation is soo cute, omgg. "
1jte0z0,"Instead of running away, you came towards me? SPEED",46,5,2025-04-07 05:36:06,https://www.reddit.com/gallery/1jte0z0,
1ju334w,Speed VS PDiddy,1,0,2025-04-08 02:27:57,https://v.redd.it/qm5baym1vite1,And Diddy lost his head
1jtjfnl,New 'ishowspeed holding something from coming out' meme just dropped,10,1,2025-04-07 11:55:57,https://i.redd.it/qzykrqsijete1.png,
1jtpuxl,IShowSpeed met Cheng from Karate Kid movie and recreated scenes together in China 🔥 #ishowspeed,3,0,2025-04-07 16:43:58,https://youtube.com/shorts/_IoMM7dg_HI?si=cDYPp-LcYHL52VqG,DRE and IShowSpeed vs CHENG 
1jsxz59,Can speed be considered this generation’s Marco Polo,203,24,2025-04-06 16:24:11,https://i.redd.it/dm12gruhq8te1.jpeg,
1jtmw5g,Speed react to this plz,5,1,2025-04-07 14:41:48,https://i.redd.it/2es3fjy4dfte1.png,
1jtptgu,ISHOWSPEED V.S CHENG Fight edit #edit #ishowspeed #zhengyecheng,2,0,2025-04-07 16:42:14,https://youtube.com/shorts/I5k6YKF-uPw?si=Qc8vvfa2XuDsqXeV,"IShowSpeed vs CHENG who win
"
1jta3ss,A clip from a possibly lost stream,26,1,2025-04-07 01:45:40,https://v.redd.it/fns3tylhhbte1,"Hey guys, so I stumbled upon this funny clip apparently from one of speed's streams and I tried to find the original stream but I got back empty-handed. For now it's still on the hunt, but if you got any infos about this clip please provide me with it. "
1jsejry,"China’s CCTV13 aired an 8-minute special today on Speed’s China tour, praising his streams for breaking stereotypes in his own way and showing a more multidimensional, authentic China through his lens",4405,378,2025-04-05 21:46:02,https://v.redd.it/n2aa5lnu63te1,
1jsf8j1,When IShowSpeed Broke His Character For Her,2612,58,2025-04-05 22:18:41,https://v.redd.it/yvgatbwsc3te1,
1jtpy5n,We want a Rematch 😤. Dre Parker Vs Cheng Now,1,0,2025-04-07 16:47:34,https://youtube.com/shorts/fOY9Ia3ajww?si=CcqP_vd2mEsub39R,One day IShowSpeed fine DRE in china somewhere is live
1jt135t,Speed’s stream is breaking my mind,57,17,2025-04-06 18:37:23,https://i.redd.it/u8mbjvi9e9te1.jpeg,"I am a person living in US, grew up hearing Chinese eat dogs, people disappears, people in China are poor and cheap. The city in China are dirty and inefficient. I was told they Chinese people’s life are merely communism and their eggs are so expensive. I heard that there is no freedom at all in China. 

But now speed is streaming that Chinese people are having a good time, their city is so advanced and people are so nice. My esteem is so broken now 😭😭😭😭😭😭 
I cannot believe that! Please tell me those pictures and videos about China are fake, please tell me that we are the best and our US media is telling the truth!!!! Noooooooo! How can there be a country which is so bad as described in our news looks so good? I cannot take it! 
我的美国爹呀，来点作用呀！那我缺的这点儿优越感这块儿谁给我补啊？😭😭😭😭"
1jtpaio,Lil B - IShowspeed,1,0,2025-04-07 16:20:34,https://youtu.be/I-WBHPXpoCQ?si=3-XVPOpHReCJ2pVP,
1jtz0nn,The Overworld is just one ticket away! #MinecraftMovie only in theaters April 4.,0,1,2025-04-07 23:05:32,https://v.redd.it/2f0tdfj0vhte1,
1jthbs7,This football game was intense ⚽️,2,0,2025-04-07 09:40:14,https://youtube.com/shorts/ZO5rvBDIcfw?si=B1CjscyjmKN8B8rs,
1jtkfzd,ZAZA HAD UNC TWEAKIN 😂,2,2,2025-04-07 12:49:20,https://v.redd.it/bqyuq8g2tete1,
1jsmt5l,Which country would you like ishowspeed to visit?,139,152,2025-04-06 05:19:46,https://i.redd.it/x72m9ghyf5te1.jpeg,
1jt4v0s,"Shenzhen, China 🇨🇳 amazing 🤩",5,0,2025-04-06 21:21:50,https://youtube.com/shorts/2NtdYko64tA?si=NJ7cI47rMzCmNPLH,
1jslmyh,This guy is actually annoying lmao,116,41,2025-04-06 04:05:47,https://i.redd.it/0bpt39zn25te1.png,
1jt35vx,"I drew luffy with IShowSpeed things in his shirt, should i add something else? let me other iconic things know",7,1,2025-04-06 20:06:48,https://i.redd.it/05s10n83u9te1.png,
1jsblx0,Ishowspeed in the china 👀this is real life?,374,203,2025-04-05 19:34:29,https://v.redd.it/m0jiwkiij2te1,
1js6s3l,What's even funnier is that he did it at Hong Kong lmao,429,71,2025-04-05 16:04:24,https://v.redd.it/5vx99dq1i1te1,
1js2944,Speed riding in a Chinese flying car,620,42,2025-04-05 12:23:43,https://v.redd.it/xbz2y20oe0te1,
1jsqsh9,"Neither do I, who is he?",9,7,2025-04-06 10:03:50,https://i.redd.it/ijhry14nu6te1.jpeg,
1jsg6er,Unc has been the star of the China tour. Watch this man show up to Antarctic with a goose in his hand.,66,5,2025-04-05 23:04:13,https://i.redd.it/hnpl6rhyk3te1.jpeg,Does unc have social medi
1jsor45,Do you think Miles Moretti (the guy int he flower suit) showing up was planned or spontaneous?,13,27,2025-04-06 07:34:55,https://i.redd.it/c69l1ep146te1.png,What are the chances that Speed would run into a guy with a big IG following who also could function as a translator and kind of act as some type of guide? Do you think he ran into him at the street or if it was pre planned? 
1jsu5aq,Speed should react to the IShowSpeed in Deadpool edit it's peak cinema,5,1,2025-04-06 13:29:48,https://i.redd.it/h48qpizcv7te1.png,
1js3uja,Motivation,283,10,2025-04-05 13:47:58,https://v.redd.it/zkao52hnt0te1,
1js0x5s,speed new meme,248,4,2025-04-05 11:00:43,https://v.redd.it/m5podwevzzse1,lmao 
1jryvh8,Almost cried during this 😂😭,348,11,2025-04-05 08:29:56,https://v.redd.it/9ppz0uxt8zse1,
1jsmzoo,This was in Hong Kong. Do not act rashly.,7,2,2025-04-06 05:31:45,https://i.redd.it/41n8qxmwh5te1.png,"Hong Kong news

[https://www.youtube.com/watch?v=omKrxibchuc](https://www.youtube.com/watch?v=omKrxibchuc)"
1js3y4v,A child was squeezed into the water while watching the speed.,72,30,2025-04-05 13:53:03,https://v.redd.it/5o1odwhiu0te1,
1js6qlc,"""Mean"" by The Dor Brothers",43,5,2025-04-05 16:02:33,https://v.redd.it/tjstqtsoh1te1,
1js6w5j,RUSH HOUR 4 In China With Speed and the Chinese Guy,42,4,2025-04-05 16:09:25,https://i.redd.it/wan69sgxi1te1.jpeg,
1jsj1mw,He really in ads now?,6,1,2025-04-06 01:34:31,https://i.redd.it/49a590vnb4te1.png,
1jt1s5b,PLEASE Help Me Achieve My Dream of becoming like Speed!!,0,0,2025-04-06 19:06:43,https://youtu.be/G-azAxEnea8?si=y0a9-dFWhiEuXcZ6,"I have a dream of beginning my passion as an influencer, and just like Speed, we all start somewhere. Give my first vid a shot. I know it’s lame to self promote, but I want to be one of the greatest, just like Speed!"
1jsqcvv,Speed,1,0,2025-04-06 09:32:18,https://youtube.com/shorts/sweJVpPrFcc?si=robekdfL7CUrDrQP,
1jrosk4,IshowSpeed x TheKarateKid🔥,588,8,2025-04-04 22:39:17,https://v.redd.it/9tjrjskkbwse1,
1jsnujn,Inside Cristiano Ronaldo’s 10 Most Expensive Homes in 2025 ! 🤯,0,0,2025-04-06 06:31:50,https://youtu.be/aO4OuFR3LTs?si=tIIVdHBAziJl8e5x,
1js51dm,lol,12,5,2025-04-05 14:45:00,https://i.redd.it/1bjtue0w31te1.jpeg,
1js709e,Yo they put Speed in Deadpool,8,2,2025-04-05 16:14:29,https://i.redd.it/049qe3kuj1te1.png,
1jrfixl,Speed vs Zac Wang - Karate Kid edit 🔥,546,2,2025-04-04 16:04:04,https://v.redd.it/9cj8rgl2duse1,
1jsceep,If Ishowspeed is Tai Lung,4,0,2025-04-05 20:09:46,https://www.reddit.com/gallery/1jsceep,
1jr7zv0,Dont know if this is posted or not but found this on insta🤣,1590,102,2025-04-04 09:43:25,https://v.redd.it/hseq8736hsse1,Speed is a mom 
1jrzmmq,Actors on Speed's Stream?,19,7,2025-04-05 09:27:25,https://www.reddit.com/gallery/1jrzmmq,"Same lady, twice, hours apart. In one she's just randomly at a store while he's 'randomly' buying Huawei phones. Then she 'randomly' appears as a street performer. 

I know a lot of his interactions are sponsorships or they are pre-scripted, but this is strange as hell because it's neither a sponsorship or a collab. She's just acting."
1jrxp1n,Speed went in river with sinking car,21,4,2025-04-05 07:03:24,https://v.redd.it/f00ro4s2tyse1,
1js2l7n,Turns out Duck Unc has a Douyin where he posts absolute cinema,5,1,2025-04-05 12:43:02,https://www.douyin.com/user/MS4wLjABAAAA_kizqF365Hv3vNENaNEeCDUheJ5vnEHxi07q93UdT5g?from_tab_name=main,
1jsdye2,Someone send this edit to Speed! lol,0,1,2025-04-05 21:18:30,https://i.redd.it/khzw7a5323te1.png,
1js80b3,If IShowSpeed was in Deadpool,2,0,2025-04-05 16:58:48,https://www.youtube.com/watch?v=a0NNMtcZ5VQ,
1jsbcvv,Inside Cristiano Ronaldo’s 10 Most Expensive Homes in 2025 ! 🤯,0,0,2025-04-05 19:23:30,https://youtu.be/aO4OuFR3LTs?si=yk4HqPWNBWdlet6i,
1js7o5o,Inside Cristiano Ronaldo’s 10 Most Expensive Homes in 2025 ! 🤯,0,0,2025-04-05 16:43:54,https://youtu.be/aO4OuFR3LTs?si=bAHcxyGILelk2jKo,
1jrfoqw,Bro is not Superman 💀,83,1,2025-04-04 16:10:52,https://v.redd.it/1ifwcamaeuse1,
1jrldpf,I want Speed to meet the Chinese Elon Musk,26,4,2025-04-04 20:09:30,https://i.redd.it/yyrwzccvkvse1.jpeg,
1jrwgkz,Ishowspeed think who HongKongDoll is,4,3,2025-04-05 05:39:17,https://i.redd.it/uepj0j2jeyse1.png,💀💀💀
1jr7pzb,HK stream is great until these cringe bikers show up😂,164,30,2025-04-04 09:22:56,https://i.redd.it/45x0tbacdsse1.png,
1js30rb,ChongQing edit in bilibili,1,1,2025-04-05 13:06:08,https://i.redd.it/4s6p2w68m0te1.png,[https://www.bilibili.com/video/BV1L2RXY9ERN/?spm\_id\_from=333.934.0.0&vd\_source=c563e8e8741c731871115082584bf5d0](https://www.bilibili.com/video/BV1L2RXY9ERN/?spm_id_from=333.934.0.0&vd_source=c563e8e8741c731871115082584bf5d0)
1jr8hwi,Me when bro at the sleepover,130,9,2025-04-04 10:18:13,https://i.redd.it/j5nfxxmdnsse1.jpeg,
1jr4dtj,speed barks at cute girl,224,21,2025-04-04 05:25:34,https://v.redd.it/atuadjs37rse1,
1jrfoln,Fr😂,20,3,2025-04-04 16:10:42,https://v.redd.it/wcq2t419euse1,
1jrbdse,"I DREW ISHOWSPEED,I HOPE HE SEES THIS!!"" #FanArt",35,4,2025-04-04 13:04:48,https://i.redd.it/s2x57jsvctse1.jpeg,
1jr8c0v,ITS THE MAN HIMSELF,44,5,2025-04-04 10:06:56,https://i.redd.it/gen0l6adlsse1.jpeg,i almost took a pic w him but the bodyguards too good w their job br
1jrfq7r,😂,10,0,2025-04-04 16:12:33,https://v.redd.it/rfss848leuse1,
1jqui76,Am I the only one who didnt know speed was so big in china?,244,88,2025-04-03 21:15:57,https://i.redd.it/lhlj599rrose1.jpeg,I mean with youtube and any other major western media blocked in china I thought they had their own thing going on.
1jqp6kz,🔥,389,7,2025-04-03 17:52:15,https://v.redd.it/c8i5hbwgrnse1,
1jr4dao,speed just barks at dog again in china,47,1,2025-04-04 05:24:34,https://v.redd.it/hdjjgeiv6rse1,
1jrrm2d,I thought Ishowspeed was supposed to make his debut in Manchester United this year 😭😭😭😭,1,0,2025-04-05 00:58:37,https://www.youtube.com/watch?v=s-fY8QvIgNY,
1jr6e9z,Speed's Stream in Hong Kong Went Riot,20,1,2025-04-04 07:43:38,https://i.redd.it/hmfgvzhnvrse1.png,everybody's yapping ishowspeed like crazy
1jrk8iu,IshowTimeTravel???...,0,1,2025-04-04 19:21:26,https://i.redd.it/519duaracvse1.png,
1jr73ce,what's up with hk's crew?,4,0,2025-04-04 08:35:47,https://www.youtube.com/watch?v=oNS8PHxWdp8,"they seems to get lost very often, are there literally no planning? "
1jr1iim,Freeze Frame looks like a Renaissance Painting 😭,13,1,2025-04-04 02:42:56,https://i.redd.it/7ddl2x12eqse1.png,
1jqnvc6,Why can't IShowSpeed drink energy drinks or coffee?,61,33,2025-04-03 17:02:32,https://i.redd.it/8tqfi3klinse1.png,"I’ve noticed in Speed's videos that he always avoids energy drinks and coffee, but I’ve never really heard a proper explanation. Is it for health reasons, doctor’s orders, or just personal choice?

Does anyone know the real reason?"
1jr5f2i,Movie style edit: The Karate Kid: iShowSpeed & Zac Wang | Movie Version Full HD 4K,5,2,2025-04-04 06:33:47,https://i.redd.it/r47qfm56jrse1.jpeg,[https://youtu.be/yQqIPjwk8\_0](https://youtu.be/yQqIPjwk8_0)
1jr99i0,The chat during HK livestream is disappointing,2,4,2025-04-04 11:09:04,https://i.redd.it/49dsw6ufwsse1.jpeg,
1jqmkgc,Ishowspeed's China stream is one of best irl stream by an influencer I have ever seen,50,2,2025-04-03 16:12:16,https://i.redd.it/muitzfhg9nse1.jpeg,
1jrmwdh,Can you follow my YouTube channel,0,4,2025-04-04 21:14:22,https://www.reddit.com/gallery/1jrmwdh,
1jqfk0q,Ishowspeed FIFA CARD Official and WHY THEY CALL HIM SPEED ⚡️⚡️⚡️⚡️⚡️⚡️ look at the PACE,76,5,2025-04-03 11:07:52,https://i.redd.it/29d9c2parlse1.jpeg,
1jqu6vp,He was living his dream in China,13,1,2025-04-03 21:03:41,https://i.redd.it/ptb4u6impose1.gif,
1jqna8l,The translator suit guy got trouble for his rude and bad translate recently.I really want to know what you guys think about it.,15,12,2025-04-03 16:39:54,https://v.redd.it/uu3oz9rjense1,"1.The first clip is the translator use chick to  describe a girl in the stream.The Chinese fans thought it is very offensive, even in stream.The       translator suit guy explained that is not offensive word in English,a chick is a girl,a dude is a boy.By the way,English is my second language,and i saw this word in tiktok usually when people call a girl.i really wanna know should i use this in daily life.
2.The second one is for his translation mistakes.When speed ask  a Barbar
 for haircut.The Barbar said 'that's dreadlocks,it's not easy to cut',means he can't handle it.In China few people would choose to have dreadlocks so many of Barbar can't handle it.But the suit guy had a extra tranlation,said speed's hair is too raggedy.The suit guy said it's for humor and it seems to be heading to a bad direction,he apologize for it."
1jpxuzp,"Ishowspeed just came to China and has a lot of fans, while China bans foreign channels, how do they know him?",725,235,2025-04-02 19:45:18,https://v.redd.it/34rcatgo6hse1,
1jr5duv,Tell me how is this.  iShowSpeed & Zac Wang movie version,0,0,2025-04-04 06:31:25,https://youtu.be/yQqIPjwk8_0,
1jqbgvp,nah this shit is crazy,77,24,2025-04-03 06:41:48,https://v.redd.it/i87lvisufkse1,
1jr97ey,The chat in his HK stream is disappointing,0,5,2025-04-04 11:05:21,https://i.redd.it/50i893fsvsse1.jpeg,
1jpvdip,Tony from LC Sign cooked IShowSpeed by his marketing 💀,538,7,2025-04-02 18:05:41,https://v.redd.it/zeljchtxogse1,
1jqnus7,Do you think he will meet the actual Wowkie Zhang (singer of Nae Ni) on the last day of China stream?,8,5,2025-04-03 17:01:58,https://i.redd.it/tfzyy23iinse1.png,
1jqory1,AYO 😂,7,1,2025-04-03 17:36:48,https://v.redd.it/gx1gllwponse1,
1jqlpf7,I think he's fucked,6,0,2025-04-03 15:39:05,https://www.reddit.com/gallery/1jqlpf7,"Image 1 is a stream he did, image 2 is from Megan 2.0, the moxie's are programmed to be a fucking Megan"
1jqfe52,Tit for tat,14,1,2025-04-03 10:59:09,https://i.redd.it/c9qr2nlrplse1.png,
1jpjsd4,Bro was flabbergasted,1804,6,2025-04-02 08:34:52,https://i.redd.it/n4q0h6a4vdse1.png,
1jptfy4,IShowSpeed runs into football lookalikes during livestream,212,6,2025-04-02 16:50:54,https://v.redd.it/0su1v0d8bgse1,
1jqhnjs,😂😂😂,5,0,2025-04-03 12:53:32,https://v.redd.it/n8usv786amse1,
1jr1m5p,Where is ishowspeed going after leaving ocean park (Hong kong tour) image unrelated,0,14,2025-04-04 02:48:14,https://i.redd.it/9a8mdz43fqse1.jpeg,I am trying to find him rn
1jpxojr,"Ishowspeed just came to China and has a lot of fans, while China bans foreign channels, how do they know him?",77,44,2025-04-02 19:37:59,https://i.redd.it/dg839dre5hse1.jpeg,
1jqe0va,Fucking hell gemini,5,1,2025-04-03 09:33:54,https://i.redd.it/tx91786kalse1.jpeg,
1jqbguu,Speed gets the Azure Flute,9,1,2025-04-03 06:41:45,https://v.redd.it/h0xuidyqfkse1,
1jprezk,Speed made super idol cum 🫣,77,5,2025-04-02 15:28:25,https://i.redd.it/at8o8rovwfse1.jpeg,
1jpxtkd,Chat,30,1,2025-04-02 19:43:41,https://i.redd.it/ge126xpb6hse1.jpeg,
1jpk7nn,FREE PALESTINE!,188,99,2025-04-02 09:07:47,https://i.redd.it/xhgex4xy0ese1.png,
1jqgywd,First person view football | Crazy skills,0,0,2025-04-03 12:21:13,https://youtube.com/watch?v=Gfle0wBDxMk&si=dam8h-vwq_GSlXns,
1jqbjwy,how niqqas be actin in front of thick thighs girl,2,0,2025-04-03 06:47:27,https://v.redd.it/ugzx4ywugkse1,
1jpfs0k,every country and state Ishowspeed has been to so far,276,50,2025-04-02 03:57:41,https://i.redd.it/v7tby6iehcse1.png,
1jqe59b,iShowSpeed Test Drives Chinese Luxury Cars!,1,0,2025-04-03 09:42:15,https://m.youtube.com/watch?v=5Ak8ZhYsOx8,
1jqdoz7,Another day Another game,1,0,2025-04-03 09:11:49,https://youtube.com/shorts/hC8y3EB4J_o?si=-u4vrelloXBDfDLY,
1jpo3m4,AYOO,37,8,2025-04-02 13:06:23,https://i.redd.it/kwd8l9dj7fse1.png,What is he doing in China
1jpfpg7,na this is actually sad😭,199,5,2025-04-02 03:53:30,https://v.redd.it/m0dyjybwgcse1,
1jppgho,W SPEED CHAT 💫,24,1,2025-04-02 14:08:00,https://i.redd.it/5ftllr1kifse1.jpeg,
1jpq27b,😂,26,2,2025-04-02 14:32:56,https://v.redd.it/hkjxutezmfse1,
1jqb9zg,10 STRICT RULES Cristiano Ronaldo Son Must Follow ! 🤯,1,0,2025-04-03 06:29:12,https://youtu.be/vMgJC_KMDMw?si=GFg6fYVmkPHF4V8a,
1jpub1d,updated and edited map of every country Ishowspeed has been to,11,10,2025-04-02 17:24:42,https://i.redd.it/zyf01sp9hgse1.png,decided to include all of the U.S.
1jput4l,Hi guys what's the pic master Liang on speeds new phone case? Thankss,4,1,2025-04-02 17:44:02,https://i.redd.it/50bxbci3lgse1.png,
1jpjzxz,How many people have speed met this year?,21,8,2025-04-02 08:51:22,https://i.redd.it/92emjg82ydse1.jpeg,"Genuinely asking, i think Speed is the person who met the most people this year. Prolly around few million as per stream in some cities he easily met around 100k people"
1jomybf,Superidol x ishowspeed,3616,18,2025-04-01 04:11:22,https://i.redd.it/a131cs67f5se1.jpeg,Found this pic from Thread
1jpz0pa,IShowSpeed Shocked by a Dancing Chinese Lamborghini! 🚗💃🔥,2,2,2025-04-02 20:31:49,https://youtube.com/shorts/WGC9rlomg_E?si=_Z-fYpfuVTbtJ-uc,
1jov29b,ishowspeed unfollowing a Zionist live on stream (via a random insta reposter),629,230,2025-04-01 13:03:11,https://v.redd.it/4f5pvcb228se1,
1jpvy4c,W speed,2,1,2025-04-02 18:28:13,https://i.redd.it/4mwhstczsgse1.jpeg,Speed do you put milk before your cereal? And what’s your favorite cereal mines is cocopuffs 😁 
1jpkct1,throwback to the day where i managed to give Speed my artwork!,8,1,2025-04-02 09:18:40,https://v.redd.it/ixc1dwkw2ese1,"i remember staying up on the day where he first came to Singapore which went wrong to the point where he had to cancel his stream. kept waiting till 1am, in hoping that Speed would continue the stream🥹"
1jpelj2,not sure if this is speed or not but here it is ig,18,0,2025-04-02 02:54:51,https://v.redd.it/rscuwvag6cse1,Idk if I'm posting the right flair or not
1jpv90a,10 STRICT RULES Cristiano Ronaldo Son Must Follow ! 🤯,0,0,2025-04-02 18:00:56,https://youtu.be/vMgJC_KMDMw?si=DFDoyvV4rSuirag-,
1jpa3ra,SuperIdol & IShowSpeed Spraying Happily Together,29,3,2025-04-01 23:24:57,https://i.redd.it/ie3l06b05bse1.jpeg,
1jpihqs,"Bruh, ishowspeed so stupiddd!!!! Watch the video.",7,1,2025-04-02 06:57:19,https://i.redd.it/s92gf8gnddse1.jpeg,[https://www.youtube.com/watch?v=HzU1mPRTu94](https://www.youtube.com/watch?v=HzU1mPRTu94)
1jpkqo2,does speed hate pork?,3,2,2025-04-02 09:48:15,https://www.youtube.com/watch?v=QtIlD6uxwwk,"during stream today when they showed most the dishes had pork he made a face every time they said pork and then he just left the table.  

  
linking the full stream since this sub requires smth linked.  "
1jpjld8,Chinese Trump spotted,5,1,2025-04-02 08:19:37,https://i.redd.it/38k90zucsdse1.png,
1jpt8uy,10 STRICT RULES Cristiano Ronaldo Son Must Follow ! 🤯,0,0,2025-04-02 16:42:53,https://youtu.be/vMgJC_KMDMw?si=jQBIrJpNvlKK3kAT,
1jpi256,ARRESTED FOR BEING 🥷🏾,5,0,2025-04-02 06:25:00,https://v.redd.it/gpysmt7y7dse1,
1jp1hns,😂,51,0,2025-04-01 17:31:44,https://v.redd.it/s6kghfhzd9se1,
1jpq7ic,Escaping the press like Ronaldinho,1,0,2025-04-02 14:39:08,https://youtube.com/shorts/HeQVCcHCQSg?si=HRSqCPUeoxk0XU0C,
1jp4xgd,You should join them speed,27,10,2025-04-01 19:48:23,https://v.redd.it/6b8g6hcd2ase1,
1jpo2o1,First person view football | The fun never stops,0,0,2025-04-02 13:05:02,https://youtube.com/watch?v=d-CvVN9-C0Q&si=q18skN1Z1HWgV3Af,
1jopxm5,LMFAO HELP IS THSI REAL,223,35,2025-04-01 07:33:50,https://i.redd.it/g9d820w9f6se1.png,
1jofsg1,He is super popular in China!,632,41,2025-03-31 22:14:33,https://v.redd.it/vbquqydjn3se1,"Saw this on Kuaishou. It has 840,000 likes "
1joq3qh,About Ishowspeed being racist in China,97,93,2025-04-01 07:46:43,https://www.reddit.com/gallery/1joq3qh,"The Chinese racially discriminate against blacks in China.
And then they dare not do anything, they blame the Japanese, they blame the ACG.
The recent building collapse in Thailand, China also blamed Italy, and shoved it all away.

中国人は中国で黒人を人種差別している。
そしてあえて行動せず、日本人のせいにし、二世のせいにする。
先日のタイのビル倒壊事故も、中国はイタリアのせいにして、すべて押し切った。

中国人在中国种族歧视黑人
然后敢做不敢当,把责任推给日本人,把责任推给二次元
最近的泰国大楼倒塌,中国也是把责任推给义大利,推得一乾二净"
1joiji0,This scene is exactly the same as that in Venom,313,3,2025-04-01 00:20:27,https://i.redd.it/ytwukvoz94se1.jpeg,🤣
1jpjyxv,This guy on yt is creating AI for every places ishowspeed has been on,0,1,2025-04-02 08:49:10,https://www.youtube.com/@ChatVerse-43,
1jnzbfe,Chinese Women says outrageous stuff to Speed / this shi is actually insane 😭,1994,360,2025-03-31 09:37:25,https://v.redd.it/hx77gt0fwzre1,sd
1jp9f1e,LACY SAID WHAT???,2,2,2025-04-01 22:54:39,https://www.twitch.tv/plaqueboymax/clip/EnticingRefinedArmadilloTBTacoRight-PV2knwUEPN1wQOTU,
1jolz9h,Speed and super idol deleted scene,60,10,2025-04-01 03:15:53,https://v.redd.it/it00yqm655se1,
1jo1we5,Speed × Super Idol guy is not on our 2025 bucket list,880,36,2025-03-31 12:23:26,https://v.redd.it/mwt1ymg1q0se1,
1jp1lcc,No way this dude related too speed😭,3,0,2025-04-01 17:35:56,https://v.redd.it/7ejgnkjqe9se1,Racko2x
1jot5pc,Dont Know if this is real . Do what u gotta do... (the comment),11,1,2025-04-01 11:22:38,https://i.redd.it/fmw7ytkyj7se1.png,
1joxapp,I TOLD HIM 👮🏽‍♂️ WHERE THE 💊 AT😂,0,2,2025-04-01 14:42:43,https://v.redd.it/2sfd6e8uj8se1,
1jnzgyr,Can we talk about what just happened,181,77,2025-03-31 09:49:00,https://i.redd.it/n29q0hfiyzre1.png,
1jou6zo,First person view football | new camera settings,1,0,2025-04-01 12:20:07,https://youtube.com/watch?v=bUY5l0Avl1A&si=yZ39c7imfsavzroi,
1jot04u,Football x Fein ⚽️,1,0,2025-04-01 11:13:05,https://youtube.com/shorts/_ybYziw39ZM?si=0a7RqoGILBGapNk_,
1jo7vxt,My boy really gave him a suprise💀,27,2,2025-03-31 16:51:27,https://v.redd.it/ut8f4fet12se1,
1joggyv,Hey Speed I hope you like this art I drew i been doing art for a couple of months and I hope you enjoy and I love your streams keep going bro and I love you,9,1,2025-03-31 22:43:56,https://i.redd.it/pwibrsxrs3se1.jpeg,This is the first art I did too btw
1jojmes,Some people say they are npc…,5,1,2025-04-01 01:14:37,https://i.redd.it/af94ezwnj4se1.jpeg,"Actually if I saw speed on road, I would definitely sing 《Sunshine, rainbow, white pony》 for him🤩🤩🤩"
1joyx6a,To anyone wondering how ishowspeed got famous in china.,0,1,2025-04-01 15:48:52,https://www.youtube.com/watch?v=3wUgygKKWbc,
1joatq9,WHY’D HE TAKE A BITE OUTTA IT THO 😭,14,1,2025-03-31 18:49:40,https://v.redd.it/597l6z3ym2se1,
1jokusw,Does anyone know the name of this stream ?,4,6,2025-04-01 02:16:07,https://i.redd.it/qlm3051nu4se1.jpeg,"I’ve got this image from where he played gta rp , but. I wanna know where the original stream is , please let me know."
1jooy03,They tried to jump me 👮🏽‍♂️😂,0,1,2025-04-01 06:21:17,https://v.redd.it/drf616kd26se1,
1jo4k78,What're the names of Speed's Chengdu tour guides?,13,2,2025-03-31 14:30:54,https://i.redd.it/8u1uf8ilc1se1.png,
1jnprve,Speed,127,4,2025-03-30 23:31:53,https://www.reddit.com/gallery/1jnprve,Does anyone know if Ishowspeed a bodyguard either Henry or rudiger have instagram accounts? Pls lmk🙏🙏🙏🙏🙏⚡️⚡️⚡️⚡️⚡️⚡️⚡️⚡️
1jntpz7,The Chosen One,35,2,2025-03-31 03:03:52,https://i.redd.it/ncw7d7r6yxre1.png,
1jnazrj,Wtf? 🤔,528,14,2025-03-30 12:06:03,https://i.redd.it/1h672b62itre1.jpeg,
1jo5d37,I hope that speed will not get his ass beat by the WWE boxers may god use his kung fu techniques,3,1,2025-03-31 15:05:27,https://i.redd.it/mfhqdk2yi1se1.jpeg,...
1jnzbpi,No one can ever get to speeds level,7,16,2025-03-31 09:37:55,https://i.redd.it/nvudqffjwzre1.jpeg,"I just watched a video of rakai and he is the same age speed was when he was getting 1 million a day in Ohio with no hands out 

Ain’t it crazy how rakai had a hand out from Kai cenat and can still never get to speeds level back then speed even got 1.5 million subs in a day at 16 and speed will go down in the books for that

I always thought that speed is a different kind of gravy because he knows how to keep his audience entertained wether u liked speed or not back then u must see him on tiktok YouTube etc because he would always do something that would amaze you 

Who else would get famous of a game that just answered yes or no other than speed 😹 "
1jo2y6r,CAUGHT IN 100K 📸,4,0,2025-03-31 13:16:45,https://v.redd.it/h9hipbufz0se1,
1jod26x,iShowSpeed’s Funniest Rage Moments of 2025 * 99 97% WILL LAUGH AT THIS VIDEO,1,0,2025-03-31 20:20:33,https://www.youtube.com/watch?v=SBKaUgpQlzA,
1jos7wt,Why a propaganda tour in China ? Didn't he learn from his crypto scam ?,0,28,2025-04-01 10:22:05,https://i.redd.it/38et1zm997se1.png,[https://www.youtube.com/watch?v=nM2rhQefZC8](https://www.youtube.com/watch?v=nM2rhQefZC8)
1jnld8m,?😂,59,1,2025-03-30 20:11:07,https://v.redd.it/tth6l0flwvre1,
1jo7sfc,Portugal 🇵🇹 VS Brazil 🇧🇷 || #football #portugal #brazil,1,0,2025-03-31 16:47:23,https://youtube.com/shorts/mzrrgq7_J6U?si=1JCe6oiIlSE92r2s,
1jo7r7v,Real Madrid VS Barcelona 🔥☠️ || #realmadrid #barcelona #football,1,0,2025-03-31 16:45:59,https://youtube.com/shorts/7nekKrW3f2k?si=M1nV4AJB6yOcrYpX,
1jo1m8k,Please do this for me,1,0,2025-03-31 12:08:00,https://forms.office.com/Pages/ResponsePage.aspx?id=Ug4_TzS3ZEGUCRtgHRR5k0_Cf5UxCXNHsFATiloVUTdUQzc1SFlGS0dVR0VSUjhBRTVMS0VVUEczUS4u,Please do this for me
1jnvfr0,😂😂😂,3,0,2025-03-31 04:46:51,https://v.redd.it/h94i7lrlgyre1,
1jngllg,Is this even real chat,24,2,2025-03-30 16:44:19,https://www.reddit.com/gallery/1jngllg,He doesn’t even provide a backstory in how he got this
1jnl1n8,"Wow bro, what are you doing?!",12,0,2025-03-30 19:57:23,https://v.redd.it/4o8phpi5uvre1,
1jny8w4,Why dey keep kissing dis nigga on stream?,0,5,2025-03-31 08:12:17,https://i.redd.it/kov1cps9hzre1.jpeg,Shit is weird.
1jnstwi,IshowSpeed in China,2,0,2025-03-31 02:14:09,https://youtube.com/shorts/ZQWCDw6bscs?si=DAayOd_Gn0pEv02f,
1jnvvw6,10 Funny & Cute Moments of Cristiano Ronaldo and His Family You Must See Part 2 ! ❤️,1,0,2025-03-31 05:16:21,https://youtu.be/8A00JZlUcHE?si=-fG3y_UVBARFBzN5,
1jn8ptd,IRL streams be like,26,0,2025-03-30 09:21:23,https://v.redd.it/00tgpl0mosre1,
1jn21xm,Miles Moretti drip edit 🇨🇳,77,5,2025-03-30 01:51:36,https://v.redd.it/y8gnq2gegqre1,https://www.instagram.com/reel/DHxyEjBBidS/?igsh=MWZsOXJqZDJsMXQyOQ==
1jnwvbo,Hey IShowSpeed I Made A Pixel My Name Look!,0,0,2025-03-31 06:25:36,https://www.reddit.com/gallery/1jnwvbo,Hey If You Don't Know What I Made On Pixel It's Called Pixelc It's On Google Play And It's Only PNG No JPEG Anything Only PNG You Can Make Sprite GIF And Pixel Art The App Is Called Pixelc Go Check It Out Ok.
1jnj5sp,10 Funny & Cute Moments of Cristiano Ronaldo and His Family You Must See Part 2 ! ❤️,2,0,2025-03-30 18:35:41,https://youtu.be/8A00JZlUcHE?si=IuGLiW8Ny7OW8FyF,
1jngt89,Does speed listen to Freddie Mercury?,2,0,2025-03-30 16:53:53,https://v.redd.it/akrif70fxure1,
1jmyq1i,BEST FAN ART😼?,46,12,2025-03-29 23:03:35,https://i.redd.it/4zawojjgmpre1.jpeg,
1jmory3,IShowChubby.,165,14,2025-03-29 15:28:38,https://i.redd.it/ro1mvn57dnre1.png,
1jn15jm,🤫🧏‍♂️,20,3,2025-03-30 01:03:41,https://i.redd.it/1cqqgsmv7qre1.jpeg,
1jngqmn,10 Funny & Cute Moments of Cristiano Ronaldo and His Family You Must See Part 2 ! ❤️,1,0,2025-03-30 16:50:34,https://youtu.be/8A00JZlUcHE?si=lgoYDKnt0kUiSMNC,
1jmewqa,Rare extreme close-up shot of Speed,487,39,2025-03-29 04:56:58,https://v.redd.it/dod08n4l8kre1,
1jnn8f9,Speed faked the car jump,0,12,2025-03-30 21:32:26,https://v.redd.it/ljbqh5mzawre1,
1jm9xgr,Brh I just skipped 10 seconds 😭,673,7,2025-03-29 00:22:40,https://v.redd.it/my1jin0nvire1,
1jn228r,Cowboy speed,6,1,2025-03-30 01:52:04,https://i.redd.it/w5bzmnpigqre1.jpeg,
1jmzfkp,Luffy Speed,7,1,2025-03-29 23:37:20,https://i.redd.it/0g2bh4ehspre1.jpeg,
1jn0tl2,SPEED AS A COWBOY #FanArt,6,1,2025-03-30 00:46:45,https://i.redd.it/xgb3np8v4qre1.jpeg,
1jmrp1i,Lokk,2,0,2025-03-29 17:39:20,https://youtube.com/shorts/aipVWRwfA4k?si=HZBpOgKLwHMAe8cU,
1jlsz6e,China gets the N word pass 🚫 🧢 💪,446,27,2025-03-28 11:35:34,https://v.redd.it/7qqmt4vs2fre1,
1jmfrpb,Master Liang on Speed's training as Shaolin Monk,13,0,2025-03-29 05:54:47,https://www.youtube.com/watch?v=P5vjqOySWSI,
1jm7oxd,"TIL that speed is called the ""hyperthyroidist brother"" (甲亢哥) by chinese fans",39,10,2025-03-28 22:36:39,https://daoinsights.com/news/ishowspeed-in-china-why-netizens-praise-polarising-streamer/,
1jmrnn4,Fortnite edit,1,0,2025-03-29 17:37:37,https://youtube.com/shorts/c7aNxPwGjOk?si=Dgqj5RCSv0gTRjye,
1jlt5p9,"IShowSpeed Nobel Peace Price, 2025?",195,23,2025-03-28 11:46:43,https://i.redd.it/94ak1bdq4fre1.png,
1jm5cf3,Speed has now become a Shalolin Monk in China,34,1,2025-03-28 20:52:38,https://i.redd.it/vniej1q6uhre1.jpeg,
1jltqmf,So many possibilities with the new GPT,140,17,2025-03-28 12:19:38,https://i.redd.it/o5rwskuiafre1.png,
1jm4cqs,"If you know, you know",30,3,2025-03-28 20:09:57,https://i.redd.it/39i8qbekmhre1.png,
1jm395s,YOO YALL CHECK OUT THIS CLIP OF MASTER SPEEDDD,27,2,2025-03-28 19:23:03,https://v.redd.it/v5ovfs11ehre1,[https://www.youtube.com/shorts/OCm6pdoTFOI](https://www.youtube.com/shorts/OCm6pdoTFOI)
1jlk1ni,🫡,482,62,2025-03-28 01:50:39,https://i.redd.it/uhyquhpc6cre1.png,
1jm3fb2,"YALL SUBSCRIBE , LIKE ND COMMENT IN THIS CHANNEL CONTENT ABOUT ISHOWSPEED ND FOOTBALL LESSS GOOO   https://www.youtube.com/@Takae69/shorts",14,4,2025-03-28 19:30:20,https://v.redd.it/9h6tckdbfhre1,[https://www.youtube.com/shorts/noAmayL4f04](https://www.youtube.com/shorts/noAmayL4f04)
1jm59nl,https://www.youtube.com/@Takae69/shorts                 YALL CHECK OUT MY CHANNEL SUBSCRIBE LIKE ND COMMENT CMONNN SPEED GANGGG,11,0,2025-03-28 20:49:19,https://v.redd.it/1h99q0wkthre1,[https://www.youtube.com/@Takae69/shorts](https://www.youtube.com/@Takae69/shorts)
1jlwg39,😂,27,2,2025-03-28 14:32:23,https://v.redd.it/sun639tbyfre1,
1jlz2pn,What did Speed meant by that?,17,3,2025-03-28 16:27:15,https://i.redd.it/g63y149uigre1.jpeg,
1jlw913,"Speed rap (taken from bilibili, china version of yt)",22,1,2025-03-28 14:23:19,https://v.redd.it/o5bi7n3qwfre1,I can't find this rap anywhere else but on bilibili.
1jlqqmu,He looks like an alien,34,5,2025-03-28 08:59:23,https://i.redd.it/tgy7bb4xaere1.jpeg,
1jmh42v,"YALL MY NEW VIDEO, CAN YALL GO TO YOUTUBE ND LIKE THE VIDEO ITLL BE HELPFUL",0,1,2025-03-29 07:33:28,https://youtube.com/shorts/2D8CIVKE4wA?feature=share,
1jla1g0,bro wtf 😭😭😭,381,11,2025-03-27 17:52:04,https://i.redd.it/664z65kzs9re1.png,
1jlloyg,Find the difference,43,0,2025-03-28 03:16:07,https://www.reddit.com/gallery/1jlloyg,
1jm0493,Portugal 🇵🇹 VS Argentina 🇦🇷  || #portugal #argentina,3,1,2025-03-28 17:11:04,https://youtube.com/shorts/F5atSFFeZys?si=4ZX3F3M7w2znhhH5,
1jlvnxf,ishowspeed become kung fu master,3,0,2025-03-28 13:56:35,https://youtube.com/shorts/evhGuGPvN6s?si=k8lwTH7l5rWAWbdI,
1jlyjc9,Cristiano Ronaldo from 1985 to 2025 ❤️ #ronaldo #shorts,2,0,2025-03-28 16:03:42,https://youtube.com/shorts/_OajCq2SUag?si=QkXvTnocw5BweH-Z,
1jl7m4r,The DJI POV on this guy is something 🌚,81,0,2025-03-27 16:11:35,https://v.redd.it/qg6y6fp4b9re1,
1jlz28b,this kid doesn't have a father,0,2,2025-03-28 16:26:38,https://v.redd.it/sl42ihbqigre1,This kid doesn't have a father 
1jltvtz,"Hi! I'm a lil bored of the fakeness and filters, tweakers and makeup tutorials constant on youtube/tick tock✌",1,1,2025-03-28 12:27:36,https://youtube.com/@ogkiticat?si=OagkPfNr_swGWGJb,"I've just made a channel basically to put a smile on someones face, and dont mind looking goofy doing it!! ( put up my channel 3 days ago and it's only of me playing vr falling on my face and fighting ghosts lol! U cant even see what I can!!) But I'm a country girl and definitely adventurous so my content will be outdoors, indoors, kind, considerate and always there for everyone. I know its probs corny to put this on reddit but ohhh well, when in Rome right? Lol, anyhow..  hope everyone is having the best day they can and stay safe, peace! Luv Catherine MacFarlane. X  x"
1jlt33r,When the pass is too smooth,1,0,2025-03-28 11:42:13,https://youtube.com/shorts/e6dsba60i4Q?si=A525DgTRSDnJDimm,
1jkuc3b,Speed is so famous in China right now,396,18,2025-03-27 03:01:56,https://i.redd.it/0ud9nrf7e5re1.jpeg,
1jl32lz,Did iShowSpeed finished streaming in China and is now heading towards Mongolia now?,50,23,2025-03-27 12:46:15,https://i.redd.it/b22z9ksha8re1.png,"Hi, im asking this question because I'm counting down the days hes coming to Hong Kong. He also said something that made me think he ended his China tour."
1jlp0j1,Why Ronaldo CRIED After Seeing Georgina & Cristiano Jr. Relationship ! 🥺❤️,0,0,2025-03-28 06:43:59,https://youtu.be/C-_clUjmbtI?si=GCas6gx8TJ2CD_bc,
1jk7rq6,the filter is crazy💀,868,15,2025-03-26 09:28:39,https://i.redd.it/3ovajg0b60re1.jpeg,
1jl8fxr,Why Ronaldo CRIED After Seeing Georgina & Cristiano Jr. Relationship ! 🥺❤️,2,0,2025-03-27 16:46:14,https://youtu.be/C-_clUjmbtI?si=lHYRn7vul2c9zNFR,
1jkifj1,Many streamers are now copying speed and want to stream in China,96,57,2025-03-26 18:10:11,https://i.redd.it/l92k3oibr2re1.jpeg,
1jlaifc,Why Ronaldo CRIED After Seeing Georgina & Cristiano Jr. Relationship ! 🥺❤️,0,0,2025-03-27 18:11:40,https://youtu.be/C-_clUjmbtI?si=C_DJ2MCA1nlnN8pi,
1jln8a4,TikTok account for sell 📲,0,3,2025-03-28 04:43:33,https://i.redd.it/1irzkpia1dre1.jpeg,TikTok account for sell 📲
1jl7kjy,speed do you want to see my song i know is bad but ye :/,1,0,2025-03-27 16:09:45,https://www.youtube.com/watch?v=GGNAgm8syzY,
1jkungp,I Show Speed fanart,10,3,2025-03-27 03:18:57,https://i.redd.it/gho8ttcah5re1.jpeg,This is my fan art I’m 3 years old
1jk8uis,nah this can't be real😭,177,5,2025-03-26 10:45:19,https://v.redd.it/mizfcp0yj0re1,
1jkfq3m,American streamer IShowSpeed visits China and is blown away by how beautiful it is.,56,2,2025-03-26 16:20:31,https://v.redd.it/ljmjqkhq72re1,
1jktt6g,UHHHH SPEED U BETTER SEE THIS (READ BODY FOR CONTEXT),8,1,2025-03-27 02:34:11,https://i.redd.it/hc38s12t85re1.jpeg,"this image is not fake, lemme tell you: so there’s this company called SNK and they are making a new fatal fury release (fighting game that used to be popular) after 2 decades of not having a new release, called fatal fury: city of the wolves. (Check out the other ones if u wanna, they are kind of good.) AND NOW, THEY COLLABORATED WITH CR7 TO ADD RONALDO INTO THE GAME (idk if he’s dlc yet but yeah.)"
1jkv009,Hey my team and I are fans of IShowSpeed so we added speed to our game Celebrity Kombat. What should his moveset and special attacks be? And what interesting things would you like speed to have?,5,21,2025-03-27 03:38:10,https://i.redd.it/9is3mjqij5re1.png,
1jl3iow,GoPro First Person view football | Beautiful game,0,0,2025-03-27 13:08:34,https://youtube.com/watch?v=KE5ZfriOkRY&si=KLHA9A0xuKsWIB4L,
1jlfqyg,Why is Speed like Brazil so much? He was born and raised in Ohio yet his entire identity is based around vlogging in South American/European countries.,0,17,2025-03-27 22:29:48,https://i.redd.it/7mn0qy3s5bre1.jpeg,
1jk8kpp,Speed and his bodyguard after douyin filter 💀,73,4,2025-03-26 10:26:53,https://www.reddit.com/gallery/1jk8kpp,
1jkntwg,End the stream now,8,1,2025-03-26 21:53:45,https://i.redd.it/z03uysl7v3re1.jpeg,
1jknes4,name of Chinese tour guide,8,8,2025-03-26 21:35:58,https://i.redd.it/h35noej3s3re1.jpeg,why does no one know his name or socials? 
1jk8xxo,This fliter LOL,51,1,2025-03-26 10:51:30,https://v.redd.it/9ihgopu0l0re1,
1jk47n9,This chinese lady recording speeds bodyguard body,126,41,2025-03-26 05:02:25,https://www.reddit.com/gallery/1jk47n9,
1jk3p45,Who is this guy with ishowspeed? He's a vibe killer,116,45,2025-03-26 04:30:26,https://i.redd.it/h86m3eg2pyqe1.png,
1jkklny,FATAL FURY: CotW ｜CRISTIANO RONALDO,5,0,2025-03-26 19:39:25,https://youtu.be/8-ABEy2ZFbU?si=gEiMWpVJVdrBb-MH,Speed x FGC
1jk4gcf,Bruh 💀💀,67,3,2025-03-26 05:18:11,https://i.redd.it/ugpdyz96xyqe1.png,
1jk9i9l,he vibing😭,19,1,2025-03-26 11:27:44,https://v.redd.it/tcn1s91cr0re1,found it on chinese tiktok（douyin）
1jkhhsd,Cristiano Ronaldo is a playable character in Fatal Fury: City of the Wolves,3,0,2025-03-26 17:32:33,https://www.youtube.com/watch?v=fbeEWm4_qeg,"[https://www.snk-corp.co.jp/us/games/fatalfury-cotw/characters/cr7.php](https://www.snk-corp.co.jp/us/games/fatalfury-cotw/characters/cr7.php)

He will use a mixture of Martial Arts and his powered-up soccer ball"
1jkhzyk,10 Funny & Cute Moments of Cristiano Ronaldo and His Family You Must See! ❤️,3,0,2025-03-26 17:52:45,https://youtu.be/aZ7tKuhd7f0?si=1i8Xsk0sfwI1P1_m,
1jk40bg,I know the suit guy,30,13,2025-03-26 04:49:21,https://i.redd.it/7i47ri9isyqe1.jpeg,"I’m absolutely dead. I’m a Beijing native, and the suit guy is known (he’s called Miles Moretti or smth) on Tik Tok for interviewing Chinese people in English. He’s mixed Chinese and tried to interviewing me and my friends in English. Seeing him now with Speed is crazy. "
1jk5j5w,Out of context but funny tho,20,2,2025-03-26 06:35:15,https://v.redd.it/jizq3tvdbzqe1,Lmao
1jkdk1r,Ask speed this question: can a house go super Saiyan?,3,0,2025-03-26 14:49:07,https://v.redd.it/urlneq4ir1re1,
1jk7nqp,Does anyone know where to get the shirt he was wearing?,3,1,2025-03-26 09:19:59,https://i.imgur.com/SwvkMdW.png,
1jjspmp,Can’t find her social media,33,24,2025-03-25 19:59:41,https://www.reddit.com/gallery/1jjspmp,Anyone know her socials? Peace and God bless
1jk03g4,China irl part 2,12,4,2025-03-26 01:19:23,https://m.youtube.com/watch?v=K8d4n9GhBrg,
1jjmpym,ishowspeed’s favourite song😭😭,52,0,2025-03-25 15:56:06,https://v.redd.it/5o29f6gjyuqe1,
1jjzqek,Dance,6,0,2025-03-26 01:01:41,https://v.redd.it/rbip3mxvnxqe1,
1jk9eld,"Beautiful skill, pass and goal",1,0,2025-03-26 11:21:19,https://youtube.com/shorts/yVKpGfonxZI?si=jgPKly9Pqrco1d9Q,
1jjw4du,Was that TOS?,8,1,2025-03-25 22:19:26,https://v.redd.it/a4cgcrwuuwqe1,
1jk6ejt,Speed Is A Rolando Fans - So I Make This Rolando Phonk For Speed,1,0,2025-03-26 07:40:50,https://v.redd.it/bq2uui1qmzqe1,
1jj2b72,Ishowspeed should go to North korea next aftar China 🇨🇳🇰🇵,353,28,2025-03-24 21:20:29,https://i.redd.it/8nmv78fifpqe1.jpeg,
1jjo4d7,"Skill issue? Nah, WiFi issue.",9,0,2025-03-25 16:54:12,https://i.redd.it/fwoyvczp8vqe1.jpeg,
1jjo2vh,10 SECRETS About Cristiano Ronaldo That Will SHOCK You ! 🤯,3,0,2025-03-25 16:52:36,https://youtu.be/J4rl1SmiUrY?si=eA-efURI80Ik51aU,
1jietoe,"Tayyip Erdoğan's police beat up a protester for doing 'SIUUUU' – Ishowspeed, please show this live on your stream, help guys",2601,92,2025-03-24 00:58:49,https://v.redd.it/cbxdti9idjqe1,
1jjm1f1,just want to say please spread positivity 🙏 and if ya want go see my song i know is cringe but ye :/ i try,2,0,2025-03-25 15:27:54,https://www.youtube.com/watch?v=CeRSPgDYZqw,
1jjpu85,10 SECRETS About Cristiano Ronaldo That Will SHOCK You ! 🤯,1,0,2025-03-25 18:03:44,https://youtu.be/J4rl1SmiUrY?si=R0TjbUZSIOYKxcO6,
1jil9gh,Which city is speed at right now?,473,55,2025-03-24 07:35:20,https://i.redd.it/9x9v1qhaclqe1.png,Hes in china Rn but which city?
1jitckd,This is how Erdoğan's police treat a young man who defends his constitutional rights and only says SIIIIIIUUUUUU. See it.,60,1,2025-03-24 15:26:35,https://v.redd.it/g7xjq65donqe1,
1jivrr5,Speed vs Suni Lee,41,1,2025-03-24 17:04:06,https://v.redd.it/lrjfywir5oqe1,
1jj903s,Would yall watch this?,4,5,2025-03-25 02:21:42,https://i.redd.it/vq6q7849xqqe1.jpeg,
1jiyivm,thats how Turkish government treats to students...,16,2,2025-03-24 18:51:43,https://v.redd.it/vhqazooxooqe1,
1jiyjiz,what was that clip of ishowspeed attempts to do a backflip onto chair but loses his mind?,8,2,2025-03-24 18:52:26,https://i.redd.it/zn91cvj3poqe1.png,If you know it can you please tell me what timestamp of it was
1jiz3mf,ishowspeed,6,0,2025-03-24 19:14:12,https://v.redd.it/bsz7w2pysoqe1,Ishowspeed may you please react to this I found this edit on tiktok 
1jio6tv,"Yo Speed I’m in China right, I would like to know which Chinese cities youre going to",24,4,2025-03-24 11:15:00,https://i.redd.it/rjsfb7bgfmqe1.jpeg,"Im in China right and I would really like to meet speed
But ion know where he’s going 
Does anyone in here has any idea where he’s heading at"
1jimywq,I need speeddddd😎,30,3,2025-03-24 09:51:18,https://i.redd.it/kxpejqvj0mqe1.jpeg,
1jicyoq,IRL 🇨🇳,159,26,2025-03-23 23:28:44,https://i.redd.it/daqr86chxiqe1.jpeg,"I’m so excited for this IRL and how he will act in china (I see he’s going to Mongolia too)

I think this can be the one of the best IRL he made ever before "
1jimo9u,Help identify a song from IShowSpeed's China IRL stream!,15,10,2025-03-24 09:28:30,https://i.redd.it/08jgq7b8wlqe1.png,"Hey everyone,

I was watching IShowSpeed's recent IRL stream from China where he was with Jackson Wang. There was a song playing in the background, and it's stuck in my head. The lyrics I caught were:

*""You only live once, just gotta be a dick sometimes.""*

People in the chat mentioned that it might not be Jackson Wang's song but possibly one of his mates. I've tried searching everywhere, but no luck.

If anyone knows the song or the artist, please let me know. Would really appreciate the help!

Thanks in advance!"
1jhzjdl,Speed react to this please,63,6,2025-03-23 13:42:22,https://i.redd.it/tzvt3a2u0gqe1.jpeg,
1jide37,Speed and Ronaldo 🙌,4,0,2025-03-23 23:49:20,https://v.redd.it/cfdcynm51jqe1,
1ji2nz2,Speed I made this for you I tried my best to make it look as nice as possible for you,13,1,2025-03-23 16:05:59,https://i.redd.it/hrmyxunhqgqe1.jpeg,This is when you done a backflip on the hand of the Christ redeemer 
1jhpowz,Getting flashbacks - NSFW,107,32,2025-03-23 02:56:40,https://i.redd.it/w0l3tx2otcqe1.jpeg,
1jhsapf,POV: Talking Ben just said ‘No’ for the 100th time.,28,2,2025-03-23 05:34:58,https://i.redd.it/rawr6osuldqe1.jpeg,
1jhzioh,speed are you gonna come to Myanmar,6,0,2025-03-23 13:41:24,https://v.redd.it/gkp36ygo0gqe1,
1jh6ftv,Saw this in my little sister's rough notebook 😭,433,33,2025-03-22 11:33:31,https://i.redd.it/twetgwmv88qe1.png,
1jhpwv7,According to their IG stories speed in currently in Shanghai,20,1,2025-03-23 03:08:57,https://i.redd.it/xsi4bvvtvcqe1.jpeg,
1jhhgdi,speed at these days,49,1,2025-03-22 20:10:13,https://v.redd.it/76q8u0f5taqe1,
1jhmhz2,??,15,4,2025-03-23 00:06:25,https://i.redd.it/28y4zxjazbqe1.jpeg,Anyone know what happened to the dudes in the back ? they used to always be in videos. 
1jhpoi1,A moment from his sleep stream: a demand for anything but annoying clips,6,0,2025-03-23 02:56:00,https://v.redd.it/ixlqo9bctcqe1,
1jhseq9,10 Funny & Cute Moments of Ronaldo and His Family You Must See! ❤️,2,2,2025-03-23 05:42:52,https://youtu.be/aZ7tKuhd7f0?si=YWyw0QVnuuEIidSM,
1jhpbrg,iShowSpeed Theme Song Short Ver by AI,3,0,2025-03-23 02:35:52,https://www.youtube.com/watch?v=d9B_IoKWy1c&ab_channel=AIMusic,
1jhgw5l,speedvortex_ guy on insta,7,1,2025-03-22 19:45:58,https://i.redd.it/h16eauasoaqe1.jpeg,
1jhc4ao,Bruh they put Speed in Batman LOL,8,1,2025-03-22 16:18:13,https://i.redd.it/xb0rex1rn9qe1.png,
1jg953w,Where in China would speed visit,2489,349,2025-03-21 04:55:59,https://i.redd.it/zfg3ewb45zpe1.jpeg,"I'm a Chinese and I can go to HK or any other cities in the country for him. Anyone knows about this????
"
1jhcl9p,If IShowSpeed was in Batman come out bro,3,2,2025-03-22 16:39:10,https://i.redd.it/r3pqnurfr9qe1.jpeg,
1jhcv67,10 Funny & Cute Moments of Ronaldo and His Family You Must See! ❤️,2,1,2025-03-22 16:51:41,https://youtu.be/aZ7tKuhd7f0?si=ZxxUR9r6RRE9F1oL,
1jgssdw,If IShowSpeed had FIFA cards,64,14,2025-03-21 22:00:30,https://www.reddit.com/gallery/1jgssdw,Is it accurate?
1jh7hzp,baaaaark,4,0,2025-03-22 12:37:40,https://v.redd.it/an10c1e9k8qe1,"bark bark





"
1jgjouf,Speed always disrespecting Kai Cenat,112,2,2025-03-21 15:36:56,https://v.redd.it/guzdclbhb2qe1,
1jgk7s8,New gif dropped,31,1,2025-03-21 15:59:13,https://i.redd.it/ewgzkfagf2qe1.gif,
1jgra8g,Yo Speed Google This Movie it’s really Cool!!,9,2,2025-03-21 20:54:25,https://i.redd.it/p4fcvjf4w3qe1.jpeg,
1jgt2r9,IS THIS A GOOD STREAMING SETUP? SPEED COMMUNITY,3,1,2025-03-21 22:13:11,https://youtube.com/watch?v=kxKFr-QbEW8&si=v_7zuuloZS7Bi-HDK,
1jg57vw,What would happen if IShowSpeed saw this,96,28,2025-03-21 01:19:13,https://i.redd.it/3gxm9rig2ype1.jpeg,
1jggodb,POV Football with Mini Ronaldo,3,0,2025-03-21 13:21:24,https://youtube.com/watch?v=oZsi8gvKZwU&si=TOadHWg2oSu348Ib,
1jgkglj,what ronnaldo said about speed !!!  #cristianoronaldo #ishowspeed #messi,1,0,2025-03-21 16:09:15,https://youtube.com/shorts/tAOZp6yv3sw?si=e8rI5VesD9penRAE,
1jg0dxy,"Can you imagine speed as courage, the cowardly dog?",23,1,2025-03-20 21:37:11,https://v.redd.it/9csl2j8uywpe1,
1jg10uv,"Reacting to speed 400,000 BCE",12,1,2025-03-20 22:04:14,https://v.redd.it/w0fjfp5o3xpe1,
1jg3s2r,Do not watch this!,4,2,2025-03-21 00:07:08,https://v.redd.it/u9tpy5hlpxpe1,"Whatever you do, don't watch this ○_○"
1jfnfqc,Asspeed's Creed Shadows,23,2,2025-03-20 12:12:05,https://i.redd.it/o22tssty5upe1.jpeg,
1jg2nh8,IShowSpeed X Wario world,2,0,2025-03-20 23:15:10,https://v.redd.it/gwv76kx9gxpe1,
1jf1rwc,I m weak 😭,175,12,2025-03-19 16:57:58,https://v.redd.it/81588t93gope1,
1jftdqy,Footballer as Lion 🦁: Ronaldo VS Messi VS Neymar Jr 🔥,2,0,2025-03-20 16:47:43,https://youtube.com/shorts/zVrJJC6Lqzk?si=8o0Ap9eLomkvYVBp,
1jfi85h,Ishowspeed stream,11,1,2025-03-20 05:57:13,https://i.redd.it/odl2t105bspe1.jpeg,"Not chat
"
1jfqvdr,When you're so focused everything flows like water,2,0,2025-03-20 14:59:59,https://youtube.com/shorts/j1HdMHic_sc?si=wX6TDWoIul8bu5kK,
1jf5qw3,IShowSpeeds nightmares be like:,34,2,2025-03-19 19:40:51,https://i.redd.it/l3l29vf69ppe1.jpeg,
1jfjbvx,why Ronaldo Meets iShowSpeed? 🤔 ( TRUTH REVEALED! )🤫,3,0,2025-03-20 07:19:45,https://youtu.be/_OLmOI_Ztzs?si=ic_5b31VpYA0B5-s,
1je3sux,Why does he look like a Speed?,5402,100,2025-03-18 12:30:29,https://i.redd.it/ese8z59ezfpe1.jpeg,
1jey4gn,Speed’s fear of moaning,30,1,2025-03-19 14:21:40,https://v.redd.it/2pnj0d58onpe1,
1jfh4hd,Nick eh 30 made IShowSpeed so mad WATCH TILL THE END 😂 #ishowspeed #ishowspeedshorts #streamclips,2,0,2025-03-20 04:42:42,https://youtube.com/shorts/rZoCqj2l5fE?si=klz7u9FKBfAxuiXb,
1jf1abe,MY FAN ART 4 SPEED HOPE U LIKE IT FROM ENGLAND,17,1,2025-03-19 16:37:36,https://i.redd.it/wpajuhvecope1.jpeg,
1jf50qo,The Exact Reason Why we Call Him Speed,3,1,2025-03-19 19:11:01,https://youtube.com/shorts/AR30vrif6Rk?feature=share,
1jf3f2p,why RONALDO Decided To Meets iShowSpeed? 🤔 ( TRUTH REVEALED! )🤫,3,0,2025-03-19 18:05:10,https://youtu.be/_OLmOI_Ztzs?si=muEsEuxi7KoEFMjN,
1jepber,ME AND MY DADDY TURNED ISHOWSPEED INTO FOOD TO FEED MY VILLAGE,24,3,2025-03-19 04:48:11,https://v.redd.it/243fdr1xtkpe1,
1jf1ex0,why RONALDO Decided To Meets iShowSpeed? 🤔 ( TRUTH REVEALED! )🤫,2,0,2025-03-19 16:43:03,https://youtu.be/_OLmOI_Ztzs?si=SQyNmdaQYPnsH_r-,
1je67vn,Speed's worst nightmare💀,138,10,2025-03-18 14:26:53,https://www.reddit.com/gallery/1je67vn,
1jedc3n,Speed is coming to China,20,9,2025-03-18 19:20:27,https://www.youtube.com/watch?v=L1Z6fyTEuus,
1je5xby,Speed’s aggression towards the hub displayed,23,0,2025-03-18 14:13:52,https://v.redd.it/838dr7owhgpe1,
1jeaakg,5 Insanely Expensive Gifts Ronaldo Gave to His Girlfriend Georgina! 🤑❤️,3,0,2025-03-18 17:18:42,https://youtu.be/wtQfQaBla60?si=RWtpkJG2LGCMy_fG,
1je7tah,The many speeds of speed reacting to bullets,4,0,2025-03-18 15:36:17,https://v.redd.it/wf53h96lwgpe1,
1jd2kzc,Bro you were fat as f,2870,63,2025-03-17 02:36:01,https://i.redd.it/dk0fyvbiw5pe1.jpeg,"Fat meat jr
"
1jdkk1e,Randy’s a Messi Fan,64,1,2025-03-17 18:55:15,https://i.redd.it/ferncsz7rape1.jpeg,Gggh
1je9a0y,Does Ishowspeed wear glasses?,1,8,2025-03-18 16:36:59,https://encrypted-tbn0.gstatic.com/images?q=tbn:ANd9GcQ5YXydv8buKV0SNglJcPaw3kf6zXN4AYAQIg&s,"I recently saw a photo that is apparently ishowspeed’s third grade class photo? He’s really chubby, wearing a Minecraft creeper sweater, and is wearing glasses. I’m thinking it’s fake just because of how outrageous it is lol. But it made me think, why is he wearing glasses in the grad photo if I’ve never seen him wear glasses? Can your eyesight get better over time? Or does he just choose to not wear glasses as a fashion thing?"
1jdnhte,This guy looks like speed lol,25,8,2025-03-17 20:53:05,https://i.redd.it/zb6vzar8cbpe1.jpeg,I was watching beast morphers with my young brother and the only thing that came
1jdq1tl,I just love his reaction to the memes made after the firework incident,12,0,2025-03-17 22:40:27,https://v.redd.it/me49lrdbvbpe1,
1jdg7j0,Day 2 of asking ishowspeed to pack himself as a stream idea,33,5,2025-03-17 16:02:32,https://i.redd.it/u3i61fqdw9pe1.png,
1jdq115,Does speed know anything about parasitic worms?,6,0,2025-03-17 22:39:31,https://v.redd.it/qe5xkof3vbpe1,
1jdlc8v,What do you think about these videos?,6,1,2025-03-17 19:26:00,https://www.reddit.com/gallery/1jdlc8v,
1jdh7gf,5 Insanely Expensive Gifts Ronaldo Gave to His Girlfriend Georgina! 🤑❤️,3,0,2025-03-17 16:42:35,https://youtu.be/wtQfQaBla60?si=iSH2FFoXgx2X8OyC,
1jd84uy,Joe Weller Speaks on Beef With Ishowspeed🤭💔,7,1,2025-03-17 08:51:18,https://v.redd.it/y74g0to0r7pe1,
1jd2888,The reality breaking song of gangster rap,15,0,2025-03-17 02:17:19,https://v.redd.it/2fngun84t5pe1,
1jcxdbv,Can speed take it? Can he handle it?,30,5,2025-03-16 22:19:05,https://v.redd.it/fviw1finm4pe1,
1jd299f,Can we have IShowSpeed enjoy some wholesome anime moments?,11,2,2025-03-17 02:18:51,https://v.redd.it/2goilmjet5pe1,
1jd78id,When iShowSpeed turns into Ronaldo 🔥🔥 #ishowspeed #ronaldo #edit,3,0,2025-03-17 07:39:12,https://youtube.com/shorts/c8O-wZ4r31k?si=lx3FO9mFyY5iTXEr,
1jcrot6,IShowSpeed i Made This Thumbnail Tell Me If You Like it,12,1,2025-03-16 18:10:56,https://i.redd.it/hokfchgee3pe1.png,
1jcgnbu,Is that the same controller? 🤢🤮 (I'm sorry),67,2,2025-03-16 08:02:50,https://v.redd.it/g5uft1uld0pe1,
1jcxfsq,The speed know about the foot fetish of Nickelodeon?,3,1,2025-03-16 22:22:07,https://v.redd.it/6k5yz6h7n4pe1,
1jccufq,Was Michael Jackson lying?,48,3,2025-03-16 03:40:49,https://v.redd.it/k3zkqqu53zoe1,
1jc8aad,Speed’s PC falling at slow Mo,26,0,2025-03-15 23:37:40,https://v.redd.it/i0nc6f8svxoe1,
1jbzlir,IshowSlow,63,1,2025-03-15 16:57:48,https://v.redd.it/b317i4ufwvoe1,
1jbrmtx,Speed and ronaldo edit😍,142,3,2025-03-15 09:47:19,https://v.redd.it/f15br2tmrtoe1,
1jby2up,"IShowSpeed's Quote of the Day - March 14, 2025",25,0,2025-03-15 15:50:12,https://v.redd.it/0x8x30bdkvoe1,"""This world was made for YOU"""
1jc1fcd,Ishowspeed background wallpaper sewey,9,1,2025-03-15 18:17:30,https://i.redd.it/k5s0p7zkawoe1.png,
1jc6el8,fun fact: I’m probably the only person that knows speed made this song.,4,0,2025-03-15 22:06:47,https://v.redd.it/3oqopaaifxoe1,
1jc29gp,SPEED X KSI ⚽️,8,2,2025-03-15 18:55:04,https://i.redd.it/cc5yco0dhwoe1.jpeg,"Designed by me
for ishowspeed & ksi"
1jc08a8,Seconds from Disaster: Ishowspeed addition,9,0,2025-03-15 17:24:49,https://v.redd.it/gmatl7d91woe1,"
"
1jc3fbw,Even in cars Ronaldo is the goat,6,2,2025-03-15 19:46:57,https://v.redd.it/4iwgeekhqwoe1,
1jc4piu,TOP 10 Shocking iShowSpeed Moments YOU MUST SEE! 🤯🔥,3,0,2025-03-15 20:44:41,https://www.youtube.com/watch?v=2FJNd3xkKes,
1jbph3l,Steve had to let Kai Cenat know That's his dance not I show speed respectfully,16,3,2025-03-15 07:02:56,https://v.redd.it/dihxeg0bysoe1,
1jc0geb,Speed needs to definitely check out alien planet,2,0,2025-03-15 17:34:39,https://v.redd.it/ndf7kjg03woe1,
1jc2z9m,Passing Like Kevin De Bruyne,1,0,2025-03-15 19:26:49,https://youtube.com/shorts/7Mn68FfLsuU?si=z4dTa9SRdaXNApqt,
1jbt8pm,Speed what is this? LMAOOOOO,3,0,2025-03-15 11:40:24,https://www.youtube.com/watch?v=hu1WRGoSCsY,
1jb0m7h,The honored one,318,5,2025-03-14 10:17:40,https://i.redd.it/6w643m70smoe1.png,Made this in paintnet
1jbt0i0,iShowSpeed Breaks Down Crying After Ronaldo Said This About Him! 😢,2,0,2025-03-15 11:25:18,https://youtu.be/xuzSlCZjL8Q?si=MenntJbL1fXrKSGQ,
1jbw2ru,I made a video about Ishowspeed (visit my channel),1,0,2025-03-15 14:17:23,https://www.youtube.com/shorts/55Km9TmwnRg,
1jb7f8f,iShowAura,54,4,2025-03-14 16:04:19,https://i.redd.it/sig1oswyhooe1.jpeg,
1jbp76s,ishowspeed,2,2,2025-03-15 06:42:50,https://i.redd.it/uftojv7lusoe1.png,
1jbqtbx,iShowSpeed Breaks Down Crying After Ronaldo Said This About Him! 😢,2,0,2025-03-15 08:44:18,https://youtu.be/xuzSlCZjL8Q?si=jSbozII7YeIJts-N,
1jbnivk,Twitch hes live and big fan and funny ass fuck,0,1,2025-03-15 04:49:56,https://www.twitch.tv/squeezeant,
1jb1rmz,This is my friend,8,2,2025-03-14 11:33:09,https://i.redd.it/x26zc5tl5noe1.jpeg,ishowspeed 😆
