Video ID,Title,Date Posted,Time Posted,Duration,Duration (seconds),Views,Likes,Comments,Like Rate (%),Comment Rate (%),Collaborators,Content Type,Video Type,Was Livestream,Thumbnail URL,Country
r9UA3ondtaw,"we LAUGH, you WIN $$$ ft. KSI",4/26/2025,15:31:18,3:28:37,12517,2690624,106000,1384,3.94,0.05,['KSI'],Sports,Stream,True,https://i.ytimg.com/vi/r9UA3ondtaw/hqdefault.jpg,Not Applicable
YdZntExmo_k,WORLDS GOT TALENT,4/21/2025,22:48:04,5:30:41,19841,2632926,89634,2052,3.4,0.08,,IRL / Vlog,Stream,True,https://i.ytimg.com/vi/YdZntExmo_k/hqdefault.jpg,Not Applicable
o3N-9nklu3U,BACK AND BETTER 谢谢 速度,4/20/2025,22:46:21,6:15:04,22504,3171537,99151,1467,3.13,0.05,,Variety Stream,Stream,True,https://i.ytimg.com/vi/o3N-9nklu3U/hqdefault.jpg,Not Applicable
H6ywRmxBNvo,i joined a band 🇲🇳 #ishowspeed,4/11/2025,11:04:36,44,44,10733730,300756,9178,2.8,0.09,,IRL / Vlog,Shorts,False,https://i.ytimg.com/vi/H6ywRmxBNvo/hqdefault.jpg,Mongolia
0mwuGExoxFU,irl stream in Mongolia 🇲🇳,4/11/2025,8:39:21,5:02:54,18174,7060068,220320,9033,3.12,0.13,,IRL / Vlog,Stream,True,https://i.ytimg.com/vi/0mwuGExoxFU/hqdefault.jpg,Mongolia
43U-qppkN64,One Way Out 🕳️ #ishowspeed,4/9/2025,7:31:16,25,25,95270661,1527817,10237,1.6,0.01,,Gaming,Shorts,False,https://i.ytimg.com/vi/43U-qppkN64/hqdefault.jpg,Not Applicable
7cAzQjnEqXs,"irl stream in Changsha, China🇨🇳 + Meeting Da Zang Wei🎤",4/7/2025,14:30:25,6:01:43,21703,9367045,202967,13188,2.17,0.14,,IRL / Vlog,Stream,True,https://i.ytimg.com/vi/7cAzQjnEqXs/hqdefault.jpg,China
Hag52ouCzJs,Most Advanced Robot🤖🇨🇳 #ishowspeed,4/5/2025,14:48:37,33,33,22117436,537877,9951,2.43,0.04,,IRL / Vlog,Shorts,False,https://i.ytimg.com/vi/Hag52ouCzJs/hqdefault.jpg,China
zTW20UFOVbo,"irl stream in Shenzhen, China 🇨🇳🤖",4/5/2025,12:39:01,5:43:15,20595,8633882,215022,11032,2.49,0.13,,IRL / Vlog,Stream,True,https://i.ytimg.com/vi/zTW20UFOVbo/hqdefault.jpg,China
oNS8PHxWdp8,irl stream in Hong Kong 🇭🇰  (38 million……),4/4/2025,11:50:30,9:39:38,34778,11077562,261951,15105,2.36,0.14,,IRL / Vlog,Stream,True,https://i.ytimg.com/vi/oNS8PHxWdp8/hqdefault.jpg,Hong Kong
SFE8KIh2TQA,my new chinese car🇨🇳🚗 #ishowspeed,4/2/2025,14:04:05,41,41,24848887,891386,16004,3.59,0.06,,IRL / Vlog,Shorts,False,https://i.ytimg.com/vi/SFE8KIh2TQA/hqdefault.jpg,China
QtIlD6uxwwk,"irl stream in Cyber City Chongqing, China🇨🇳🌃",4/2/2025,14:03:57,6:31:26,23486,9289755,239409,15697,2.58,0.17,,IRL / Vlog,Stream,True,https://i.ytimg.com/vi/QtIlD6uxwwk/hqdefault.jpg,China
4F9ohF9_Imo,i’m quitting youtube💔,4/1/2025,4:19:21,20,20,9876134,408664,38092,4.14,0.39,,Misc,Shorts,False,https://i.ytimg.com/vi/4F9ohF9_Imo/hqdefault.jpg,Not Applicable
g4TDjwPRArg,"irl stream in Chengdu, China  🇨🇳",3/31/2025,12:10:19,5:23:23,19403,8754704,221632,13357,2.53,0.15,,IRL / Vlog,Stream,True,https://i.ytimg.com/vi/g4TDjwPRArg/hqdefault.jpg,China
fZWufgrkCcw,Super idol🇨🇳 #ishowspeed,3/31/2025,11:57:58,15,15,62982708,1311206,48281,2.08,0.08,,IRL / Vlog,Shorts,False,https://i.ytimg.com/vi/fZWufgrkCcw/hqdefault.jpg,China
XQ_Cp5VI_MU,climbing the LOVE LADDER 🇨🇳🗻 #ishowspeed,3/30/2025,6:30:25,44,44,30151246,1081675,21022,3.59,0.07,,IRL / Vlog,Shorts,False,https://i.ytimg.com/vi/XQ_Cp5VI_MU/hqdefault.jpg,China
GutqOcN-cE0,i learned kung fu🇨🇳🥋 #ishowspeed,3/28/2025,11:21:37,45,45,20753199,884253,18802,4.26,0.09,,IRL / Vlog,Shorts,False,https://i.ytimg.com/vi/GutqOcN-cE0/hqdefault.jpg,China
zBL_5DkiXCk,Becoming a Shaolin Monk in China 🥋🇨🇳 irl stream,3/28/2025,11:00:39,4:49:56,17396,7997124,212290,14762,2.65,0.18,,IRL / Vlog,Stream,True,https://i.ytimg.com/vi/zBL_5DkiXCk/hqdefault.jpg,China
xzHt1HFk1zA,BackFlip off the Great Wall Of China🇨🇳😳,3/26/2025,8:40:47,13,13,10396144,443085,7307,4.26,0.07,,IRL / Vlog,Shorts,False,https://i.ytimg.com/vi/xzHt1HFk1zA/hqdefault.jpg,China
K8d4n9GhBrg,"irl stream in Beijing, China 🇨🇳 + Great Wall of China",3/26/2025,8:00:43,6:09:52,22192,5949229,152307,13528,2.56,0.23,,IRL / Vlog,Stream,True,https://i.ytimg.com/vi/K8d4n9GhBrg/hqdefault.jpg,China
fK85SQzm0Z0,"irl stream in Shanghai, China 🇨🇳",3/24/2025,12:54:44,6:20:00,22800,7560345,238886,15417,3.16,0.2,,IRL / Vlog,Stream,True,https://i.ytimg.com/vi/fK85SQzm0Z0/hqdefault.jpg,China
oTx6EXTQNSQ,AI TROLLING ON OMEGLE 😂 + SPLIT OR STEAL,3/19/2025,19:04:38,2:54:27,10467,2041722,75418,1655,3.69,0.08,,Sports,Stream,True,https://i.ytimg.com/vi/oTx6EXTQNSQ/hqdefault.jpg,Not Applicable
rX7kyY2lWTM,Click This If You Love Your Mom 👩,3/16/2025,20:25:22,4:13:23,15203,2508015,98764,1664,3.94,0.07,,Variety Stream,Stream,True,https://i.ytimg.com/vi/rX7kyY2lWTM/hqdefault.jpg,Not Applicable
SahEdZYx7Ds,not ending until i beat Tower Of Hell (roblox),3/14/2025,20:59:30,3:16:17,11777,2598397,76497,4265,2.94,0.16,,Gaming,Stream,True,https://i.ytimg.com/vi/SahEdZYx7Ds/hqdefault.jpg,Not Applicable
#NAME?,I FINNNALY SCORED!!!!!,3/12/2025,20:16:40,2:51:00,10260,1924280,64084,1518,3.33,0.08,,Misc,Stream,True,https://i.ytimg.com/vi/-e3j2xzAakg/hqdefault.jpg,Not Applicable
5BixN1cdMwg,WE WON!!! Sidemen Charity Match Post Game ⚽️,3/8/2025,18:16:14,39:51:00,2391,2216029,76609,1549,3.46,0.07,['Sidemen'],Sports,Stream,True,https://i.ytimg.com/vi/5BixN1cdMwg/hqdefault.jpg,Not Applicable
IOknw-sk3ns,irl PRE GAME at the Sidemen Charity Match ⚽️,3/8/2025,15:12:47,1:33:25,5605,3323887,106248,1192,3.2,0.04,['Sidemen'],IRL / Vlog,Stream,True,https://i.ytimg.com/vi/IOknw-sk3ns/hqdefault.jpg,Not Applicable
6Nd-v8lmIDc,Last One Standing Wins @MrBeast,3/7/2025,17:03:09,1:23,83,67507295,3754823,27568,5.56,0.04,['MrBeast'],Sports,Regular Video,False,https://i.ytimg.com/vi/6Nd-v8lmIDc/hqdefault.jpg,Not Applicable
EE90rnGMBGI,irl Sidemen Charity Match Training ⚽️ ft. Youtube All Stars,3/7/2025,16:24:01,1:52:21,6741,2664519,91125,2384,3.42,0.09,['Sidemen'],IRL / Vlog,Stream,True,https://i.ytimg.com/vi/EE90rnGMBGI/hqdefault.jpg,Not Applicable
xFe7M0bFXSo,"irl $20,000 1v1 Football Tournament ⚽ (UK Edition 🇬🇧)",3/6/2025,21:22:28,3:28:55,12535,2808500,89144,1179,3.17,0.04,,Gaming,Stream,True,https://i.ytimg.com/vi/xFe7M0bFXSo/hqdefault.jpg,United Kingdom
so1Y06pQ_UM,"Live on CBS ft. Thierry Henry, Jamie Carragher, Micah Richards & others.. ⚽️",3/5/2025,23:17:10,57:11:00,3431,1816350,72263,2264,3.98,0.12,"['Jamie Carragher', 'Thierry Henry']",IRL / Vlog,Stream,True,https://i.ytimg.com/vi/so1Y06pQ_UM/hqdefault.jpg,Not Applicable
p36Nhm-PZKc,TALENT SHOW STREAM ✨  (HAPPY SUNDAY),3/2/2025,22:10:05,4:00:21,14421,1918149,65448,1554,3.41,0.08,,Sports,Stream,True,https://i.ytimg.com/vi/p36Nhm-PZKc/hqdefault.jpg,Not Applicable
OJq1w0DVheE,March 1st 2025 Stream (Ramadan),3/1/2025,21:20:04,4:05:40,14740,2554329,96739,2031,3.79,0.08,,IRL / Vlog,Stream,True,https://i.ytimg.com/vi/OJq1w0DVheE/hqdefault.jpg,Not Applicable
O3Sp6OqKGxA,BEATING MONSTER HUNTER WILDS RIGHT NOW… (Final Boss) 🧌 pt 2,3/1/2025,7:01:27,1:53:34,6814,487304,15511,506,3.18,0.1,,Gaming,Stream,True,https://i.ytimg.com/vi/O3Sp6OqKGxA/hqdefault.jpg,Not Applicable
gDrGbdEPcdw,BEATING MONSTER HUNTER WILDS… 🧌,3/1/2025,5:41:18,11:55:00,42900,1638696,46298,458,2.83,0.03,,Gaming,Stream,True,https://i.ytimg.com/vi/gDrGbdEPcdw/hqdefault.jpg,Not Applicable
cbY0lKd0-Q4,THIS STREAM IS NOT ENDING UNTIL I LAUGH,2/24/2025,21:57:12,3:43:38,13418,2198241,74333,1984,3.38,0.09,,IRL / Vlog,Stream,True,https://i.ytimg.com/vi/cbY0lKd0-Q4/hqdefault.jpg,Not Applicable
xc0ET_UbPvE,I REMEMBER,2/23/2025,23:18:19,5:14:08,18848,2457270,87901,1652,3.58,0.07,,Variety Stream,Stream,True,https://i.ytimg.com/vi/xc0ET_UbPvE/hqdefault.jpg,Not Applicable
iRzlxL-qepw,dont feel good🤒,2/18/2025,21:35:29,4:04:09,14649,2561554,88883,1584,3.47,0.06,,Variety Stream,Stream,True,https://i.ytimg.com/vi/iRzlxL-qepw/hqdefault.jpg,Not Applicable
JyVae6nu0HI,LONG TIME NO SEE,2/18/2025,1:43:00,6:58:50,25130,3193266,95433,1897,2.99,0.06,,Variety Stream,Stream,True,https://i.ytimg.com/vi/JyVae6nu0HI/hqdefault.jpg,Not Applicable
T4_sOUawGD4,"irl Charity Football Match ⚽️ ft. Thierry Henry, Iniesta, KSI, Chunkz & more 🇶🇦 (Match For Hope)",2/14/2025,20:08:40,4:12:50,15170,8409642,233003,5196,2.77,0.06,"['KSI', 'Chunkz', 'Iniesta', 'Thierry Henry']",Gaming,Stream,True,https://i.ytimg.com/vi/T4_sOUawGD4/hqdefault.jpg,Qatar
qOFU-x4Pikc,"irl at Super Bowl LIX Flag Football Game on YouTube 🏈 ft. Kai Cenat, Druski",2/9/2025,4:15:35,2:31:36,9096,3054282,82663,2780,2.71,0.09,"['Kai', 'Druski']",Gaming,Stream,True,https://i.ytimg.com/vi/qOFU-x4Pikc/hqdefault.jpg,Not Applicable
lowzMhQuh1E,PLAYING FORTNITE OG UNTIL WE WIN ⛏️🥇 ft. Kai Cenat (RANKED Season 2),2/5/2025,7:52:48,10:18:34,37114,5232097,143988,2141,2.75,0.04,['Kai'],Gaming,Stream,True,https://i.ytimg.com/vi/lowzMhQuh1E/hqdefault.jpg,Not Applicable
Q5_JVaat5zw,I Met John Cena,2/2/2025,19:50:36,46,46,24780672,1463848,9388,5.91,0.04,['John Cena'],IRL / Vlog,Shorts,False,https://i.ytimg.com/vi/Q5_JVaat5zw/hqdefault.jpg,Not Applicable
uKOFbuyRH1E,my WWE DEBUT🤼💔,2/2/2025,3:02:34,20,20,7403311,351447,4900,4.75,0.07,,Sports,Shorts,False,https://i.ytimg.com/vi/uKOFbuyRH1E/hqdefault.jpg,Not Applicable
87JeRmiBZak,irl stream at WWE Royal Rumble 🤼,2/2/2025,2:27:41,52:38:00,3158,7195913,252307,10883,3.51,0.15,,IRL / Vlog,Stream,True,https://i.ytimg.com/vi/87JeRmiBZak/hqdefault.jpg,Not Applicable
Mi1w07kgo5g,irl stream in Bolivia 🇧🇴,1/29/2025,20:02:14,27:48:00,1668,3419111,90372,14748,2.64,0.43,,IRL / Vlog,Stream,True,https://i.ytimg.com/vi/Mi1w07kgo5g/hqdefault.jpg,"Bolivia, Plurinational State of"
qvhH0EgKUiI,irl stream in Peru 🇵🇪,1/28/2025,22:21:45,3:37:00,13020,9051660,413646,19975,4.57,0.22,,IRL / Vlog,Stream,True,https://i.ytimg.com/vi/qvhH0EgKUiI/hqdefault.jpg,Peru
mn0mcy763iI,irl stream in Paraguay & Brazil 🇧🇷🇵🇾,1/27/2025,20:29:31,2:20:48,8448,2507582,80950,3642,3.23,0.15,,IRL / Vlog,Stream,True,https://i.ytimg.com/vi/mn0mcy763iI/hqdefault.jpg,Brazil
m3fzVMVEj8U,irl stream in Uruguay 🇺🇾,1/25/2025,21:17:17,3:06:11,11171,3387692,124754,4956,3.68,0.15,,IRL / Vlog,Stream,True,https://i.ytimg.com/vi/m3fzVMVEj8U/hqdefault.jpg,Uruguay
9xHloVj7b1s,irl stream in Chile 🇨🇱,1/23/2025,21:14:43,4:00:51,14451,7348493,243186,12276,3.31,0.17,,IRL / Vlog,Stream,True,https://i.ytimg.com/vi/9xHloVj7b1s/hqdefault.jpg,Chile
_C7EuXcsveg,irl stream in Argentina 🇦🇷 35 million….. (20th birthday..),1/21/2025,20:28:28,3:03:18,10998,7700695,344774,10340,4.48,0.13,,IRL / Vlog,Stream,True,https://i.ytimg.com/vi/_C7EuXcsveg/hqdefault.jpg,Argentina
UTHmxfJlxGE,irl stream in Panama 🇵🇦,1/18/2025,20:17:07,3:20:26,12026,4783237,148487,7930,3.1,0.17,,IRL / Vlog,Stream,True,https://i.ytimg.com/vi/UTHmxfJlxGE/hqdefault.jpg,Panama
3bV4x2uLtB0,irl stream in Ecuador 🇪🇨,1/16/2025,22:40:35,3:25:48,12348,4311702,167380,6022,3.88,0.14,,IRL / Vlog,Stream,True,https://i.ytimg.com/vi/3bV4x2uLtB0/hqdefault.jpg,Ecuador
DGsqQlVTcGE,irl stream in Guatemala 🇬🇹,1/14/2025,20:36:39,2:23:37,8617,2729138,111654,4436,4.09,0.16,,IRL / Vlog,Stream,True,https://i.ytimg.com/vi/DGsqQlVTcGE/hqdefault.jpg,Guatemala
1GBOYFAHRA0,irl stream in Colombia 🇨🇴,1/12/2025,22:28:16,3:16:13,11773,5128808,187850,4692,3.66,0.09,,IRL / Vlog,Stream,True,https://i.ytimg.com/vi/1GBOYFAHRA0/hqdefault.jpg,Colombia
fQWNwRxi_8w,Beating Red Dead Redemption 2 pt. 4🤠🩸🐎 (not ending until i complete it),1/8/2025,11:56:03,9:14:08,33248,4313619,110027,3226,2.55,0.07,,Gaming,Stream,True,https://i.ytimg.com/vi/fQWNwRxi_8w/hqdefault.jpg,Not Applicable
XDrzuCwDWhw,Beating Red Dead Redemption 2 pt. 3🤠🩸🐎 (not ending until i complete it),1/8/2025,2:54:47,11:25:36,41136,4940341,114342,705,2.31,0.01,,Gaming,Stream,True,https://i.ytimg.com/vi/XDrzuCwDWhw/hqdefault.jpg,Not Applicable
pkJTQ9_q0sk,Beating Red Dead Redemption 2  pt. 2 🤠🩸🐎  (not ending until i complete it),1/7/2025,15:36:34,11:10:13,40213,3694858,94756,599,2.56,0.02,,Gaming,Stream,True,https://i.ytimg.com/vi/pkJTQ9_q0sk/hqdefault.jpg,Not Applicable
vdNF4aTjGfQ,Beating Red Dead Redemption 2 pt. 1 🤠🩸🐎 (not ending until i complete it),1/7/2025,4:14:41,11:33:55,41635,6396434,176806,1279,2.76,0.02,,Gaming,Stream,True,https://i.ytimg.com/vi/vdNF4aTjGfQ/hqdefault.jpg,Not Applicable
9NUIiWef3eI,FIRST OF 2025!,1/5/2025,23:16:17,5:14:05,18845,3119999,86625,1738,2.78,0.06,,Variety Stream,Stream,True,https://i.ytimg.com/vi/9NUIiWef3eI/hqdefault.jpg,Not Applicable
dpgRc8PvUIo,PLAYING FORTNITE UNTIL WE WIN pt 5 ⛏️ ft. Kai Cenat (RANKED),12/30/2024,7:06:24,11:06:49,40009,8774539,176799,6493,2.01,0.07,['Kai'],Gaming,Stream,True,https://i.ytimg.com/vi/dpgRc8PvUIo/hqdefault.jpg,Not Applicable
GLCnbEunjSs,PLAYING FORTNITE UNTIL WE WIN pt 4 ⛏️ ft. Kai Cenat (RANKED),12/29/2024,19:43:30,11:14:59,40499,6046185,132209,805,2.19,0.01,['Kai'],Gaming,Stream,True,https://i.ytimg.com/vi/GLCnbEunjSs/hqdefault.jpg,Not Applicable
tyIuYkABPfo,PLAYING FORTNITE UNTIL WE WIN pt 3⛏️ ft. Kai Cenat (RANKED),12/29/2024,8:35:24,11:35:18,41718,8040497,171700,1732,2.14,0.02,['Kai'],Gaming,Stream,True,https://i.ytimg.com/vi/tyIuYkABPfo/hqdefault.jpg,Not Applicable
rgNcb8PTvgc,PLAYING FORTNITE UNTIL WE WIN pt 2⛏️ ft. Kai Cenat (RANKED),12/28/2024,20:59:07,11:41:35,42095,6600068,165354,836,2.51,0.01,['Kai'],Gaming,Stream,True,https://i.ytimg.com/vi/rgNcb8PTvgc/hqdefault.jpg,Not Applicable
qkrO2TkbL2A,PLAYING FORTNITE UNTIL WE WIN ⛏️ ft. Kai Cenat (RANKED),12/28/2024,9:11:00,11:41:40,42100,8375303,217686,2436,2.6,0.03,['Kai'],Gaming,Stream,True,https://i.ytimg.com/vi/qkrO2TkbL2A/hqdefault.jpg,Not Applicable
zlNtIRF8JVk,MERRY CHRISTMAS🎄🎅🏻 OPENING GIFTS🎀✨,12/24/2024,21:30:04,2:31:13,9073,2199540,79739,2678,3.63,0.12,,IRL / Vlog,Stream,True,https://i.ytimg.com/vi/zlNtIRF8JVk/hqdefault.jpg,Not Applicable
xLMu9ExcNFI,MOVIN TO FAST,12/24/2024,1:01:12,5:46:18,20778,2220931,67182,1405,3.02,0.06,,Variety Stream,Stream,True,https://i.ytimg.com/vi/xLMu9ExcNFI/hqdefault.jpg,Not Applicable
Dm7XL5wC7vI,ISNT IT LOVELY,12/17/2024,22:29:43,3:08:27,11307,1815905,58549,1983,3.22,0.11,,Variety Stream,Stream,True,https://i.ytimg.com/vi/Dm7XL5wC7vI/hqdefault.jpg,Not Applicable
_tQhvJtWw-8,OG FORTNITE WITH SPEED ⛏️ (not ending until i get a win),12/7/2024,4:45:25,9:26:47,34007,4387673,126865,4503,2.89,0.1,,Gaming,Stream,True,https://i.ytimg.com/vi/_tQhvJtWw-8/hqdefault.jpg,Not Applicable
zkuaQ3kgM70,5th December❄️,12/5/2024,21:54:02,3:14:22,11662,1972049,65404,1641,3.32,0.08,,Variety Stream,Stream,True,https://i.ytimg.com/vi/zkuaQ3kgM70/hqdefault.jpg,Not Applicable
t_npca6fskA,NEW SETUP REVEAL,12/3/2024,22:00:00,3:11:03,11463,2983599,107399,3415,3.6,0.11,,Variety Stream,Stream,True,https://i.ytimg.com/vi/t_npca6fskA/hqdefault.jpg,Not Applicable
gJQODaIaB2Y,irl stream in Australia 🇦🇺 pt 3 Gold Coast,11/28/2024,9:08:51,4:18:52,15532,2428419,67395,3116,2.78,0.13,,IRL / Vlog,Stream,True,https://i.ytimg.com/vi/gJQODaIaB2Y/hqdefault.jpg,Australia
sOg3dXxbUh4,irl stream in New Zealand 🇳🇿 pt 2 Auckland,11/25/2024,4:49:18,5:24:34,19474,2355439,64807,2659,2.75,0.11,,IRL / Vlog,Stream,True,https://i.ytimg.com/vi/sOg3dXxbUh4/hqdefault.jpg,New Zealand
1y3tKRekf_w,HAKA🇳🇿 #ishowspeed,11/24/2024,3:41:13,49,49,6576350,333027,7134,5.06,0.11,,Sports,Shorts,False,https://i.ytimg.com/vi/1y3tKRekf_w/hqdefault.jpg,New Zealand
eFz30QfDvwg,irl stream in New Zealand 🇳🇿,11/24/2024,3:27:05,4:14:04,15244,2522652,71117,3365,2.82,0.13,,IRL / Vlog,Stream,True,https://i.ytimg.com/vi/eFz30QfDvwg/hqdefault.jpg,New Zealand
YPabvqBLo8w,irl stream in Australia 🇦🇺 pt 2,11/22/2024,5:02:57,4:03:00,14580,2095162,68360,2454,3.26,0.12,,IRL / Vlog,Stream,True,https://i.ytimg.com/vi/YPabvqBLo8w/hqdefault.jpg,Australia
C8Gqmu4p49s,irl stream in Australia 🇦🇺,11/21/2024,3:22:38,4:05:40,14740,2839301,99432,3840,3.5,0.14,,IRL / Vlog,Stream,True,https://i.ytimg.com/vi/C8Gqmu4p49s/hqdefault.jpg,Australia
DvaPazAX7lw,NOT ENDING UNTIL I LAND A DOUBLE BACKFLIP....,11/13/2024,21:13:18,5:09:08,18548,3890506,127684,1654,3.28,0.04,,Sports,Stream,True,https://i.ytimg.com/vi/DvaPazAX7lw/hqdefault.jpg,Not Applicable
1O5GVUU7qvI,YOU ARE MY FRIEND,11/12/2024,21:21:58,3:24:03,12243,2122911,65096,1380,3.07,0.07,,Variety Stream,Stream,True,https://i.ytimg.com/vi/1O5GVUU7qvI/hqdefault.jpg,Not Applicable
4mxjWDRw3lU,11/11 MAKE A WISH,11/11/2024,22:52:42,4:39:54,16794,2397834,77674,1391,3.24,0.06,,Variety Stream,Stream,True,https://i.ytimg.com/vi/4mxjWDRw3lU/hqdefault.jpg,Not Applicable
DtRK1sRNBq8,I Raced The Fastest Man Alive🏃🏾💨,11/7/2024,4:28:53,23,23,12977093,703826,11216,5.42,0.09,,IRL / Vlog,Shorts,False,https://i.ytimg.com/vi/DtRK1sRNBq8/hqdefault.jpg,Not Applicable
HZXefjyU-eM,SPEED vs NOAH LYLES 🏃🏾💨 (FASTEST MAN ALIVE),11/7/2024,0:59:17,39:20:00,2360,3065180,102260,6727,3.34,0.22,['Noah Lyles'],IRL / Vlog,Stream,True,https://i.ytimg.com/vi/HZXefjyU-eM/hqdefault.jpg,Not Applicable
gK7ujITLzao,33 million......,11/6/2024,19:05:36,51:20:00,3080,1512157,70659,2305,4.67,0.15,,Variety Stream,Stream,True,https://i.ytimg.com/vi/gK7ujITLzao/hqdefault.jpg,Not Applicable
UBY_0r-Gwiw,Speed x Paul Pogba🇫🇷,11/5/2024,19:54:50,20,20,18586979,1090334,7649,5.87,0.04,,Sports,Shorts,False,https://i.ytimg.com/vi/UBY_0r-Gwiw/hqdefault.jpg,France
yNOmR0Fq3RM,SPEED X PAUL POGBA 🇫🇷,11/5/2024,17:28:13,3:02:04,10924,6432363,275310,4094,4.28,0.06,,Sports,Stream,True,https://i.ytimg.com/vi/yNOmR0Fq3RM/hqdefault.jpg,France
uCQDC4rkA5k,WHAT DO U WANNA DO🤨,11/4/2024,1:05:41,5:33:48,20028,3301717,90404,2512,2.74,0.08,,Variety Stream,Stream,True,https://i.ytimg.com/vi/uCQDC4rkA5k/hqdefault.jpg,Not Applicable
wFwYaEzlmQQ,NOVEMBER🍁santai🍁Ch.2,11/2/2024,21:23:36,4:01:25,14485,2287870,79033,1960,3.45,0.09,,Variety Stream,Stream,True,https://i.ytimg.com/vi/wFwYaEzlmQQ/hqdefault.jpg,Not Applicable
k-VgUvmBH8E,irl trick or treat + haunted house stream👀🎃🧌,11/1/2024,2:01:24,2:24:27,8667,2373280,81693,2565,3.44,0.11,,IRL / Vlog,Stream,True,https://i.ytimg.com/vi/k-VgUvmBH8E/hqdefault.jpg,Not Applicable
c70s8ux50lQ,"irl HAUNTED HOUSE ft. MrBeast, xQc, Logan Paul, Fanum & Lexi Rivera🎃👻💀",10/31/2024,1:55:47,2:02:21,7341,6141323,214548,9195,3.49,0.15,"['MrBeast', 'Xqc', 'Logan Paul', 'Fanum', 'Lexi Rivera']",IRL / Vlog,Stream,True,https://i.ytimg.com/vi/c70s8ux50lQ/hqdefault.jpg,Not Applicable
WHgJX12AhTQ,irl Ballon d’Or stream 🏆 2024,10/28/2024,22:29:46,3:22:26,12146,12813960,366513,2803,2.86,0.02,,IRL / Vlog,Stream,True,https://i.ytimg.com/vi/WHgJX12AhTQ/hqdefault.jpg,Not Applicable
wk1WLOa6jBA,BEATING FEARS TO FATHOM ☠️ ALL EPISODES,10/13/2024,23:09:14,5:05:25,18325,2721968,81521,3494,2.99,0.13,,Gaming,Stream,True,https://i.ytimg.com/vi/wk1WLOa6jBA/hqdefault.jpg,Not Applicable
bPihACF7MIs,my legs hurt 😞,10/12/2024,21:42:45,3:58:37,14317,2675318,81013,1875,3.03,0.07,,Variety Stream,Stream,True,https://i.ytimg.com/vi/bPihACF7MIs/hqdefault.jpg,Not Applicable
mRSF3lDKSWo,Attempting the MOST BACKFLIPS in 24 HOURS Pt. 2 (WORLD RECORD),10/9/2024,8:55:04,7:09:47,25787,4458585,107243,3813,2.41,0.09,,Sports,Stream,True,https://i.ytimg.com/vi/mRSF3lDKSWo/hqdefault.jpg,Not Applicable
Er2qHguUr_0,Attempting the MOST BACKFLIPS in 24 HOURS (WORLD RECORD),10/9/2024,2:00:57,11:27:38,41258,6929980,202743,908,2.93,0.01,,Sports,Stream,True,https://i.ytimg.com/vi/Er2qHguUr_0/hqdefault.jpg,Not Applicable
mFsCe7AIxq8,sick of it,10/7/2024,20:41:25,2:54:13,10453,2565874,90917,2770,3.54,0.11,,Variety Stream,Stream,True,https://i.ytimg.com/vi/mFsCe7AIxq8/hqdefault.jpg,Not Applicable
NQ6LAuWLsmM,BEATING OUTLAST 2 (HORROR GAME) ☠️🕷️,10/3/2024,19:26:55,6:05:54,21954,3042321,100329,2192,3.3,0.07,,Gaming,Stream,True,https://i.ytimg.com/vi/NQ6LAuWLsmM/hqdefault.jpg,Not Applicable
O4SLIxC3s8I,BEATING OUTLAST  (HORROR GAME) ☠️🕷️🕸️👻,10/2/2024,20:10:48,3:54:14,14054,4199687,106771,2332,2.54,0.06,,Gaming,Stream,True,https://i.ytimg.com/vi/O4SLIxC3s8I/hqdefault.jpg,Not Applicable
Qq2CpCNGiZA,RETURN... OF SPEEEEEED 💀🎃,10/1/2024,19:54:53,3:37:23,13043,3326799,123758,3036,3.72,0.09,,Variety Stream,Stream,True,https://i.ytimg.com/vi/Qq2CpCNGiZA/hqdefault.jpg,Not Applicable
g5Xj6GFuHzA,irl stream in Philippines pt 3 🇵🇭 Cebu City,9/25/2024,11:13:04,1:09:57,4197,4739825,132506,13188,2.8,0.28,,IRL / Vlog,Stream,True,https://i.ytimg.com/vi/g5Xj6GFuHzA/hqdefault.jpg,Philippines
oZxOzl441qQ,irl stream in Singapore 🇸🇬 32 million……..,9/24/2024,12:14:29,4:38:20,16700,6967468,185755,7676,2.67,0.11,,Music,Stream,True,https://i.ytimg.com/vi/oZxOzl441qQ/hqdefault.jpg,Singapore
bh4Y6M4KJoY,irl stream in Cambodia pt 2 🇰🇭 Phnom Penh,9/23/2024,11:13:11,3:01:35,10895,5495369,188692,6663,3.43,0.12,,IRL / Vlog,Stream,True,https://i.ytimg.com/vi/bh4Y6M4KJoY/hqdefault.jpg,Cambodia
8FzcNN3ZvB0,irl stream in Indonesia pt 3 🇮🇩 Yogyakarta,9/21/2024,12:12:15,2:14:21,8061,11601266,456948,32793,3.94,0.28,,IRL / Vlog,Stream,True,https://i.ytimg.com/vi/8FzcNN3ZvB0/hqdefault.jpg,Indonesia
BF9qBZhlgsY,irl stream in Indonesia pt 2 🇮🇩 Bali,9/20/2024,10:01:18,3:59:44,14384,15608202,622382,19657,3.99,0.13,,IRL / Vlog,Stream,True,https://i.ytimg.com/vi/BF9qBZhlgsY/hqdefault.jpg,Indonesia
fbTph-qZTHM,CRAZY IN INDONESIA 🇮🇩 #ishowspeed,9/19/2024,11:33:15,59,59,11676732,602625,16238,5.16,0.14,,IRL / Vlog,Shorts,False,https://i.ytimg.com/vi/fbTph-qZTHM/hqdefault.jpg,Indonesia
9s6imDGjy08,irl stream in Indonesia 🇮🇩,9/18/2024,13:41:37,3:47:48,13668,27297264,1204194,52360,4.41,0.19,,IRL / Vlog,Stream,True,https://i.ytimg.com/vi/9s6imDGjy08/hqdefault.jpg,Indonesia
Ws9hCaDuUWQ,irl stream in Malaysia 🇲🇾,9/17/2024,13:36:12,4:55:08,17708,10513671,293463,20998,2.79,0.2,,IRL / Vlog,Stream,True,https://i.ytimg.com/vi/Ws9hCaDuUWQ/hqdefault.jpg,Malaysia
yyNDJuMCxDc,irl stream in Cambodia 🇰🇭 30 million.......,9/16/2024,15:41:25,50:52:00,3052,4579793,228155,9365,4.98,0.2,,IRL / Vlog,Stream,True,https://i.ytimg.com/vi/yyNDJuMCxDc/hqdefault.jpg,Cambodia
VTorUJcMYGg,irl stream in Vietnam 🇻🇳,9/14/2024,13:17:21,3:36:21,12981,7797281,275770,14559,3.54,0.19,,IRL / Vlog,Stream,True,https://i.ytimg.com/vi/VTorUJcMYGg/hqdefault.jpg,Viet Nam
_xbSg_KRa-E,spar with manny pacquiao 🥊🇵🇭 #ishowspeed,9/12/2024,14:39:16,28,28,6137996,317714,4938,5.18,0.08,,Sports,Shorts,False,https://i.ytimg.com/vi/_xbSg_KRa-E/hqdefault.jpg,Philippines
F4DvCG9Nhlk,irl stream in Philippines pt 2 🇵🇭 ft. Manny Pacquiao,9/12/2024,14:14:24,3:14:37,11677,8864015,276918,12776,3.12,0.14,,IRL / Vlog,Stream,True,https://i.ytimg.com/vi/F4DvCG9Nhlk/hqdefault.jpg,Philippines
qWuJYrEZBkw,irl stream in Philippines 🇵🇭,9/11/2024,11:45:46,3:24:53,12293,8778593,307165,23744,3.5,0.27,,IRL / Vlog,Stream,True,https://i.ytimg.com/vi/qWuJYrEZBkw/hqdefault.jpg,Philippines
8Z-5l40luGc,irl stream in Thailand pt 2 🇹🇭 Pattaya City,9/10/2024,14:38:16,5:30:11,19811,6786153,244165,5984,3.6,0.09,,IRL / Vlog,Stream,True,https://i.ytimg.com/vi/8Z-5l40luGc/hqdefault.jpg,Thailand
oaRc-P3Na-w,irl stream in Thailand 🇹🇭,9/9/2024,12:24:19,4:09:11,14951,6564955,252016,8560,3.84,0.13,,IRL / Vlog,Stream,True,https://i.ytimg.com/vi/oaRc-P3Na-w/hqdefault.jpg,Thailand
1bsq3F2ztSs,FRESH + NEW 100k ROBOT!,9/2/2024,21:00:32,3:12:46,11566,2899478,103186,3036,3.56,0.1,,IRL / Vlog,Stream,True,https://i.ytimg.com/vi/1bsq3F2ztSs/hqdefault.jpg,Not Applicable
mlkf3D_cd20,RONALDO ABOUT TO PASS ME IN SUBS!,8/23/2024,2:42:12,25:54:00,1554,4311033,251606,15729,5.84,0.36,['Ronaldo'],IRL / Vlog,Stream,True,https://i.ytimg.com/vi/mlkf3D_cd20/hqdefault.jpg,Not Applicable
zTlp-6YZ7ck,omg he’s passing me 💔 please sub up,8/23/2024,2:15:47,19,19,25246055,1218274,23096,4.83,0.09,,Music,Shorts,False,https://i.ytimg.com/vi/zTlp-6YZ7ck/hqdefault.jpg,Not Applicable
ObC3wVRB26Q,BEATING MINECRAFT HARDCORE PART 10 ⛏️🍄 ft. Kai Cenat,8/22/2024,9:51:52,7:40:03,27603,6044204,179831,8001,2.98,0.13,['Kai'],Gaming,Stream,True,https://i.ytimg.com/vi/ObC3wVRB26Q/hqdefault.jpg,Not Applicable
ZIOcuNXfN5o,BEATING MINECRAFT HARDCORE PART 9 ⛏️🍄 ft. Kai Cenat,8/22/2024,2:47:01,11:41:18,42078,7300754,187419,1358,2.57,0.02,['Kai'],Gaming,Stream,True,https://i.ytimg.com/vi/ZIOcuNXfN5o/hqdefault.jpg,Not Applicable
WkZM7aRRmZU,BEATING MINECRAFT HARDCORE PART 8⛏️🍄 ft. Kai Cenat,8/21/2024,16:10:40,11:09:03,40143,4331043,98121,602,2.27,0.01,['Kai'],Gaming,Stream,True,https://i.ytimg.com/vi/WkZM7aRRmZU/hqdefault.jpg,Not Applicable
tA7mHytQEYU,BEATING MINECRAFT HARDCORE PART 6⛏️🍄 ft. Kai Cenat,8/20/2024,15:54:38,8:49:32,31772,3404644,85431,585,2.51,0.02,['Kai'],Gaming,Stream,True,https://i.ytimg.com/vi/tA7mHytQEYU/hqdefault.jpg,Not Applicable
xESR8jnAicw,BEATING MINECRAFT HARDCORE PART 5 ⛏️🍄 ft. Kai Cenat (28 million….),8/20/2024,7:25:49,10:39:05,38345,5732669,135963,920,2.37,0.02,['Kai'],Gaming,Stream,True,https://i.ytimg.com/vi/xESR8jnAicw/hqdefault.jpg,Not Applicable
S8nGD6tbAio,BEATING MINECRAFT HARDCORE PART 4⛏️🍄 ft. Kai Cenat,8/19/2024,21:55:13,10:05:04,36304,5395701,134828,1514,2.5,0.03,['Kai'],Gaming,Stream,True,https://i.ytimg.com/vi/S8nGD6tbAio/hqdefault.jpg,Not Applicable
OoNndQzHMlI,BEATING MINECRAFT HARDCORE PART 3 ⛏️🍄 ft. Kai Cenat,8/19/2024,10:05:40,11:22:39,40959,5247175,135252,1279,2.58,0.02,['Kai'],Gaming,Stream,True,https://i.ytimg.com/vi/OoNndQzHMlI/hqdefault.jpg,Not Applicable
VsarYwQyoss,BEATING MINECRAFT HARDCORE PART 2 ⛏️🍄 ft. Kai Cenat,8/18/2024,22:43:54,10:57:35,39455,5641616,155223,1104,2.75,0.02,['Kai'],Gaming,Stream,True,https://i.ytimg.com/vi/VsarYwQyoss/hqdefault.jpg,Not Applicable
yPqc2vJeDEs,BEATING MINECRAFT HARDCORE ⛏️🍄 ft. Kai Cenat,8/18/2024,20:42:35,11:35:12,41712,5495447,178952,3073,3.26,0.06,['Kai'],Gaming,Stream,True,https://i.ytimg.com/vi/yPqc2vJeDEs/hqdefault.jpg,Not Applicable
XAVIRaqQQyg,Speed beats Travis Scott in a race😭,8/16/2024,22:27:52,31,31,8668385,497496,3825,5.74,0.04,['Travis Scott'],Sports,Shorts,False,https://i.ytimg.com/vi/XAVIRaqQQyg/hqdefault.jpg,Not Applicable
U84rZ3SI2a0,irl stream in New York at Fanatics Fest,8/16/2024,21:44:07,3:56:18,14178,2944872,79216,1854,2.69,0.06,,IRL / Vlog,Stream,True,https://i.ytimg.com/vi/U84rZ3SI2a0/hqdefault.jpg,Not Applicable
SEIaP0y8ohE,JUMPED OVER 2 CARS….HISTORY!🏎️💨 #ishowspeed,8/3/2024,22:15:34,33,33,7132452,494212,9073,6.93,0.13,,Sports,Shorts,False,https://i.ytimg.com/vi/SEIaP0y8ohE/hqdefault.jpg,Not Applicable
VQLPMbzca6w,irl JUMPING OVER 2 CARS🏎️💨,8/3/2024,20:32:22,31:24:00,1884,1985282,122379,6279,6.16,0.32,,IRL / Vlog,Stream,True,https://i.ytimg.com/vi/VQLPMbzca6w/hqdefault.jpg,Not Applicable
_e1E1Endh2Y,ENGLISH OR SPANISH?,7/30/2024,21:03:03,2:14:28,8068,4166975,121370,7523,2.91,0.18,,IRL / Vlog,Stream,True,https://i.ytimg.com/vi/_e1E1Endh2Y/hqdefault.jpg,Not Applicable
MS_eha4MYUY,RETURN STREAM + GOODBYE TO DOG 💔,7/27/2024,21:04:43,2:10:18,7818,2998595,110861,3344,3.7,0.11,,Gaming,Stream,True,https://i.ytimg.com/vi/MS_eha4MYUY/hqdefault.jpg,Not Applicable
P_CutuC9UUc,⛓️BEATING CHAINED TOGETHER⛓️ ft. Kai Cenat,7/22/2024,11:04:39,1:01:17,3677,3416327,154757,3549,4.53,0.1,['Kai'],Gaming,Stream,True,https://i.ytimg.com/vi/P_CutuC9UUc/hqdefault.jpg,Not Applicable
uw2AaFkmzOc,⛓️CHAINED TOGETHER⛓️ ft. Kai Cenat,7/22/2024,10:37:10,11:31:22,41482,9945708,317895,4015,3.2,0.04,['Kai'],Gaming,Stream,True,https://i.ytimg.com/vi/uw2AaFkmzOc/hqdefault.jpg,Not Applicable
4Gu8Hq5hpvk,27 million.....,7/20/2024,9:32:39,9:37,577,2717743,150656,8017,5.54,0.29,,Variety Stream,Stream,True,https://i.ytimg.com/vi/4Gu8Hq5hpvk/hqdefault.jpg,Not Applicable
cJoiHG4U0Ms,"🥚 challenge w/ MrBeast, Kai & Logan Paul",7/19/2024,15:30:22,22,22,13413326,578395,2816,4.31,0.02,"['MrBeast', 'Logan Paul', 'Kai']",Sports,Shorts,False,https://i.ytimg.com/vi/cJoiHG4U0Ms/hqdefault.jpg,Not Applicable
vf_EczgiP1s,irl stream in Ireland 🇮🇪,7/19/2024,14:32:11,1:39:23,5963,4554362,162998,8138,3.58,0.18,,IRL / Vlog,Stream,True,https://i.ytimg.com/vi/vf_EczgiP1s/hqdefault.jpg,Ireland
vJiSTu7Za-c,irl stream in Denmark 🇩🇰,7/18/2024,11:39:20,2:27:00,8820,4966729,190046,11067,3.83,0.22,,IRL / Vlog,Stream,True,https://i.ytimg.com/vi/vJiSTu7Za-c/hqdefault.jpg,Denmark
JMnV1OREFDo,irl stream returning to Norway 💀🇳🇴,7/17/2024,14:39:39,3:08:00,11280,8674893,260154,10677,3.0,0.12,,IRL / Vlog,Stream,True,https://i.ytimg.com/vi/JMnV1OREFDo/hqdefault.jpg,Norway
VxDubYjDux8,irl stream in Hungary 🇭🇺,7/16/2024,19:49:42,1:52:40,6760,4188619,169355,8958,4.04,0.21,,IRL / Vlog,Stream,True,https://i.ytimg.com/vi/VxDubYjDux8/hqdefault.jpg,Hungary
f0DmRB1LGws,irl stream in Austria 🇦🇹,7/16/2024,13:34:44,2:58:15,10695,4464069,201479,4908,4.51,0.11,,IRL / Vlog,Stream,True,https://i.ytimg.com/vi/f0DmRB1LGws/hqdefault.jpg,Austria
evopWnMeCM0,irl stream in Czech Republic 🇨🇿,7/13/2024,14:08:46,1:41:57,6117,3697189,148954,7695,4.03,0.21,,IRL / Vlog,Stream,True,https://i.ytimg.com/vi/evopWnMeCM0/hqdefault.jpg,Czechia
OAtqkkQ3eLE,irl stream in Romania 🇷🇴,7/12/2024,11:32:32,3:31:46,12706,6435598,284985,9737,4.43,0.15,,IRL / Vlog,Stream,True,https://i.ytimg.com/vi/OAtqkkQ3eLE/hqdefault.jpg,Romania
xhxL1h2RiEE,irl stream in Bulgaria 🇧🇬,7/11/2024,18:14:09,2:35:42,9342,4986414,201484,6187,4.04,0.12,,IRL / Vlog,Stream,True,https://i.ytimg.com/vi/xhxL1h2RiEE/hqdefault.jpg,Bulgaria
SCa89hd_eJY,Zlatan embarrasses Speed 😂 #ishowspeed,7/9/2024,20:25:57,32,32,42541832,1836274,13707,4.32,0.03,['Zlatan'],Sports,Shorts,False,https://i.ytimg.com/vi/SCa89hd_eJY/hqdefault.jpg,Not Applicable
tzslN2r1rgY,irl stream in Milan Italy 🇮🇹 ft. Zlatan Ibrahimovic,7/9/2024,19:36:52,1:34:21,5661,6080979,257102,6639,4.23,0.11,['Zlatan'],IRL / Vlog,Stream,True,https://i.ytimg.com/vi/tzslN2r1rgY/hqdefault.jpg,Italy
NCA_O0oSItM,irl stream in Greece 🇬🇷,7/8/2024,19:00:46,2:47:38,10058,5464263,212429,9875,3.89,0.18,,IRL / Vlog,Stream,True,https://i.ytimg.com/vi/NCA_O0oSItM/hqdefault.jpg,Greece
mGT8mFqHPrQ,irl stream in Poland 🇵🇱 Kraków (26 million……),7/7/2024,20:41:31,3:06:02,11162,11786921,525748,15804,4.46,0.13,,IRL / Vlog,Stream,True,https://i.ytimg.com/vi/mGT8mFqHPrQ/hqdefault.jpg,Poland
GaXdgQYLFw0,irl stream in Switzerland 🇨🇭,7/6/2024,16:22:19,2:52:53,10373,4753752,166721,7386,3.51,0.16,,IRL / Vlog,Stream,True,https://i.ytimg.com/vi/GaXdgQYLFw0/hqdefault.jpg,Switzerland
AAVLwucFFSM,Portugal 🇵🇹 vs France 🇫🇷 EUROS irl,7/5/2024,22:00:24,2:47:28,10048,5838450,178867,8157,3.06,0.14,,IRL / Vlog,Stream,True,https://i.ytimg.com/vi/AAVLwucFFSM/hqdefault.jpg,France
_rgQQ89zND0,irl stream in Norway 🇳🇴,7/3/2024,20:53:24,1:57:26,7046,5958947,170128,21459,2.86,0.36,,IRL / Vlog,Stream,True,https://i.ytimg.com/vi/_rgQQ89zND0/hqdefault.jpg,Norway
vQK6F_Z9Y3A,irl stream in Sweden 🇸🇪,7/3/2024,12:19:01,3:09:33,11373,4082220,150212,4680,3.68,0.11,,IRL / Vlog,Stream,True,https://i.ytimg.com/vi/vQK6F_Z9Y3A/hqdefault.jpg,Sweden
J6Hxw1Fzt1M,irl stream in Poland 🇵🇱,7/2/2024,17:36:33,2:17:51,8271,4615734,193632,8962,4.2,0.19,,IRL / Vlog,Stream,True,https://i.ytimg.com/vi/J6Hxw1Fzt1M/hqdefault.jpg,Poland
NTL3KHsj3NI,Portugal 🇵🇹 vs Slovenia 🇸🇮 EUROS irl,7/1/2024,21:56:36,2:58:32,10712,3269132,105277,2306,3.22,0.07,,IRL / Vlog,Stream,True,https://i.ytimg.com/vi/NTL3KHsj3NI/hqdefault.jpg,Portugal
uDr3gD28tlg,irl stream in Belgium 🇧🇪,6/28/2024,19:35:18,4:41:35,16895,4068115,142248,4603,3.5,0.11,,IRL / Vlog,Stream,True,https://i.ytimg.com/vi/uDr3gD28tlg/hqdefault.jpg,Belgium
ixsZREsgVo4,irl F1 Driving / Racing stream 🏎️💨,6/27/2024,16:38:32,2:17:09,8229,1900177,71707,2112,3.77,0.11,,IRL / Vlog,Stream,True,https://i.ytimg.com/vi/ixsZREsgVo4/hqdefault.jpg,Not Applicable
Qbd0JhZUTjQ,irl stream in Netherlands 🇳🇱,6/24/2024,18:54:38,3:29:39,12579,4896543,149984,7851,3.06,0.16,,IRL / Vlog,Stream,True,https://i.ytimg.com/vi/Qbd0JhZUTjQ/hqdefault.jpg,Netherlands
wZG7g8pTHXM,Jumping over bridges in Italy 🇮🇹  #ishowspeed,6/23/2024,18:19:17,39,39,12829437,671523,6517,5.23,0.05,,IRL / Vlog,Shorts,False,https://i.ytimg.com/vi/wZG7g8pTHXM/hqdefault.jpg,Italy
o595drmP55U,irl stream in Italy 🇮🇹 🌊,6/23/2024,17:34:40,2:13:51,8031,2908008,157604,3598,5.42,0.12,,IRL / Vlog,Stream,True,https://i.ytimg.com/vi/o595drmP55U/hqdefault.jpg,Italy
TB_DSXWtZ8U,Portugal 🇵🇹 vs Turkey 🇹🇷 EUROS irl,6/22/2024,18:19:00,2:17:59,8279,2574976,89597,1611,3.48,0.06,,IRL / Vlog,Stream,True,https://i.ytimg.com/vi/TB_DSXWtZ8U/hqdefault.jpg,Portugal
hWDIHvBEzIY,irl stream in Albania 🇦🇱,6/20/2024,13:48:41,2:16:37,8197,2323315,91984,4237,3.96,0.18,,IRL / Vlog,Stream,True,https://i.ytimg.com/vi/hWDIHvBEzIY/hqdefault.jpg,Albania
LP7Q_ZST8WQ,Portugal 🇵🇹 vs Czechia 🇨🇿 EUROS irl meeting Ronaldo,6/18/2024,23:01:10,3:50:03,13803,4147420,152868,3308,3.69,0.08,['Ronaldo'],IRL / Vlog,Stream,True,https://i.ytimg.com/vi/LP7Q_ZST8WQ/hqdefault.jpg,Czechia
gtATq8Zs7po,irl stream in Germany 🇩🇪,6/16/2024,16:28:21,3:03:53,11033,4243116,139902,5491,3.3,0.13,,IRL / Vlog,Stream,True,https://i.ytimg.com/vi/gtATq8Zs7po/hqdefault.jpg,Germany
quwYZt772Ng,IShowSpeed Learns Hockey with Cole Caufield,6/14/2024,16:00:52,6:33,393,3982407,112178,14902,2.82,0.37,,Sports,Regular Video,False,https://i.ytimg.com/vi/quwYZt772Ng/hqdefault.jpg,Not Applicable
lDIkFUYGGFM,"""OMG SPEED IS LIVE""",6/11/2024,22:08:42,4:14:54,15294,1213756,47110,950,3.88,0.08,,IRL / Vlog,Stream,True,https://i.ytimg.com/vi/lDIkFUYGGFM/hqdefault.jpg,Not Applicable
cWrjp78QebE,SPEED India VS Pakistan Cricket Match!,6/10/2024,15:27:41,5:54,354,3109430,180443,17377,5.8,0.56,,Sports,Regular Video,False,https://i.ytimg.com/vi/cWrjp78QebE/hqdefault.jpg,India
bsXbg1GdJWs,@ISHOWSPEED 2X,6/9/2024,0:18:34,5:01:35,18095,3214447,94954,24363,2.95,0.76,,Gaming,Stream,True,https://i.ytimg.com/vi/bsXbg1GdJWs/hqdefault.jpg,Not Applicable
-83vQFLOrpY,how long has it been,6/6/2024,21:15:43,2:37:06,9426,1800771,64712,2434,3.59,0.14,,Variety Stream,Stream,True,https://i.ytimg.com/vi/-83vQFLOrpY/hqdefault.jpg,Not Applicable
iitET2IZ0rE,"$100,000 WIPEOUT with MrBeast and KSI",6/4/2024,20:25:19,1:00:30,3630,7758346,260654,6621,3.36,0.09,"['MrBeast', 'KSI']",Sports,Stream,True,https://i.ytimg.com/vi/iitET2IZ0rE/hqdefault.jpg,Not Applicable
HBZQ9imgzvk,IShowSpeed in Disguise🤓,6/3/2024,14:14:07,49,49,11503592,555210,5715,4.83,0.05,,IRL / Vlog,Shorts,False,https://i.ytimg.com/vi/HBZQ9imgzvk/hqdefault.jpg,Not Applicable
22kRSaY51SE,iShowSpeed IN DISGUISE,6/3/2024,14:00:04,3:58,238,4164710,166748,13762,4.0,0.33,,IRL / Vlog,Regular Video,False,https://i.ytimg.com/vi/22kRSaY51SE/hqdefault.jpg,Not Applicable
W97utgzT9II,25 million.......,6/2/2024,23:58:35,15:46,946,896034,56816,2908,6.34,0.32,,Variety Stream,Stream,True,https://i.ytimg.com/vi/W97utgzT9II/hqdefault.jpg,Not Applicable
n-KG_C7Sui4,irl stream in Spain Madrid 🇪🇸,5/31/2024,16:01:51,1:19:45,4785,2646661,97144,4420,3.67,0.17,,IRL / Vlog,Stream,True,https://i.ytimg.com/vi/n-KG_C7Sui4/hqdefault.jpg,Spain
Mw096sNXh9w,iShowSpeed vs CHEESE ROLLING,5/28/2024,12:21:55,4:35,275,3552226,117770,5619,3.32,0.16,,Sports,Regular Video,False,https://i.ytimg.com/vi/Mw096sNXh9w/hqdefault.jpg,Not Applicable
d-LZyh87HMI,goodbye amy 💔,5/26/2024,16:31:19,28:47:00,1727,3956563,184712,15265,4.67,0.39,['Amy'],IRL / Vlog,Stream,True,https://i.ytimg.com/vi/d-LZyh87HMI/hqdefault.jpg,Not Applicable
1JG-cHGLyo4,ONANA MEME SPEED🤣,5/25/2024,23:08:08,19,19,6310474,273390,1468,4.33,0.02,,IRL / Vlog,Shorts,False,https://i.ytimg.com/vi/1JG-cHGLyo4/hqdefault.jpg,Not Applicable
g6YmKVykA6s,SUIII GARNACHOOOOO,5/25/2024,23:00:00,13,13,22903298,986682,5228,4.31,0.02,,Sports,Shorts,False,https://i.ytimg.com/vi/g6YmKVykA6s/hqdefault.jpg,Not Applicable
HnYc0W8tkmQ,FA Cup Final United vs City 🏴󠁧󠁢󠁥󠁮󠁧󠁿 irl stream,5/25/2024,19:21:15,3:58:22,14302,7421042,218420,4970,2.94,0.07,,IRL / Vlog,Stream,True,https://i.ytimg.com/vi/HnYc0W8tkmQ/hqdefault.jpg,Not Applicable
FlB2EpplPgw,speed & amy reunion stream 🫶,5/24/2024,22:59:44,3:10:07,11407,5132302,169933,6509,3.31,0.13,['Amy'],Gaming,Stream,True,https://i.ytimg.com/vi/FlB2EpplPgw/hqdefault.jpg,Not Applicable
GjprneTcB9s,irl stream in New York 🇺🇸,5/23/2024,0:36:53,3:30:42,12642,6864810,143374,6173,2.09,0.09,,IRL / Vlog,Stream,True,https://i.ytimg.com/vi/GjprneTcB9s/hqdefault.jpg,United States
HAuZNfsTVPE,im cruisinggggg,5/21/2024,21:47:00,2:37:57,9477,1440125,49497,1415,3.44,0.1,,Music,Stream,True,https://i.ytimg.com/vi/HAuZNfsTVPE/hqdefault.jpg,Not Applicable
Mra9vzMrtsw,iShowSpeed’s Life In Korea🇰🇷🇰🇵,5/18/2024,18:32:35,8:15,495,3998838,119829,6682,3.0,0.17,,IRL / Vlog,Regular Video,False,https://i.ytimg.com/vi/Mra9vzMrtsw/hqdefault.jpg,"Korea, Republic of"
DUtFPxT-_ME,irl LAST OF KOREA 🇰🇷,5/17/2024,15:22:00,5:15:36,18936,7544414,258990,8949,3.43,0.12,,IRL / Vlog,Stream,True,https://i.ytimg.com/vi/DUtFPxT-_ME/hqdefault.jpg,"Korea, Republic of"
fTE7mD70izs,irl nightlife in South Korea 🇰🇷,5/14/2024,18:42:34,5:12:09,18729,5755306,200994,6681,3.49,0.12,,IRL / Vlog,Stream,True,https://i.ytimg.com/vi/fTE7mD70izs/hqdefault.jpg,"Korea, Republic of"
s7abxsByIJ8,irl stream in South Korea 🇰🇷,5/13/2024,8:38:26,3:39:31,13171,6472932,139542,7389,2.16,0.11,,IRL / Vlog,Stream,True,https://i.ytimg.com/vi/s7abxsByIJ8/hqdefault.jpg,"Korea, Republic of"
DnGEZzC0mrM,cheap live,5/10/2024,22:01:53,3:24:36,12276,1343183,43442,1567,3.23,0.12,,IRL / Vlog,Stream,True,https://i.ytimg.com/vi/DnGEZzC0mrM/hqdefault.jpg,Not Applicable
BNCyTA6KPQA,MONEY. POWER. RESPECT,5/9/2024,23:04:40,3:52:07,13927,1482075,39863,734,2.69,0.05,,Variety Stream,Stream,True,https://i.ytimg.com/vi/BNCyTA6KPQA/hqdefault.jpg,Not Applicable
qNImue9D28Q,hi me in 1 year,5/8/2024,17:00:28,1:03,63,1840312,82467,6701,4.48,0.36,,IRL / Vlog,Regular Video,False,https://i.ytimg.com/vi/qNImue9D28Q/hqdefault.jpg,Not Applicable
C6AiozS6j7U,24 hour Stream pt.2,5/7/2024,19:38:08,11:54:59,42899,2783236,89159,1677,3.2,0.06,,Gaming,Stream,True,https://i.ytimg.com/vi/C6AiozS6j7U/hqdefault.jpg,Not Applicable
sPEAf5Q0PJo,24 hour steram,5/7/2024,7:44:50,11:54:00,42840,1790011,57391,848,3.21,0.05,,Variety Stream,Stream,True,https://i.ytimg.com/vi/sPEAf5Q0PJo/hqdefault.jpg,Not Applicable
yQmOGEsx0no,〜ɢᵒᵒᵈ ɴⁱᵍᵗʰ( ᵕᴗᵕ)*･☪︎·̩͙,5/5/2024,23:44:08,4:49:33,17373,1034606,35411,1012,3.42,0.1,,Variety Stream,Stream,True,https://i.ytimg.com/vi/yQmOGEsx0no/hqdefault.jpg,Not Applicable
Za-UES8CdSw,dog park stream + home noew,5/3/2024,1:25:22,4:14:34,15274,990331,31572,825,3.19,0.08,,Gaming,Stream,True,https://i.ytimg.com/vi/Za-UES8CdSw/hqdefault.jpg,Not Applicable
xAPyVbRuAnI,IShowSpeed at WWE Raw,5/2/2024,17:09:04,6:09,369,1707871,57925,2366,3.39,0.14,,Sports,Regular Video,False,https://i.ytimg.com/vi/xAPyVbRuAnI/hqdefault.jpg,Not Applicable
HGeKVc1yE1w,SPIN N TURN🌀🌀🌀,5/2/2024,0:03:19,5:18:48,19128,1027769,33738,549,3.28,0.05,,Variety Stream,Stream,True,https://i.ytimg.com/vi/HGeKVc1yE1w/hqdefault.jpg,Not Applicable
5Shrd2fps24,Float like a butterfly 🦋sting like a bee🐝,4/28/2024,23:27:27,4:52:21,17541,1079485,32684,1087,3.03,0.1,,Sports,Stream,True,https://i.ytimg.com/vi/5Shrd2fps24/hqdefault.jpg,Not Applicable
DXaGAb9A0lI,IMMA TELL U ONE TIMEE,4/27/2024,23:15:57,4:23:40,15820,1082665,31039,853,2.87,0.08,,IRL / Vlog,Stream,True,https://i.ytimg.com/vi/DXaGAb9A0lI/hqdefault.jpg,Not Applicable
kXd_K0Rp0_8,im speed n i stream evreyday,4/26/2024,23:13:19,4:43:28,17008,994543,34832,1198,3.5,0.12,,Gaming,Stream,True,https://i.ytimg.com/vi/kXd_K0Rp0_8/hqdefault.jpg,Not Applicable
jk8gNlH0eyM,NFL DRAFT COMBINE STREAM ft. Sketch,4/24/2024,21:20:05,1:34:26,5666,1074423,34724,2154,3.23,0.2,,Gaming,Stream,True,https://i.ytimg.com/vi/jk8gNlH0eyM/hqdefault.jpg,Not Applicable
BWpBi0Gz4Dw,jump of JOY,4/23/2024,23:34:22,4:11:34,15094,1055154,36594,844,3.47,0.08,,IRL / Vlog,Stream,True,https://i.ytimg.com/vi/BWpBi0Gz4Dw/hqdefault.jpg,Not Applicable
Rp4Vfwn4GBw,irl catching alligators🐊/ animal stream,4/23/2024,0:01:24,1:25:00,5100,1412597,45772,1555,3.24,0.11,,IRL / Vlog,Stream,True,https://i.ytimg.com/vi/Rp4Vfwn4GBw/hqdefault.jpg,Not Applicable
s-fY8QvIgNY,I SIGNED to MANCHESTER UNITED..,4/18/2024,17:28:32,6:46,406,3023610,116202,7520,3.84,0.25,,Sports,Regular Video,False,https://i.ytimg.com/vi/s-fY8QvIgNY/hqdefault.jpg,UK
MQupfApIV7Q,Real Madrid🇪🇸 Vs Manchester City🏴󠁧󠁢󠁥󠁮󠁧󠁿 irl stream UCL⚽️,4/17/2024,22:18:24,3:20:05,12005,3818485,130052,1729,3.41,0.05,,IRL / Vlog,Stream,True,https://i.ytimg.com/vi/MQupfApIV7Q/hqdefault.jpg,Spain
7MFnIyBeRaY,24 million.......,4/15/2024,17:05:08,41:25:00,2485,1201388,73144,3972,6.09,0.33,,Variety Stream,Stream,True,https://i.ytimg.com/vi/7MFnIyBeRaY/hqdefault.jpg,Not Applicable
eATVmN1vMJo,irl stream buying a Cat 🐈,4/14/2024,21:20:37,3:30:29,12629,3302732,122248,2918,3.7,0.09,,IRL / Vlog,Stream,True,https://i.ytimg.com/vi/eATVmN1vMJo/hqdefault.jpg,Not Applicable
uY6SEkQdZuQ,my neck,4/11/2024,22:49:58,3:20:48,12048,1672450,50082,2481,2.99,0.15,,Variety Stream,Stream,True,https://i.ytimg.com/vi/uY6SEkQdZuQ/hqdefault.jpg,Not Applicable
06MlcC1T2vo,IShowSpeed at WWE Wrestlemania..,4/8/2024,13:31:11,7:28,448,8055294,302640,11711,3.76,0.15,,Sports,Regular Video,False,https://i.ytimg.com/vi/06MlcC1T2vo/hqdefault.jpg,Not Applicable
1vupS6x-29A,WWE is real💔,4/8/2024,3:16:28,16,16,205024824,7169195,31626,3.5,0.02,,Sports,Shorts,False,https://i.ytimg.com/vi/1vupS6x-29A/hqdefault.jpg,Not Applicable
EEzdOXwaDFI,"IRL $100,000 shopping stream",4/6/2024,20:05:20,1:39:48,5988,1431270,44304,2010,3.1,0.14,,IRL / Vlog,Stream,True,https://i.ytimg.com/vi/EEzdOXwaDFI/hqdefault.jpg,Not Applicable
3B_Q5p3DZ5g,🔴LIVE | 20 GIRLS COMPETE FOR SPEED ⚡😍,4/6/2024,0:16:16,4:24:09,15849,1396966,47265,2010,3.38,0.14,,IRL / Vlog,Stream,True,https://i.ytimg.com/vi/3B_Q5p3DZ5g/hqdefault.jpg,Not Applicable
UZSvMw_pi50,NOTHING can Stop me,4/2/2024,23:16:40,4:28:36,16116,1457009,45708,1392,3.14,0.1,,Variety Stream,Stream,True,https://i.ytimg.com/vi/UZSvMw_pi50/hqdefault.jpg,Not Applicable
tfB_faWw71Q,todays a joke😂🫵💀,4/1/2024,22:57:51,4:15:06,15306,1705824,57270,1352,3.36,0.08,,IRL / Vlog,Stream,True,https://i.ytimg.com/vi/tfB_faWw71Q/hqdefault.jpg,Not Applicable
CgNd7lP1-NI,i’m quitting youtube…..💔,4/1/2024,4:00:07,1:27,87,1601319,64601,7845,4.03,0.49,,IRL / Vlog,Regular Video,False,https://i.ytimg.com/vi/CgNd7lP1-NI/hqdefault.jpg,Not Applicable
v1wdipqoBog,"LAMBORGHINI🏎️💨🍃,",3/31/2024,20:25:13,1:59:38,7178,1122095,44142,525,3.93,0.05,,IRL / Vlog,Stream,True,https://i.ytimg.com/vi/v1wdipqoBog/hqdefault.jpg,Not Applicable
5j8V3wHw1ls,I Bought My First Car……,3/30/2024,16:07:16,7:09,429,7052881,272234,10251,3.86,0.15,,IRL / Vlog,Regular Video,False,https://i.ytimg.com/vi/5j8V3wHw1ls/hqdefault.jpg,Not Applicable
EfIvsxoTAYw,Long Live The Speed,3/28/2024,23:25:34,3:34:54,12894,1857353,51206,1753,2.76,0.09,,IRL / Vlog,Stream,True,https://i.ytimg.com/vi/EfIvsxoTAYw/hqdefault.jpg,Not Applicable
4fFcolZu5YY,what animal do look like,3/26/2024,1:41:04,5:38:48,20328,1486537,50119,1161,3.37,0.08,,Variety Stream,Stream,True,https://i.ytimg.com/vi/4fFcolZu5YY/hqdefault.jpg,Not Applicable
jZRVf1SRo8E,"IShowSpeed - Seven (Official Music Video) {Prod - shonci, DJ Scheme, DJ Luan}",3/24/2024,18:00:19,3:22,202,2105369,106251,8238,5.05,0.39,"['DJ Scheme', 'DJ Luan']",Music,Regular Video,False,https://i.ytimg.com/vi/jZRVf1SRo8E/hqdefault.jpg,Not Applicable
APO1jzJnDwo,IShowSpeed - Porradão (Official Music Video) {Prod - shonci & DJ Scheme},3/24/2024,17:00:05,2:42,162,5881355,176250,8829,3.0,0.15,['DJ Scheme'],Music,Regular Video,False,https://i.ytimg.com/vi/APO1jzJnDwo/hqdefault.jpg,Not Applicable
Rrem1snhdRY,IShowSpeed x Bandmanrill - Trip 2 Brazil (Official Music Video),3/24/2024,16:00:06,1:40,100,1177771,74721,4039,6.34,0.34,['Bandmanrill'],Music,Stream,True,https://i.ytimg.com/vi/Rrem1snhdRY/hqdefault.jpg,Brazil
dJ8FmiwDknY,IShowSpeed - Get Down (Official Music Video),3/23/2024,16:00:08,2:25,145,3688118,186795,8372,5.06,0.23,,Music,Stream,True,https://i.ytimg.com/vi/dJ8FmiwDknY/hqdefault.jpg,Not Applicable
4r3TkdiMtcw,IShowSpeed x MC Kevin O Chris - Amar de (Official Music Video),3/22/2024,16:00:07,3:21,201,6163102,363050,12517,5.89,0.2,['Kevin O Chris'],Music,Stream,True,https://i.ytimg.com/vi/4r3TkdiMtcw/hqdefault.jpg,Not Applicable
fBqqz3hkXNs,IShowSpeed - Monkey  (Official Music Video),3/21/2024,16:00:08,2:51,171,6457272,297511,17138,4.61,0.27,,Music,Stream,True,https://i.ytimg.com/vi/fBqqz3hkXNs/hqdefault.jpg,Not Applicable
qZnHrQ1uEEo,IRL in Miami 🌊🌴,3/19/2024,1:05:58,5:18:23,19103,2371631,76436,1993,3.22,0.08,,IRL / Vlog,Stream,True,https://i.ytimg.com/vi/qZnHrQ1uEEo/hqdefault.jpg,Not Applicable
mp2ebnHauZU,UNITEDD WON,3/17/2024,23:52:32,3:59:06,14346,1031670,37981,1486,3.68,0.14,,Sports,Stream,True,https://i.ytimg.com/vi/mp2ebnHauZU/hqdefault.jpg,Not Applicable
hWznP9pO1OQ,IF I LOSE I HAVE TO SPIN THE DARE WHEEL ☠…,3/15/2024,23:28:35,3:31:57,12717,1208936,33714,1278,2.79,0.11,,Sports,Stream,True,https://i.ytimg.com/vi/hWznP9pO1OQ/hqdefault.jpg,Not Applicable
URzGz1hIhzI,first ever bicycle backflip kick #ishowspeed,3/15/2024,17:46:22,19,19,26649310,1120716,20040,4.21,0.08,,Sports,Shorts,False,https://i.ytimg.com/vi/URzGz1hIhzI/hqdefault.jpg,Not Applicable
G-k_4wKBQ6A,GETTING TASED WHEN I LOSE ON FIFA…,3/14/2024,22:26:42,3:56:55,14215,1458740,49148,1083,3.37,0.07,,Gaming,Stream,True,https://i.ytimg.com/vi/G-k_4wKBQ6A/hqdefault.jpg,Not Applicable
3ZUcTXiQPg8,random irl stream,3/11/2024,23:21:27,4:06:15,14775,1270224,41855,1217,3.3,0.1,,IRL / Vlog,Stream,True,https://i.ytimg.com/vi/3ZUcTXiQPg8/hqdefault.jpg,Not Applicable
BsFm4UU2Pb8,KFC  changed me,3/3/2024,0:34:18,4:12:24,15144,1395494,41152,2374,2.95,0.17,,IRL / Vlog,Stream,True,https://i.ytimg.com/vi/BsFm4UU2Pb8/hqdefault.jpg,Not Applicable
BH3GX0p_3fA,AI 2/28/2024 LIVE,2/29/2024,1:26:32,5:09:34,18574,1693315,46502,2395,2.75,0.14,,IRL / Vlog,Stream,True,https://i.ytimg.com/vi/BH3GX0p_3fA/hqdefault.jpg,Not Applicable
ueqiPVgsQKI,"Match For Hope irl stream, ft. Hazard, Roberto Carlos, Drogba and more⚽️🇶🇦",2/23/2024,19:17:19,3:08:29,11309,3784188,106707,3218,2.82,0.09,"['Hazard', 'Roberto Carlo', 'Drogba']",IRL / Vlog,Stream,True,https://i.ytimg.com/vi/ueqiPVgsQKI/hqdefault.jpg,Qatar
xd8xt07oQkc,IRL TAKING OVER BRAZIL 🇧🇷 CRAZY 😈🚗⚡️,2/19/2024,5:20:46,3:17:41,11861,1627590,69099,2217,4.25,0.14,,IRL / Vlog,Stream,True,https://i.ytimg.com/vi/xd8xt07oQkc/hqdefault.jpg,Brazil
dMGhGwF5U9E,23 million stream…In a SP Favela🇧🇷,2/16/2024,4:37:11,59:17:00,3557,1632175,72573,3170,4.45,0.19,,IRL / Vlog,Stream,True,https://i.ytimg.com/vi/dMGhGwF5U9E/hqdefault.jpg,Brazil
mkLw_LWXYhA,irl Valentines stream ❤️,2/15/2024,0:31:18,3:30:10,12610,4527239,118961,6755,2.63,0.15,,IRL / Vlog,Stream,True,https://i.ytimg.com/vi/mkLw_LWXYhA/hqdefault.jpg,Not Applicable
1FturZiQpXE,irl stream at Brazil Carnival 🇧🇷🕺,2/13/2024,6:02:51,3:30:05,12605,2567260,77206,3068,3.01,0.12,,IRL / Vlog,Stream,True,https://i.ytimg.com/vi/1FturZiQpXE/hqdefault.jpg,Brazil
OrN3axSjyLA,lifes unfair,2/5/2024,0:15:44,4:09:07,14947,1719009,51483,2766,2.99,0.16,,IRL / Vlog,Stream,True,https://i.ytimg.com/vi/OrN3axSjyLA/hqdefault.jpg,Not Applicable
8WZ-4JiwFIo,I Played Football with Ronaldo Jr.,2/3/2024,21:18:43,28:58:00,1738,25097253,424285,12298,1.69,0.05,"['Ronaldo Jr.', 'Ronaldo']",Gaming,Regular Video,False,https://i.ytimg.com/vi/8WZ-4JiwFIo/hqdefault.jpg,Not Applicable
q1trJRhH9SE,irl stream in Saudi Arabia 🇸🇦,2/2/2024,14:40:55,1:07:20,4040,2442718,65909,2465,2.7,0.1,,IRL / Vlog,Stream,True,https://i.ytimg.com/vi/q1trJRhH9SE/hqdefault.jpg,Saudi Arabia
T0rmom6DzOY,irl Ronaldo Vs Messi stream! Al Nassr 🇸🇦 Vs Inter Miami🇺🇸! Meeting Ronaldo!,2/1/2024,20:16:43,2:23:24,8604,4204243,157920,2652,3.76,0.06,"['Ronaldo', 'Messi']",IRL / Vlog,Stream,True,https://i.ytimg.com/vi/T0rmom6DzOY/hqdefault.jpg,Saudi Arabia
hgjbSYtGqIk,outta line,1/28/2024,23:07:52,3:48:28,13708,1515932,44166,1626,2.91,0.11,,IRL / Vlog,Stream,True,https://i.ytimg.com/vi/hgjbSYtGqIk/hqdefault.jpg,Not Applicable
EPAaM13I-AY,IM GETITIN OLD,1/27/2024,0:17:30,3:41:00,13260,1460543,43623,1524,2.99,0.1,,IRL / Vlog,Stream,True,https://i.ytimg.com/vi/EPAaM13I-AY/hqdefault.jpg,Not Applicable
9TMFq8Bhi8M,it stinks 😗💨🤢🤮,1/25/2024,23:13:03,3:10:49,11449,1321108,41660,1566,3.15,0.12,,Variety Stream,Stream,True,https://i.ytimg.com/vi/9TMFq8Bhi8M/hqdefault.jpg,Not Applicable
VJOuEegbDbw,dont LET me DOWN,1/23/2024,23:46:10,3:28:45,12525,1445971,44728,1404,3.09,0.1,,IRL / Vlog,Stream,True,https://i.ytimg.com/vi/VJOuEegbDbw/hqdefault.jpg,Not Applicable
gF71Smacr58,HAPPY BIRTHDAY TO ME #19🎂🎉🥳,1/21/2024,22:37:04,3:10:24,11424,3500816,142681,5642,4.08,0.16,,IRL / Vlog,Stream,True,https://i.ytimg.com/vi/gF71Smacr58/hqdefault.jpg,Not Applicable
ncnJNkcagKc,irl stream Buying A New Dog🐶,1/19/2024,23:30:40,2:52:48,10368,2173738,73354,3493,3.37,0.16,,IRL / Vlog,Stream,True,https://i.ytimg.com/vi/ncnJNkcagKc/hqdefault.jpg,Not Applicable
A0u8rgz4qlA,Life In Brazil🇧🇷,1/17/2024,18:17:36,15:42,942,4681373,237758,8614,5.08,0.18,,IRL / Vlog,Regular Video,False,https://i.ytimg.com/vi/A0u8rgz4qlA/hqdefault.jpg,Brazil
Kf2QdxrNtB4,sunshine POCKET🌞,1/16/2024,0:29:25,3:46:11,13571,1173826,36598,1432,3.12,0.12,,IRL / Vlog,Stream,True,https://i.ytimg.com/vi/Kf2QdxrNtB4/hqdefault.jpg,Not Applicable
eRGKMewhTtw,TADIMA,1/14/2024,0:11:41,4:25:05,15905,1455585,53172,1693,3.65,0.12,,IRL / Vlog,Stream,True,https://i.ytimg.com/vi/eRGKMewhTtw/hqdefault.jpg,Not Applicable
fn8Zn7Jx_Fk,LAST DAY IN BRAZIL!🇧🇷,1/11/2024,23:31:54,1:38:58,5938,1432380,61179,1945,4.27,0.14,,IRL / Vlog,Stream,True,https://i.ytimg.com/vi/fn8Zn7Jx_Fk/hqdefault.jpg,Brazil
v-xX9_KqwHA,irl Brazil studio 🔥🇧🇷,1/10/2024,21:27:53,1:27:01,5221,1068508,53198,1471,4.98,0.14,,IRL / Vlog,Stream,True,https://i.ytimg.com/vi/v-xX9_KqwHA/hqdefault.jpg,Brazil
SsXVHL69nd0,irl stream meeting Ronaldo🇧🇷,1/10/2024,14:36:08,37:37:00,2257,1492174,84549,2179,5.67,0.15,['Ronaldo'],IRL / Vlog,Stream,True,https://i.ytimg.com/vi/SsXVHL69nd0/hqdefault.jpg,Brazil
9JtbTetEWzI,irl Brazil Party stream 🕺🇧🇷,1/10/2024,3:50:30,1:57:42,7062,1704403,73143,2610,4.29,0.15,,IRL / Vlog,Stream,True,https://i.ytimg.com/vi/9JtbTetEWzI/hqdefault.jpg,Brazil
bil2kEOg-D8,irl stream in Brazil favelas 🇧🇷,1/8/2024,20:10:12,2:21:53,8513,2568427,128844,3103,5.02,0.12,,IRL / Vlog,Stream,True,https://i.ytimg.com/vi/bil2kEOg-D8/hqdefault.jpg,Brazil
jkOJ560-xwQ,YO SPEEDD TURN ME UP,1/7/2024,0:18:42,4:22:23,15743,1424695,45184,1632,3.17,0.11,,Variety Stream,Stream,True,https://i.ytimg.com/vi/jkOJ560-xwQ/hqdefault.jpg,Not Applicable
XRUm3ejGqtY,master im tired,1/4/2024,23:43:58,3:00:51,10851,1320557,40712,1665,3.08,0.13,,Variety Stream,Stream,True,https://i.ytimg.com/vi/XRUm3ejGqtY/hqdefault.jpg,Not Applicable
EqDxDmM1hB4,"BEATING GTA 5 RIGHT NOW (last mission)!!!!!!! 2024 SPEED, PT.3",1/3/2024,13:40:34,1:42:02,6122,1401254,62560,2229,4.46,0.16,,Gaming,Stream,True,https://i.ytimg.com/vi/EqDxDmM1hB4/hqdefault.jpg,Not Applicable
h3sp7vRS7u4,"not ending til i beat GTA 5............. 2024 SPEED, PT.2",1/3/2024,12:29:31,11:12:31,40351,2793647,81636,1516,2.92,0.05,,Gaming,Stream,True,https://i.ytimg.com/vi/h3sp7vRS7u4/hqdefault.jpg,Not Applicable
SDwyQZF7R1w,"2024 SPEED, PT.1",1/3/2024,0:39:04,5:00:09,18009,1344209,44506,1357,3.31,0.1,,Variety Stream,Stream,True,https://i.ytimg.com/vi/SDwyQZF7R1w/hqdefault.jpg,Not Applicable
A7oZ8495kYo,NEW YEARS STREAM PT. 1🔟9️⃣8️⃣7️⃣6️⃣5️⃣4️⃣3️⃣2️⃣1️⃣🎆🥳🎉🎊🎇,12/31/2023,22:25:30,2:32:04,9124,1170684,45826,1658,3.91,0.14,,Gaming,Stream,True,https://i.ytimg.com/vi/A7oZ8495kYo/hqdefault.jpg,Not Applicable
YSOBIXLKcE8,nasty 12 HOUR STREAM ▶︎ •• 0:12,12/30/2023,3:58:32,8:25:23,30323,2015172,63122,2403,3.13,0.12,,Gaming,Stream,True,https://i.ytimg.com/vi/YSOBIXLKcE8/hqdefault.jpg,Not Applicable
mJEgU8L_GoA,alright,12/28/2023,1:06:16,4:33:36,16416,1493370,49027,1291,3.28,0.09,,Variety Stream,Stream,True,https://i.ytimg.com/vi/mJEgU8L_GoA/hqdefault.jpg,Not Applicable
N0TCegKJFiQ,MERRY CHRISTMANS BOYS🎄 🎁 🎅 🌟 ❄️ 🔔 👼 🍪 🧦 ⛄,12/24/2023,23:22:04,3:01:22,10882,1080612,36743,2150,3.4,0.2,,Gaming,Stream,True,https://i.ytimg.com/vi/N0TCegKJFiQ/hqdefault.jpg,Not Applicable
AGzYHvs5WH8,ALL I WANT FOR CHIRSTMNAS IS U 🕺🦌,12/22/2023,23:38:26,3:22:16,12136,1442553,47985,1430,3.33,0.1,,IRL / Vlog,Stream,True,https://i.ytimg.com/vi/AGzYHvs5WH8/hqdefault.jpg,Not Applicable
suRyDZje_DA,series ishowspeed,12/18/2023,23:35:11,3:59:52,14392,1828847,54722,1478,2.99,0.08,,Gaming,Stream,True,https://i.ytimg.com/vi/suRyDZje_DA/hqdefault.jpg,Not Applicable
boiq0ghfRFc,é ele,12/17/2023,23:21:58,3:24:11,12251,1406737,44764,1712,3.18,0.12,,IRL / Vlog,Stream,True,https://i.ytimg.com/vi/boiq0ghfRFc/hqdefault.jpg,Not Applicable
zzEzdKBRGh0,IShowSpeed vs. KSI - Official Livestream,12/16/2023,4:13:48,1:01:06,3666,2857568,118330,5855,4.14,0.2,['KSI'],IRL / Vlog,Stream,True,https://i.ytimg.com/vi/zzEzdKBRGh0/hqdefault.jpg,Not Applicable
5UDNT9ZCGsU,KSI IS HERE EVERYBODY WRONG,12/12/2023,22:41:23,2:35:56,9356,2431098,81113,2085,3.34,0.09,['KSI'],Sports,Stream,True,https://i.ytimg.com/vi/5UDNT9ZCGsU/hqdefault.jpg,Not Applicable
5Zejzo5SUJ8,i dont like - speed,12/12/2023,2:23:07,3:42:01,13321,1869609,69498,2202,3.72,0.12,,Variety Stream,Stream,True,https://i.ytimg.com/vi/5Zejzo5SUJ8/hqdefault.jpg,Not Applicable
IzMhnNj9564,༼ง=ಠ益ಠ=༽ง,12/11/2023,0:22:37,4:34:56,16496,1342597,42186,873,3.14,0.07,,Variety Stream,Stream,True,https://i.ytimg.com/vi/IzMhnNj9564/hqdefault.jpg,Not Applicable
FRhbOxlYrw4,22 million........,12/9/2023,20:26:05,2:24:59,8699,1850839,87456,1957,4.73,0.11,,Variety Stream,Stream,True,https://i.ytimg.com/vi/FRhbOxlYrw4/hqdefault.jpg,Not Applicable
UxoJYl5y4h8,%$@#&*()@_ live,12/8/2023,2:41:07,6:12:52,22372,1216195,39545,942,3.25,0.08,,IRL / Vlog,Stream,True,https://i.ytimg.com/vi/UxoJYl5y4h8/hqdefault.jpg,Not Applicable
UA17fXLJ5ec,DECEMBER(BRO) ⩇⩇:⩇⩇,12/5/2023,0:24:02,3:42:58,13378,1535283,48851,1197,3.18,0.08,,Variety Stream,Stream,True,https://i.ytimg.com/vi/UA17fXLJ5ec/hqdefault.jpg,Not Applicable
wDobyacFB54,sorry to keep u guys waiting,12/4/2023,4:20:55,3:09:08,11348,1615792,43563,1157,2.7,0.07,,IRL / Vlog,Stream,True,https://i.ytimg.com/vi/wDobyacFB54/hqdefault.jpg,Not Applicable
65oxAtKrfuQ,GOODBYE FORTNITE💔,12/2/2023,22:03:44,3:49:41,13781,4157499,101792,1459,2.45,0.04,,Gaming,Stream,True,https://i.ytimg.com/vi/65oxAtKrfuQ/hqdefault.jpg,Not Applicable
mG4p9U3zsco,whats up bros,11/30/2023,22:14:41,1:58:19,7099,1520617,58242,4157,3.83,0.27,,Variety Stream,Stream,True,https://i.ytimg.com/vi/mG4p9U3zsco/hqdefault.jpg,Not Applicable
FpElg3OddhU,its the dreammm‧₊˚ ☁️⋅♡⋅☾⋅☁️ ˚₊‧speed x adin,11/30/2023,1:07:49,4:17:26,15446,1571934,46848,869,2.98,0.06,['Adin'],Sports,Stream,True,https://i.ytimg.com/vi/FpElg3OddhU/hqdefault.jpg,Not Applicable
Vny9OgnbfGc,IM BLACK𝓱𝓮𝔂 𝓶𝓸𝓶𝓶𝔂😫,11/23/2023,3:02:43,6:05:23,21923,2576795,79196,3214,3.07,0.12,,Variety Stream,Stream,True,https://i.ytimg.com/vi/Vny9OgnbfGc/hqdefault.jpg,Not Applicable
vyKS6nAetlI,idk how  to feel,11/21/2023,1:02:37,4:41:29,16889,2107444,67046,2792,3.18,0.13,,Variety Stream,Stream,True,https://i.ytimg.com/vi/vyKS6nAetlI/hqdefault.jpg,Not Applicable
J_HPgmiRP_E,i done even knoe mann LOLKKKK⛽️ ⛽️ ⛽️ ⛽️,11/19/2023,0:03:48,3:12:14,11534,1329311,43826,1625,3.3,0.12,,Variety Stream,Stream,True,https://i.ytimg.com/vi/J_HPgmiRP_E/hqdefault.jpg,Not Applicable
2Qsi4h2Vv0s,aye CHAT itsssss friiDAYYY웃웃웃,11/18/2023,1:57:46,5:35:20,20120,1623354,54375,1109,3.35,0.07,,IRL / Vlog,Stream,True,https://i.ytimg.com/vi/2Qsi4h2Vv0s/hqdefault.jpg,Not Applicable
s2b_Ehok4os,Football Challenges with GOAT goat.app.link/speed,11/17/2023,0:53:49,21,21,6601078,255786,2557,3.87,0.04,,Gaming,Shorts,False,https://i.ytimg.com/vi/s2b_Ehok4os/hqdefault.jpg,Not Applicable
RESzustAH0c,Football Challenges: GOAT Edition,11/17/2023,0:47:07,18:39,1119,2561735,124519,21200,4.86,0.83,,Gaming,Regular Video,False,https://i.ytimg.com/vi/RESzustAH0c/hqdefault.jpg,Not Applicable
YYWRIS_uq_0,NEW HOUSE 🔥🏠🚊,11/17/2023,0:38:36,4:24:17,15857,1667399,58233,859,3.49,0.05,,IRL / Vlog,Stream,True,https://i.ytimg.com/vi/YYWRIS_uq_0/hqdefault.jpg,Not Applicable
1tp-Kt_zRlI,#NAME?,11/16/2023,2:25:02,4:07:05,14825,1259571,39965,1138,3.17,0.09,,Gaming,Stream,True,https://i.ytimg.com/vi/1tp-Kt_zRlI/hqdefault.jpg,Not Applicable
Yr7uqLtcQOU,👨🏿‍🦱🎸⋆⭒˚｡ ⋆,11/12/2023,1:54:16,5:43:12,20592,2298712,75461,2074,3.28,0.09,,Variety Stream,Stream,True,https://i.ytimg.com/vi/Yr7uqLtcQOU/hqdefault.jpg,Not Applicable
R_zPx-ZWNoo,aint nun like ah fridayy freeee + FORTNITE WITH NINJA,11/10/2023,22:38:03,4:25:32,15932,1444926,49032,2006,3.39,0.14,,Gaming,Stream,True,https://i.ytimg.com/vi/R_zPx-ZWNoo/hqdefault.jpg,Not Applicable
gw8p_ZSgOeo,dont finsh its cold  🌨❄️🌬,11/10/2023,0:13:30,4:30:21,16221,1298077,48873,907,3.77,0.07,,Variety Stream,Stream,True,https://i.ytimg.com/vi/gw8p_ZSgOeo/hqdefault.jpg,Not Applicable
AlrMYsZcWTs,IShowSpeed’s Live Show In London,11/5/2023,22:19:53,2:30:23,9023,1571931,59677,1389,3.8,0.09,,IRL / Vlog,Stream,True,https://i.ytimg.com/vi/AlrMYsZcWTs/hqdefault.jpg,UK
sCtODdGvgp8,OG FORTNITE + messi dont like me +,11/4/2023,0:30:55,3:15:23,11723,1876281,67770,1130,3.61,0.06,['Messi'],Gaming,Stream,True,https://i.ytimg.com/vi/sCtODdGvgp8/hqdefault.jpg,Not Applicable
UZR1Vk1DQ24,irl Ballon D’or stream🏆,10/30/2023,22:11:00,3:55:48,14148,16086542,464191,6156,2.89,0.04,,IRL / Vlog,Stream,True,https://i.ytimg.com/vi/UZR1Vk1DQ24/hqdefault.jpg,Not Applicable
jR9JBxRJtM8,irl Science stream ft. Mark Rober 🧪,10/28/2023,17:28:24,1:07:19,4039,2937213,102125,4211,3.48,0.14,,IRL / Vlog,Stream,True,https://i.ytimg.com/vi/jR9JBxRJtM8/hqdefault.jpg,Not Applicable
4BuUeVEcGEw,irl haunted house scary stream 👻😱,10/27/2023,4:41:14,2:14:33,8073,2655715,84885,2908,3.2,0.11,,IRL / Vlog,Stream,True,https://i.ytimg.com/vi/4BuUeVEcGEw/hqdefault.jpg,Not Applicable
iA0_0Wm8o4E,RUFF RUFF YESSIRRR,10/24/2023,22:15:45,3:22:37,12157,1436017,48436,1621,3.37,0.11,,Variety Stream,Stream,True,https://i.ytimg.com/vi/iA0_0Wm8o4E/hqdefault.jpg,Not Applicable
qd05K9m3zwo,little man wwwwww 🧑🏾‍🦲 🧑🏾‍🦲,10/23/2023,23:23:34,4:37:10,16630,1389966,52872,1063,3.8,0.08,,Variety Stream,Stream,True,https://i.ytimg.com/vi/qd05K9m3zwo/hqdefault.jpg,Not Applicable
pRxWFmDwWSA,irl Drivers License Test stream,10/22/2023,21:23:32,1:13:47,4427,1682691,65138,2652,3.87,0.16,,IRL / Vlog,Stream,True,https://i.ytimg.com/vi/pRxWFmDwWSA/hqdefault.jpg,Not Applicable
ct1xQVfGBWk,GOOD FEELING,10/20/2023,22:42:45,4:18:10,15490,1739132,75104,1738,4.32,0.1,,Variety Stream,Stream,True,https://i.ytimg.com/vi/ct1xQVfGBWk/hqdefault.jpg,Not Applicable
WkMr5zNqgwM,My Life In India🇮🇳,10/19/2023,16:25:21,15:51,951,6304609,344809,16300,5.47,0.26,,IRL / Vlog,Regular Video,False,https://i.ytimg.com/vi/WkMr5zNqgwM/hqdefault.jpg,India
rUYI3S6gWek,last of INDIAAAA,10/15/2023,17:46:21,3:28:36,12516,4806700,225400,5545,4.69,0.12,,IRL / Vlog,Stream,True,https://i.ytimg.com/vi/rUYI3S6gWek/hqdefault.jpg,India
MxqxnxAk_v8,"irl in Delhi, India🇮🇳",10/13/2023,15:10:16,59:46:00,3586,2203472,107564,4040,4.88,0.18,,IRL / Vlog,Stream,True,https://i.ytimg.com/vi/MxqxnxAk_v8/hqdefault.jpg,India
h3PLizx9GIU,irl stream in India 🇮🇳,10/12/2023,11:39:52,3:38:46,13126,6665068,292768,10429,4.39,0.16,,IRL / Vlog,Stream,True,https://i.ytimg.com/vi/h3PLizx9GIU/hqdefault.jpg,India
oPD69hPpqQ0,last stream til i go ( BREAST CANCER🎗️),10/8/2023,23:04:47,3:48:02,13682,2173045,66512,2500,3.06,0.12,,Gaming,Stream,True,https://i.ytimg.com/vi/oPD69hPpqQ0/hqdefault.jpg,Not Applicable
Ec18vXsDHYU,Hi Me In 3 Years,10/7/2023,17:00:10,32,32,10165623,602893,21596,5.93,0.21,,IRL / Vlog,Shorts,False,https://i.ytimg.com/vi/Ec18vXsDHYU/hqdefault.jpg,Not Applicable
6deHn7eao_s,speed mulitlanguangle🎈🎈,10/6/2023,23:58:05,4:28:34,16114,1476381,50450,1236,3.42,0.08,,Variety Stream,Stream,True,https://i.ytimg.com/vi/6deHn7eao_s/hqdefault.jpg,Not Applicable
nnSgMrOwncU,i am not meant to be speed i am 🏁🏎️💨,10/6/2023,1:30:03,6:17:15,22635,1577924,51808,1340,3.28,0.08,,Variety Stream,Stream,True,https://i.ytimg.com/vi/nnSgMrOwncU/hqdefault.jpg,Not Applicable
E-igePlyi10,science speed,10/3/2023,19:47:59,50:06:00,3006,1196812,51142,4253,4.27,0.36,,Variety Stream,Stream,True,https://i.ytimg.com/vi/E-igePlyi10/hqdefault.jpg,Not Applicable
zewhlPBlGwc,HANDSOME ▶• ılıılıılıılıılıılı. 0,9/30/2023,22:25:38,2:29:34,8974,1306545,39856,2077,3.05,0.16,,Variety Stream,Stream,True,https://i.ytimg.com/vi/zewhlPBlGwc/hqdefault.jpg,Not Applicable
vHhx-IzaRDk,♡ I love you ꕤ,9/29/2023,23:01:36,4:14:05,15245,1881009,67296,2326,3.58,0.12,,Variety Stream,Stream,True,https://i.ytimg.com/vi/vHhx-IzaRDk/hqdefault.jpg,Not Applicable
82xR_EzlsA4,HEHE HAHA,9/28/2023,23:08:43,4:23:10,15790,1451971,52325,1273,3.6,0.09,,Variety Stream,Stream,True,https://i.ytimg.com/vi/82xR_EzlsA4/hqdefault.jpg,Not Applicable
nElVegaj6UI,༼ ͡• ͜໒ ͡• ༽ ༼ ͡☉ ͜ʖ ͡☉ ༽,9/27/2023,23:04:10,4:15:43,15343,1527034,50508,1287,3.31,0.08,,Variety Stream,Stream,True,https://i.ytimg.com/vi/nElVegaj6UI/hqdefault.jpg,Not Applicable
UHBAGo8bk6s,"🏎.:°♡.°🏁 fun , speed",9/26/2023,22:37:25,5:00:21,18021,1542592,56684,997,3.67,0.06,,Variety Stream,Stream,True,https://i.ytimg.com/vi/UHBAGo8bk6s/hqdefault.jpg,Not Applicable
VDiKORkPEXQ,im sick + sleep stream 🤭💨🤢🤮,9/25/2023,22:16:05,2:33:05,9185,2621830,77151,4361,2.94,0.17,,Gaming,Stream,True,https://i.ytimg.com/vi/VDiKORkPEXQ/hqdefault.jpg,Not Applicable
bGW_1f2LmAU,YUM YUM🍬💕👄,9/24/2023,21:54:56,3:21:42,12102,1555927,52928,1363,3.4,0.09,,Variety Stream,Stream,True,https://i.ytimg.com/vi/bGW_1f2LmAU/hqdefault.jpg,Not Applicable
hNdu6i7pl-Q,speed & jamal (lil bro),9/22/2023,21:22:05,2:07:10,7630,1603243,57093,2567,3.56,0.16,,Variety Stream,Stream,True,https://i.ytimg.com/vi/hNdu6i7pl-Q/hqdefault.jpg,Not Applicable
r7k8bU0FnXM,howdyyy,9/21/2023,23:38:25,4:31:38,16298,1407989,47802,1062,3.4,0.08,,Variety Stream,Stream,True,https://i.ytimg.com/vi/r7k8bU0FnXM/hqdefault.jpg,Not Applicable
cY2OJcpHRMk,if i swear i e stream...,9/20/2023,23:11:45,5:49:53,20993,2219822,76059,1368,3.43,0.06,,Gaming,Stream,True,https://i.ytimg.com/vi/cY2OJcpHRMk/hqdefault.jpg,Not Applicable
zORCjV0o1FU,EAFC 24 EARLY -  with speed⚡,9/19/2023,21:20:32,4:39:31,16771,2160147,82443,1973,3.82,0.09,,Gaming,Stream,True,https://i.ytimg.com/vi/zORCjV0o1FU/hqdefault.jpg,Not Applicable
pSGK-WfI3wY,the truth about the charity match💔,9/18/2023,18:00:17,9:49,589,2698413,115071,5658,4.26,0.21,,Sports,Regular Video,False,https://i.ytimg.com/vi/pSGK-WfI3wY/hqdefault.jpg,Not Applicable
V62GVA2-Qro,ishow,9/17/2023,21:28:43,2:38:17,9497,1249156,50554,1819,4.05,0.15,,Variety Stream,Stream,True,https://i.ytimg.com/vi/V62GVA2-Qro/hqdefault.jpg,Not Applicable
_DX1kkSHzA4,OH LA LA LA,9/17/2023,0:32:43,4:41:08,16868,1292393,51510,1312,3.99,0.1,,Variety Stream,Stream,True,https://i.ytimg.com/vi/_DX1kkSHzA4/hqdefault.jpg,Not Applicable
TW-FYGdiCFc,charity match post game  ft. rio ferdinand,9/11/2023,13:38:09,35:50:00,2150,977901,53738,2017,5.5,0.21,,Sports,Stream,True,https://i.ytimg.com/vi/TW-FYGdiCFc/hqdefault.jpg,Brazil
dlHBYIRYZmI,irl Training with KSI,9/7/2023,15:00:01,23:38,1418,1596459,67903,2478,4.25,0.16,['KSI'],IRL / Vlog,Stream,True,https://i.ytimg.com/vi/dlHBYIRYZmI/hqdefault.jpg,Not Applicable
oqMJndOaHgs,Scotland🏴󠁧󠁢󠁳󠁣󠁴󠁿 irl stream,9/4/2023,17:52:29,1:20:56,4856,1834283,71962,4203,3.92,0.23,,IRL / Vlog,Stream,True,https://i.ytimg.com/vi/oqMJndOaHgs/hqdefault.jpg,Not Applicable
N-TdosgR8ys,❤( ͡❛ ͜ʖ ͡❛)❤,8/30/2023,1:00:02,3:31:58,12718,2348916,70492,4169,3.0,0.18,,Variety Stream,Stream,True,https://i.ytimg.com/vi/N-TdosgR8ys/hqdefault.jpg,Not Applicable
5Z5eKNATf0c,20 million....,8/27/2023,2:26:00,30:03:00,1803,4214227,202461,21833,4.8,0.52,,Variety Stream,Stream,True,https://i.ytimg.com/vi/5Z5eKNATf0c/hqdefault.jpg,Not Applicable
_bbxAp_podo,not ending til 20 million....,8/27/2023,2:19:33,5:50:14,21014,4274969,179685,2356,4.2,0.06,,Variety Stream,Stream,True,https://i.ytimg.com/vi/_bbxAp_podo/hqdefault.jpg,Not Applicable
Q9A2QpRLyOs,YOU,8/24/2023,23:51:47,4:52:05,17525,2813494,113701,6192,4.04,0.22,,Variety Stream,Stream,True,https://i.ytimg.com/vi/Q9A2QpRLyOs/hqdefault.jpg,Not Applicable
zyRSsFW0Zfo,Messi is in ohio! Meeting Him now!,8/24/2023,2:31:19,3:04:18,11058,2440175,86320,4831,3.54,0.2,['Messi'],IRL / Vlog,Stream,True,https://i.ytimg.com/vi/zyRSsFW0Zfo/hqdefault.jpg,Not Applicable
cCBu7tfF6po,missed,8/22/2023,22:48:16,2:59:44,10784,4629722,151639,16056,3.28,0.35,,Variety Stream,Stream,True,https://i.ytimg.com/vi/cCBu7tfF6po/hqdefault.jpg,Not Applicable
l7-p-dbN93I,over,8/18/2023,20:53:27,1:41:03,6063,6148290,230371,55751,3.75,0.91,,Variety Stream,Stream,True,https://i.ytimg.com/vi/l7-p-dbN93I/hqdefault.jpg,Not Applicable
UTt2yVDyhhI,hes ALIVE!,8/15/2023,20:13:45,1:01:53,3713,4938506,193434,22746,3.92,0.46,,IRL / Vlog,Stream,True,https://i.ytimg.com/vi/UTt2yVDyhhI/hqdefault.jpg,Not Applicable
YbGrqtF5Ucg,19  million....... (hospital stream),8/3/2023,18:44:37,8:21,501,6290093,396010,31756,6.3,0.5,,Gaming,Stream,True,https://i.ytimg.com/vi/YbGrqtF5Ucg/hqdefault.jpg,Not Applicable
zBJYnWD5Ie4,idk man💔,7/31/2023,9:53:42,2:22,142,9308479,463775,90698,4.98,0.97,,Misc,Regular Video,False,https://i.ytimg.com/vi/zBJYnWD5Ie4/hqdefault.jpg,Not Applicable
tcJmqS-oRkE,💔,7/30/2023,2:29:56,1:04,64,6997201,371143,63738,5.3,0.91,,Misc,Regular Video,False,https://i.ytimg.com/vi/tcJmqS-oRkE/hqdefault.jpg,Not Applicable
xrR9C4JY-rY,i might die bye,7/28/2023,18:00:28,55,55,14170097,688744,59931,4.86,0.42,,Misc,Shorts,False,https://i.ytimg.com/vi/xrR9C4JY-rY/hqdefault.jpg,Not Applicable
43FWcNXB3fY,Training with Cristiano Ronaldo🇵🇹,7/26/2023,10:08:45,19:36,1176,2817982,97019,2841,3.44,0.1,['Ronaldo'],Sports,Stream,True,https://i.ytimg.com/vi/43FWcNXB3fY/hqdefault.jpg,Portugal
3UPa7m8DQHM,I Met Neymar🇧🇷,7/25/2023,15:23:54,1:00,60,30991478,2178912,13521,7.03,0.04,['Neymar'],Sports,Shorts,False,https://i.ytimg.com/vi/3UPa7m8DQHM/hqdefault.jpg,Brazil
fLOnU1h5c6w,Eu Prado No Bailo With Neymar🇧🇷,7/25/2023,15:22:30,13,13,24431106,1260103,12558,5.16,0.05,['Neymar'],Sports,Shorts,False,https://i.ytimg.com/vi/fLOnU1h5c6w/hqdefault.jpg,Brazil
1_Bq5WjG930,i met neymar 🇧🇷,7/25/2023,15:11:17,4:10,250,5670100,300422,13644,5.3,0.24,['Neymar'],Sports,Regular Video,False,https://i.ytimg.com/vi/1_Bq5WjG930/hqdefault.jpg,Brazil
iVnVvmfOUvM,Meeting Neymar In Japan 🇯🇵,7/25/2023,14:50:04,4:09:16,14956,6359548,163662,3003,2.57,0.05,['Neymar'],Sports,Stream,True,https://i.ytimg.com/vi/iVnVvmfOUvM/hqdefault.jpg,Japan
tNEko_osGzI,REAL FAN HERE,7/23/2023,21:47:59,3:03:57,11037,1698376,60745,1962,3.58,0.12,,Variety Stream,Stream,True,https://i.ytimg.com/vi/tNEko_osGzI/hqdefault.jpg,Not Applicable
aACgNLJHJco,Messi Looked At Me!,7/22/2023,2:36:51,16,16,17674698,992954,7908,5.62,0.04,['Messi'],Sports,Shorts,False,https://i.ytimg.com/vi/aACgNLJHJco/hqdefault.jpg,Not Applicable
8dGMkgZSbFc,Meeting Messi irl live stream🥰,7/22/2023,2:25:25,53:07:00,3187,2249667,81907,4397,3.64,0.2,['Messi'],IRL / Vlog,Stream,True,https://i.ytimg.com/vi/8dGMkgZSbFc/hqdefault.jpg,Not Applicable
D9XRVAqLD-8,Life In Japan,7/20/2023,15:27:18,11:59,719,4039161,167177,7931,4.14,0.2,,IRL / Vlog,Regular Video,False,https://i.ytimg.com/vi/D9XRVAqLD-8/hqdefault.jpg,Japan
Yh9oZElmq3c,oii how ya !,7/19/2023,21:45:39,3:07:00,11220,1400693,53359,1743,3.81,0.12,,Variety Stream,Stream,True,https://i.ytimg.com/vi/Yh9oZElmq3c/hqdefault.jpg,Not Applicable
8tpisTASqAE,Life After I Met Ronaldo,7/17/2023,11:00:09,9:54,594,2179082,102367,4197,4.7,0.19,['Ronaldo'],IRL / Vlog,Regular Video,False,https://i.ytimg.com/vi/8tpisTASqAE/hqdefault.jpg,Not Applicable
wN1o1AuYceI,I Rented a Girlfriend in Japan irl livestream🇯🇵,7/15/2023,13:01:41,4:18:07,15487,10958231,328493,21844,3.0,0.2,,IRL / Vlog,Stream,True,https://i.ytimg.com/vi/wN1o1AuYceI/hqdefault.jpg,Japan
sZIPaQUc4uc,irl stream in Japan 🇯🇵,7/14/2023,9:24:44,2:21:43,8503,1753419,63624,2838,3.63,0.16,,IRL / Vlog,Stream,True,https://i.ytimg.com/vi/sZIPaQUc4uc/hqdefault.jpg,Japan
xiP52BNP8s8,I Performed For the First time at Rolling loud🇵🇹 **EMOTIONAL**,7/8/2023,12:10:58,6:02,362,2812649,135009,6872,4.8,0.24,,IRL / Vlog,Regular Video,False,https://i.ytimg.com/vi/xiP52BNP8s8/hqdefault.jpg,Portugal
Dvsvm2CX6UY,First Time Performing irl rolling loud🇵🇹,7/7/2023,20:17:25,19:27,1167,1547191,70565,2570,4.56,0.17,,IRL / Vlog,Stream,True,https://i.ytimg.com/vi/Dvsvm2CX6UY/hqdefault.jpg,Portugal
eIXMhnjbnxU,IShowSpeed - Portuginies  (Official Music Video) {Prod. Dj Scheme},7/5/2023,17:00:12,3:00,180,11985724,560638,32555,4.68,0.27,['DJ Scheme'],Music,Stream,True,https://i.ytimg.com/vi/eIXMhnjbnxU/hqdefault.jpg,Not Applicable
9GqleawQNro,4th of July irl fireworks 💥,7/3/2023,20:29:42,1:34:26,5666,1897703,84777,2706,4.47,0.14,,IRL / Vlog,Stream,True,https://i.ytimg.com/vi/9GqleawQNro/hqdefault.jpg,Not Applicable
Wdd4cg5lFqw,june vlog,7/1/2023,17:30:04,13:26,806,1801065,98061,7642,5.44,0.42,,IRL / Vlog,Regular Video,False,https://i.ytimg.com/vi/Wdd4cg5lFqw/hqdefault.jpg,Not Applicable
nkyxs9zh_tQ,18 miliion.......,6/30/2023,22:13:02,3:50:32,13832,5105575,198000,9093,3.88,0.18,,Variety Stream,Stream,True,https://i.ytimg.com/vi/nkyxs9zh_tQ/hqdefault.jpg,Not Applicable
EJieNxPmPsA,‎,6/29/2023,23:16:52,3:31:04,12664,2251612,81903,1891,3.64,0.08,,Variety Stream,Stream,True,https://i.ytimg.com/vi/EJieNxPmPsA/hqdefault.jpg,Not Applicable
J48sgnjRw7I,BEATING ONLY UP,6/27/2023,0:09:11,4:38:35,16715,7498635,242319,8395,3.23,0.11,,Gaming,Stream,True,https://i.ytimg.com/vi/J48sgnjRw7I/hqdefault.jpg,Not Applicable
xuYADcm-EzE,going up,6/26/2023,1:30:06,6:03:54,21834,2618715,92024,1865,3.51,0.07,,Gaming,Stream,True,https://i.ytimg.com/vi/xuYADcm-EzE/hqdefault.jpg,Not Applicable
XMUOoHbxR0Q,mission completed,6/23/2023,21:43:30,3:00:05,10805,1769364,71250,1647,4.03,0.09,,Gaming,Stream,True,https://i.ytimg.com/vi/XMUOoHbxR0Q/hqdefault.jpg,Not Applicable
dTRlMCdVJkk,i met ronaldooooooooooooooo turn yppppppp,6/19/2023,17:54:22,30:26:00,1826,2124483,140862,3788,6.63,0.18,['Ronaldo'],Sports,Stream,True,https://i.ytimg.com/vi/dTRlMCdVJkk/hqdefault.jpg,Not Applicable
Uv1PyE8J38w,I Met Cristiano Ronaldo🇵🇹,6/17/2023,22:59:06,1:01,61,312319627,18297844,115293,5.86,0.04,['Ronaldo'],Sports,Regular Video,False,https://i.ytimg.com/vi/Uv1PyE8J38w/hqdefault.jpg,Portugal
O2JWQd_y1Ww,irl Portugal Game🇵🇹 Meeting Ronaldo,6/17/2023,22:01:49,3:17:09,11829,19855215,544081,19694,2.74,0.1,['Ronaldo'],IRL / Vlog,Stream,True,https://i.ytimg.com/vi/O2JWQd_y1Ww/hqdefault.jpg,Portugal
Fiq9XMRr4jg,i met ronaldo 🇵🇹,6/17/2023,22:00:51,6:12,372,23745225,1704051,74496,7.18,0.31,['Ronaldo'],Sports,Regular Video,False,https://i.ytimg.com/vi/Fiq9XMRr4jg/hqdefault.jpg,Portugal
oiCk3iFsyMw,17million......,6/16/2023,13:31:40,59:08:00,3548,1592020,80107,2691,5.03,0.17,,Variety Stream,Stream,True,https://i.ytimg.com/vi/oiCk3iFsyMw/hqdefault.jpg,Not Applicable
7i0Fus1og5Q,flawless,6/14/2023,22:54:48,3:43:53,13433,1067796,40508,1068,3.79,0.1,,Variety Stream,Stream,True,https://i.ytimg.com/vi/7i0Fus1og5Q/hqdefault.jpg,Not Applicable
ysXIcTYWi-w,irl Graduation Stream🎓,6/12/2023,20:45:42,32:55:00,1975,1529950,58557,2871,3.83,0.19,,IRL / Vlog,Stream,True,https://i.ytimg.com/vi/ysXIcTYWi-w/hqdefault.jpg,Not Applicable
JHnfP0uMcLU,irl UCL Final Strean Man City🏴󠁧󠁢󠁥󠁮󠁧󠁿 Vs Inter Milan🇮🇹,6/10/2023,21:16:04,2:01:51,7311,1551594,48384,1113,3.12,0.07,,IRL / Vlog,Stream,True,https://i.ytimg.com/vi/JHnfP0uMcLU/hqdefault.jpg,Italy
RHa2eBio4hI,irl live  in Turkey 🇹🇷,6/10/2023,14:40:37,1:32:38,5558,2149143,86277,5981,4.01,0.28,,IRL / Vlog,Stream,True,https://i.ytimg.com/vi/RHa2eBio4hI/hqdefault.jpg,Türkiye
Muop0iFtNBE,mannnn CR7 GOAT,6/7/2023,20:38:46,2:31:13,9073,998587,42214,946,4.23,0.09,,Variety Stream,Stream,True,https://i.ytimg.com/vi/Muop0iFtNBE/hqdefault.jpg,Not Applicable
B4Q37W7vkm8,irl live stream in France Paris🇫🇷,6/5/2023,20:09:29,2:09:58,7798,1499303,56284,2239,3.75,0.15,,IRL / Vlog,Stream,True,https://i.ytimg.com/vi/B4Q37W7vkm8/hqdefault.jpg,France
sMcvrwmZxEU,big speed is wassgood👑,6/4/2023,21:03:08,2:16:50,8210,866533,33345,847,3.85,0.1,,Variety Stream,Stream,True,https://i.ytimg.com/vi/sMcvrwmZxEU/hqdefault.jpg,Not Applicable
gYTXxjcY9bI,Fa cup Final Man United Vs Mancity irl Live stream!!!,6/3/2023,15:05:51,59:10:00,3550,1255693,46452,1710,3.7,0.14,,IRL / Vlog,Stream,True,https://i.ytimg.com/vi/gYTXxjcY9bI/hqdefault.jpg,Not Applicable
9iuHwsKOz70,irl live football stream with RECEBA 🇧🇷 in london🇬🇧,5/31/2023,20:47:00,1:50:45,6645,1132145,49433,928,4.37,0.08,,Gaming,Stream,True,https://i.ytimg.com/vi/9iuHwsKOz70/hqdefault.jpg,Brazil
KvUA1AntV7s,WE FOREVER TURNT,5/28/2023,22:22:12,3:43:19,13399,1176357,37644,1213,3.2,0.1,,Variety Stream,Stream,True,https://i.ytimg.com/vi/KvUA1AntV7s/hqdefault.jpg,Not Applicable
crmVu9zB064,ouija,5/23/2023,22:49:09,4:02:57,14577,1262799,39363,1287,3.12,0.1,,Variety Stream,Stream,True,https://i.ytimg.com/vi/crmVu9zB064/hqdefault.jpg,Not Applicable
S6oMXpL9u2k,naturaually air rigtnowwww,5/22/2023,22:17:35,2:44:20,9860,921741,31633,793,3.43,0.09,,Variety Stream,Stream,True,https://i.ytimg.com/vi/S6oMXpL9u2k/hqdefault.jpg,Not Applicable
wa_LHwZ9gUU,"irl mall shopping spree stream $50,000",5/21/2023,20:20:23,2:04:21,7461,2226337,67724,1790,3.04,0.08,,IRL / Vlog,Stream,True,https://i.ytimg.com/vi/wa_LHwZ9gUU/hqdefault.jpg,Not Applicable
nT7k91CUHXU,im BIG BRO,5/19/2023,23:59:56,3:25:41,12341,1287528,42437,1198,3.3,0.09,,Variety Stream,Stream,True,https://i.ytimg.com/vi/nT7k91CUHXU/hqdefault.jpg,Not Applicable
Qr_ZnylBqjU,click here if ronaldo the goat ⚡🇵🇹,5/19/2023,0:25:50,4:33:19,16399,1943506,70668,2083,3.64,0.11,['Ronaldo'],Sports,Stream,True,https://i.ytimg.com/vi/Qr_ZnylBqjU/hqdefault.jpg,Portugal
t1A8sdn6_hE,amigos herelive,5/17/2023,1:41:46,4:59:31,17971,956665,32885,1201,3.44,0.13,,IRL / Vlog,Stream,True,https://i.ytimg.com/vi/t1A8sdn6_hE/hqdefault.jpg,Not Applicable
M8P8F6a9VAY,The Kai N Speed Show... (Official Teaser),5/15/2023,20:15:22,1:19,79,3420611,173367,7705,5.07,0.23,['Kai'],Misc,Regular Video,False,https://i.ytimg.com/vi/M8P8F6a9VAY/hqdefault.jpg,Not Applicable
L2L9wxeipDk,MOTHERS DAY ❤️,5/14/2023,22:09:53,3:31:09,12669,980733,37676,1081,3.84,0.11,,IRL / Vlog,Stream,True,https://i.ytimg.com/vi/L2L9wxeipDk/hqdefault.jpg,Not Applicable
m6pZg8_PPhY,KING,5/11/2023,22:18:00,2:59:18,10758,1036351,37566,1286,3.62,0.12,,Variety Stream,Stream,True,https://i.ytimg.com/vi/m6pZg8_PPhY/hqdefault.jpg,Not Applicable
5Bp9IgDtm5c,siiiiiiiiiiiii,5/10/2023,22:31:26,3:30:10,12610,907499,34100,901,3.76,0.1,,Variety Stream,Stream,True,https://i.ytimg.com/vi/5Bp9IgDtm5c/hqdefault.jpg,Not Applicable
Esh9LTfyuzc,???,5/7/2023,22:38:04,3:14:39,11679,895769,31856,1216,3.56,0.14,,Variety Stream,Stream,True,https://i.ytimg.com/vi/Esh9LTfyuzc/hqdefault.jpg,Not Applicable
SZqCvbxiCZo,\\\\\\\\\\\\\\\\\\\\\\\\\\\,5/3/2023,22:33:29,2:53:12,10392,1173515,37448,1602,3.19,0.14,,Variety Stream,Stream,True,https://i.ytimg.com/vi/SZqCvbxiCZo/hqdefault.jpg,Not Applicable
aUfPGFonxkg,LAST DAY OF THE MOTNH,4/30/2023,23:25:54,3:36:34,12994,1164474,38607,2481,3.32,0.21,,IRL / Vlog,Stream,True,https://i.ytimg.com/vi/aUfPGFonxkg/hqdefault.jpg,Not Applicable
TlvoCTwFzOQ,hav6we fun,4/30/2023,0:31:56,5:00:48,18048,1611790,50944,2154,3.16,0.13,,Variety Stream,Stream,True,https://i.ytimg.com/vi/TlvoCTwFzOQ/hqdefault.jpg,Not Applicable
aWKtAqIUEl4,IShowSpeed & Kai Cenat - Dogs (Official Music Video),4/27/2023,19:00:07,1:41,101,13257904,580441,28983,4.38,0.22,['Kai'],Music,Stream,True,https://i.ytimg.com/vi/aWKtAqIUEl4/hqdefault.jpg,Not Applicable
aMbygeLHhYY,irl prom date stream,4/23/2023,1:14:29,3:21:08,12068,5541510,160148,9121,2.89,0.16,,IRL / Vlog,Stream,True,https://i.ytimg.com/vi/aMbygeLHhYY/hqdefault.jpg,Not Applicable
XwVfMfjmBkg,irl football stream,4/21/2023,23:59:19,2:12:54,7974,990265,43477,1074,4.39,0.11,,Gaming,Stream,True,https://i.ytimg.com/vi/XwVfMfjmBkg/hqdefault.jpg,Not Applicable
Hb5V2zgfq6Y,eid muhbark,4/20/2023,21:57:37,3:31:26,12686,1039095,45866,1698,4.41,0.16,,Variety Stream,Stream,True,https://i.ytimg.com/vi/Hb5V2zgfq6Y/hqdefault.jpg,Not Applicable
5puTVKIMBdg,mmmmmmmmmmm,4/16/2023,23:32:46,2:55:48,10548,1528438,43315,1134,2.83,0.07,,Variety Stream,Stream,True,https://i.ytimg.com/vi/5puTVKIMBdg/hqdefault.jpg,Not Applicable
7J_miuUw46c,who is the goat?,4/15/2023,22:13:54,2:11:45,7905,878920,29119,1043,3.31,0.12,,Variety Stream,Stream,True,https://i.ytimg.com/vi/7J_miuUw46c/hqdefault.jpg,Not Applicable
G0iMrPuPjZo,healed,4/14/2023,20:53:39,2:25:59,8759,950156,37170,895,3.91,0.09,,Variety Stream,Stream,True,https://i.ytimg.com/vi/G0iMrPuPjZo/hqdefault.jpg,Not Applicable
t-RMVq_6hTQ,irl wisdom tooth surgery pt2,4/10/2023,17:13:06,1:05:56,3956,1125538,41229,2785,3.66,0.25,,IRL / Vlog,Stream,True,https://i.ytimg.com/vi/t-RMVq_6hTQ/hqdefault.jpg,Not Applicable
ZLduABi5lJQ,ITS EASTER,4/9/2023,23:15:01,4:25:06,15906,1221365,43456,942,3.56,0.08,,Variety Stream,Stream,True,https://i.ytimg.com/vi/ZLduABi5lJQ/hqdefault.jpg,Not Applicable
PeXJEUuBT04,8-Apr-23,4/8/2023,23:58:21,1:01,61,8282516,414744,17066,5.01,0.21,,Misc,Regular Video,False,https://i.ytimg.com/vi/PeXJEUuBT04/hqdefault.jpg,Not Applicable
lwYAndmhGO8,(─‿‿─)♡,4/7/2023,2:06:36,4:19:00,15540,1291716,47837,1171,3.7,0.09,,Variety Stream,Stream,True,https://i.ytimg.com/vi/lwYAndmhGO8/hqdefault.jpg,Not Applicable
sHK03FstNZE,I Went To The Ronaldo Island……,4/5/2023,16:10:00,10:45,645,5258286,194021,10184,3.69,0.19,['Ronaldo'],IRL / Vlog,Regular Video,False,https://i.ytimg.com/vi/sHK03FstNZE/hqdefault.jpg,Not Applicable
tn7xBBA1UJ8,april fools,4/1/2023,23:00:12,3:10:58,11458,1404043,49399,1476,3.52,0.11,,Variety Stream,Stream,True,https://i.ytimg.com/vi/tn7xBBA1UJ8/hqdefault.jpg,Not Applicable
_yRxMWMu_t4,i’m quitting youtube💔,4/1/2023,0:05:59,1:04,64,3186713,224278,54161,7.04,1.7,,Misc,Regular Video,False,https://i.ytimg.com/vi/_yRxMWMu_t4/hqdefault.jpg,Not Applicable
HH8WV_fqxSA,speed kills,3/30/2023,22:57:33,2:16:05,8165,1368283,48181,1923,3.52,0.14,,Variety Stream,Stream,True,https://i.ytimg.com/vi/HH8WV_fqxSA/hqdefault.jpg,Not Applicable
uutyrTM2ypQ,voltei ⚡,3/29/2023,21:15:59,2:50:19,10219,1204387,53773,833,4.46,0.07,,Variety Stream,Stream,True,https://i.ytimg.com/vi/uutyrTM2ypQ/hqdefault.jpg,Not Applicable
AI32Q8fYmXs,irl beach stream in Portugal🌊🏝️,3/26/2023,19:14:19,1:26:00,5160,1434430,75288,1469,5.25,0.1,,IRL / Vlog,Stream,True,https://i.ytimg.com/vi/AI32Q8fYmXs/hqdefault.jpg,Portugal
YaHqNLiCbgI,meeting rafeal leo and joao felix🇵🇹,3/24/2023,0:56:55,12:20,740,2263461,116693,2459,5.16,0.11,,Sports,Stream,True,https://i.ytimg.com/vi/YaHqNLiCbgI/hqdefault.jpg,Portugal
EFRY22vYbR0,irl stream at Portugal Game Meeting Ronaldo🇵🇹,3/23/2023,22:20:17,2:55:34,10534,2873564,129203,3047,4.5,0.11,['Ronaldo'],IRL / Vlog,Stream,True,https://i.ytimg.com/vi/EFRY22vYbR0/hqdefault.jpg,Portugal
R2v3Sui_9WA,irl stream in Portugal🇵🇹Finding Ronaldo,3/23/2023,14:59:25,44:59:00,2699,1380994,74902,2002,5.42,0.14,['Ronaldo'],IRL / Vlog,Stream,True,https://i.ytimg.com/vi/R2v3Sui_9WA/hqdefault.jpg,Portugal
PhTIpl6Fr7Q,apologies,3/21/2023,21:23:26,3:13:37,11617,1582799,58328,1388,3.69,0.09,,Variety Stream,Stream,True,https://i.ytimg.com/vi/PhTIpl6Fr7Q/hqdefault.jpg,Not Applicable
wNmX0IhnVGc,bald,3/20/2023,23:28:00,1:56:52,7012,1493865,57042,1270,3.82,0.09,,Variety Stream,Stream,True,https://i.ytimg.com/vi/wNmX0IhnVGc/hqdefault.jpg,Not Applicable
mAbnPMJdnIY,❍⌇─➭ speed﹀﹀ ︵↷,3/17/2023,23:16:40,3:29:19,12559,2192828,73346,1810,3.34,0.08,,Variety Stream,Stream,True,https://i.ytimg.com/vi/mAbnPMJdnIY/hqdefault.jpg,Not Applicable
5QXsUbElfJs,UCL ISHOWSPEED LIVE 🔴,3/16/2023,22:51:45,3:05:36,11136,1464126,58955,1184,4.03,0.08,,IRL / Vlog,Stream,True,https://i.ytimg.com/vi/5QXsUbElfJs/hqdefault.jpg,Not Applicable
Ve_dU00kNi4,16  million...,3/15/2023,12:59:21,25:10:00,1510,1297132,86211,4150,6.65,0.32,,Variety Stream,Stream,True,https://i.ytimg.com/vi/Ve_dU00kNi4/hqdefault.jpg,Not Applicable
zFBEE3gtsoA,रफ़्तार sui,3/15/2023,0:19:08,2:37:12,9432,1616643,61735,1406,3.82,0.09,,Variety Stream,Stream,True,https://i.ytimg.com/vi/zFBEE3gtsoA/hqdefault.jpg,Not Applicable
GCCLwl4TIK8,push it to the top,3/14/2023,0:23:30,4:10:56,15056,1780141,67817,1110,3.81,0.06,,Variety Stream,Stream,True,https://i.ytimg.com/vi/GCCLwl4TIK8/hqdefault.jpg,Not Applicable
Pj1kbnhoSV0,速度复来,3/12/2023,23:04:58,3:33:22,12802,2668198,73970,1706,2.77,0.06,,Variety Stream,Stream,True,https://i.ytimg.com/vi/Pj1kbnhoSV0/hqdefault.jpg,Not Applicable
CnCTwu1ZZUY,SUPER SMASH SATURDAY,3/11/2023,22:06:57,2:58:35,10715,1536942,60366,1112,3.93,0.07,,Variety Stream,Stream,True,https://i.ytimg.com/vi/CnCTwu1ZZUY/hqdefault.jpg,Not Applicable
J0ZZ4lEjewE,2026,3/10/2023,21:59:40,3:03:30,11010,1629108,60670,1493,3.72,0.09,,Variety Stream,Stream,True,https://i.ytimg.com/vi/J0ZZ4lEjewE/hqdefault.jpg,Not Applicable
Gj2r9NMqPVI,messi please loose,3/8/2023,22:39:56,2:50:35,10235,1168822,47874,1013,4.1,0.09,['Messi'],Sports,Stream,True,https://i.ytimg.com/vi/Gj2r9NMqPVI/hqdefault.jpg,Not Applicable
zBnozqiJ6wI,long long time,3/7/2023,21:36:34,3:04:54,11094,1387163,61857,1304,4.46,0.09,,Variety Stream,Stream,True,https://i.ytimg.com/vi/zBnozqiJ6wI/hqdefault.jpg,Not Applicable
XuamvHu-MXo,I Went Snowboarding...,3/6/2023,18:00:23,16:18,978,4204295,206370,7436,4.91,0.18,,IRL / Vlog,Regular Video,False,https://i.ytimg.com/vi/XuamvHu-MXo/hqdefault.jpg,Not Applicable
YruX3Vn8LCE,sunday live XD,2/26/2023,22:44:55,1:31:59,5519,1401219,41877,2459,2.99,0.18,,IRL / Vlog,Stream,True,https://i.ytimg.com/vi/YruX3Vn8LCE/hqdefault.jpg,Not Applicable
f1j_3vUMsNA,NEVER STOP,2/26/2023,1:18:51,3:41:07,13267,2486493,70937,1868,2.85,0.08,,Variety Stream,Stream,True,https://i.ytimg.com/vi/f1j_3vUMsNA/hqdefault.jpg,Not Applicable
d8YP34ToWos,its friday friday gotta get down on friday,2/25/2023,0:28:17,3:04:54,11094,1276429,36504,785,2.86,0.06,,IRL / Vlog,Stream,True,https://i.ytimg.com/vi/d8YP34ToWos/hqdefault.jpg,Not Applicable
3PfEVKiSSUw,🚄🏍🏎️💨🏁⚡,2/22/2023,23:08:01,3:09:01,11341,3134242,79362,2711,2.53,0.09,,Variety Stream,Stream,True,https://i.ytimg.com/vi/3PfEVKiSSUw/hqdefault.jpg,Not Applicable
obkouEkBf6I,🔴habbibi  speeeeeed🔴,2/21/2023,19:50:39,1:00:34,3634,989655,42712,1547,4.32,0.16,,Variety Stream,Stream,True,https://i.ytimg.com/vi/obkouEkBf6I/hqdefault.jpg,Not Applicable
aIU3HxVWUXI,ʕ•́ᴥ•̀ʔ,2/20/2023,23:55:19,3:34:32,12872,1595238,55669,1533,3.49,0.1,,Variety Stream,Stream,True,https://i.ytimg.com/vi/aIU3HxVWUXI/hqdefault.jpg,Not Applicable
2-U_H7AR7Ts,lovely,2/20/2023,1:29:18,2:43:12,9792,1418258,44734,996,3.15,0.07,,Variety Stream,Stream,True,https://i.ytimg.com/vi/2-U_H7AR7Ts/hqdefault.jpg,Not Applicable
uJsMuNyusS0,SATURDAY SPEED NIGHT,2/18/2023,21:56:38,4:34:24,16464,1520865,63404,1736,4.17,0.11,,IRL / Vlog,Stream,True,https://i.ytimg.com/vi/uJsMuNyusS0/hqdefault.jpg,Not Applicable
7xyvV7_dQZM,WEIRD DAY,2/16/2023,23:12:35,3:00:04,10804,1266875,46622,1087,3.68,0.09,,IRL / Vlog,Stream,True,https://i.ytimg.com/vi/7xyvV7_dQZM/hqdefault.jpg,Not Applicable
twqlsAg4R78,1:51pm,2/15/2023,23:13:26,2:54:33,10473,1296132,48562,1396,3.75,0.11,,Variety Stream,Stream,True,https://i.ytimg.com/vi/twqlsAg4R78/hqdefault.jpg,Not Applicable
IjpTl8Lzs-Y,VALENTINES DAY,2/14/2023,20:14:31,2:54:21,10461,1285956,50774,1217,3.95,0.09,,IRL / Vlog,Stream,True,https://i.ytimg.com/vi/IjpTl8Lzs-Y/hqdefault.jpg,Not Applicable
5en8Xr167Kc,assalumilakim,2/13/2023,23:13:33,4:47:15,17235,1378234,51878,1085,3.76,0.08,,Variety Stream,Stream,True,https://i.ytimg.com/vi/5en8Xr167Kc/hqdefault.jpg,Not Applicable
mgSYVhjGuQY,it is Sunday,2/12/2023,20:54:32,2:10:39,7839,1279661,44585,2272,3.48,0.18,,IRL / Vlog,Stream,True,https://i.ytimg.com/vi/mgSYVhjGuQY/hqdefault.jpg,Not Applicable
iG0BYlxHj-U,WEEK-END  hydg,2/12/2023,0:51:03,4:41:27,16887,1425642,47915,1565,3.36,0.11,,Variety Stream,Stream,True,https://i.ytimg.com/vi/iG0BYlxHj-U/hqdefault.jpg,Not Applicable
ZCu6vY5-bts,🔴  TODAY A GOOD DAY   🔴   SUIII,2/9/2023,23:42:18,4:25:48,15948,1549287,55700,2446,3.6,0.16,,IRL / Vlog,Stream,True,https://i.ytimg.com/vi/ZCu6vY5-bts/hqdefault.jpg,Not Applicable
J7_Ya7Xzamo,3/CR7/23,2/8/2023,0:05:45,3:21:48,12108,1227882,41709,1279,3.4,0.1,,Variety Stream,Stream,True,https://i.ytimg.com/vi/J7_Ya7Xzamo/hqdefault.jpg,Not Applicable
2g6S99TsltU,PRAYERS FOR TURKEY & SYRIA🙏,2/6/2023,23:20:38,2:57:17,10637,2206478,108655,5522,4.92,0.25,,Variety Stream,Stream,True,https://i.ytimg.com/vi/2g6S99TsltU/hqdefault.jpg,Not Applicable
HXEQS5afs_0,friiiiDAYYYY,2/4/2023,6:13:59,10:10:18,36618,3272013,92617,3086,2.83,0.09,,IRL / Vlog,Stream,True,https://i.ytimg.com/vi/HXEQS5afs_0/hqdefault.jpg,Not Applicable
QM8qD8yQ1ZI,#BHM,2/2/2023,22:45:23,2:41:46,9706,1348232,39284,902,2.91,0.07,,Variety Stream,Stream,True,https://i.ytimg.com/vi/QM8qD8yQ1ZI/hqdefault.jpg,Not Applicable
zX3auXaN5bg,FEBUARY 1st,2/1/2023,23:46:41,3:26:37,12397,1407206,48568,1121,3.45,0.08,,Variety Stream,Stream,True,https://i.ytimg.com/vi/zX3auXaN5bg/hqdefault.jpg,Not Applicable
XGcYlLIeP68,lets get it started,1/31/2023,0:49:32,3:50:36,13836,3390343,62744,1605,1.85,0.05,,Variety Stream,Stream,True,https://i.ytimg.com/vi/XGcYlLIeP68/hqdefault.jpg,Not Applicable
AIf1WvTbbto,WHO DEYYYY,1/29/2023,22:09:20,1:36:04,5764,1509512,54474,2393,3.61,0.16,,Variety Stream,Stream,True,https://i.ytimg.com/vi/AIf1WvTbbto/hqdefault.jpg,Not Applicable
HDHKsAF2k50,FUN FRIDAY XD,1/28/2023,0:46:19,3:47:57,13677,1531950,56492,1346,3.69,0.09,,IRL / Vlog,Stream,True,https://i.ytimg.com/vi/HDHKsAF2k50/hqdefault.jpg,Not Applicable
7nZKRtupRKg,S_PE_E_D,1/27/2023,0:59:46,4:00:07,14407,1524341,54124,1037,3.55,0.07,,Variety Stream,Stream,True,https://i.ytimg.com/vi/7nZKRtupRKg/hqdefault.jpg,Not Applicable
96tHbQN2obs,GROWN 1/25//23,1/25/2023,19:11:17,1:47:30,6450,1112090,46108,1181,4.15,0.11,,Variety Stream,Stream,True,https://i.ytimg.com/vi/96tHbQN2obs/hqdefault.jpg,Not Applicable
WkjBIB1Ra04,MY BIRTHDAY STREM,1/22/2023,0:32:58,1:30:41,5441,1655704,84473,3562,5.1,0.22,,IRL / Vlog,Stream,True,https://i.ytimg.com/vi/WkjBIB1Ra04/hqdefault.jpg,Not Applicable
kw5jBjPzbCE,i seen Ronaldo Vs Messi for the last time…..💔,1/19/2023,22:18:59,32:38:00,1958,3569228,143440,10001,4.02,0.28,"['Ronaldo', 'Messi']",Sports,Regular Video,False,https://i.ytimg.com/vi/kw5jBjPzbCE/hqdefault.jpg,Not Applicable
TbONtp_4EEk,the debate is over,1/19/2023,18:59:50,29,29,12723874,762199,43084,5.99,0.34,,Misc,Shorts,False,https://i.ytimg.com/vi/TbONtp_4EEk/hqdefault.jpg,Not Applicable
2DlTlM2Ekmc,Ronaldo Vs Messi irl stream! Al Nassar Vs PSG!,1/19/2023,18:43:31,44:37:00,2677,2242251,90341,1910,4.03,0.09,"['Ronaldo', 'Messi']",IRL / Vlog,Stream,True,https://i.ytimg.com/vi/2DlTlM2Ekmc/hqdefault.jpg,Not Applicable
VARmVMka0U8,Ronaldo Vs Messi irl stream! Al Nassar Vs PSG!,1/19/2023,17:13:30,8:21,501,845110,51390,555,6.08,0.07,"['Ronaldo', 'Messi']",IRL / Vlog,Stream,True,https://i.ytimg.com/vi/VARmVMka0U8/hqdefault.jpg,Not Applicable
ln0zywZV0I0,MLK DAY,1/17/2023,0:14:11,3:48:17,13697,2172548,71026,2058,3.27,0.09,,IRL / Vlog,Stream,True,https://i.ytimg.com/vi/ln0zywZV0I0/hqdefault.jpg,Not Applicable
c106awxYyto,4 u right,1/15/2023,21:44:35,1:30:25,5425,1218389,47497,1735,3.9,0.14,,Variety Stream,Stream,True,https://i.ytimg.com/vi/c106awxYyto/hqdefault.jpg,Not Applicable
vjo8CRYHK50,FUN FRIDDAY,1/14/2023,0:19:10,3:59:59,14399,1944169,68599,1544,3.53,0.08,,IRL / Vlog,Stream,True,https://i.ytimg.com/vi/vjo8CRYHK50/hqdefault.jpg,Not Applicable
p_dX5I3FtcQ,1/12/23 live🔴🔴🔴,1/12/2023,22:38:49,3:29:01,12541,1756520,54723,923,3.12,0.05,,IRL / Vlog,Stream,True,https://i.ytimg.com/vi/p_dX5I3FtcQ/hqdefault.jpg,Not Applicable
tODRfenOb74,GETTING A TATTOO  IRL,1/11/2023,21:49:40,2:41:52,9712,1593087,57855,1665,3.63,0.1,,IRL / Vlog,Stream,True,https://i.ytimg.com/vi/tODRfenOb74/hqdefault.jpg,Not Applicable
a1yRIGF5SE0,come on,1/9/2023,22:25:16,3:39:32,13172,1980076,77721,3244,3.93,0.16,,Variety Stream,Stream,True,https://i.ytimg.com/vi/a1yRIGF5SE0/hqdefault.jpg,Not Applicable
6tffIMh003s,NEW,1/9/2023,0:36:02,4:13:32,15212,2079048,68297,1533,3.29,0.07,,Variety Stream,Stream,True,https://i.ytimg.com/vi/6tffIMh003s/hqdefault.jpg,Not Applicable
8v5EbVkCSAs,aye yessss😆,1/7/2023,22:13:09,2:07:17,7637,1473510,50110,1606,3.4,0.11,,Variety Stream,Stream,True,https://i.ytimg.com/vi/8v5EbVkCSAs/hqdefault.jpg,Not Applicable
5QlQaQasGSI,welcome,1/5/2023,0:10:24,1:39:44,5984,1785803,66833,3235,3.74,0.18,,Variety Stream,Stream,True,https://i.ytimg.com/vi/5QlQaQasGSI/hqdefault.jpg,Not Applicable
ulcBdcIvJtE,😁😁,1/4/2023,0:23:11,2:06:29,7589,2388358,89301,2257,3.74,0.09,,Variety Stream,Stream,True,https://i.ytimg.com/vi/ulcBdcIvJtE/hqdefault.jpg,Not Applicable
d1i121KleAU,1/2/23 Liveee,1/2/2023,22:40:27,4:16:54,15414,2846160,109647,1420,3.85,0.05,,IRL / Vlog,Stream,True,https://i.ytimg.com/vi/d1i121KleAU/hqdefault.jpg,Not Applicable
G6CM8WpPVlo,NEW YEARS STREAM,1/1/2023,5:03:45,16:02,962,1082521,51144,2533,4.72,0.23,,Gaming,Stream,True,https://i.ytimg.com/vi/G6CM8WpPVlo/hqdefault.jpg,Not Applicable
7eE0TVHckwY,15 million.....,12/31/2022,15:39:17,25:49:00,1549,1940365,130722,6999,6.74,0.36,,Variety Stream,Stream,True,https://i.ytimg.com/vi/7eE0TVHckwY/hqdefault.jpg,Not Applicable
Cl-7LhCjUew,My Life In The Middle East,12/30/2022,17:00:07,17:40,1060,4021511,209237,9102,5.2,0.23,,IRL / Vlog,Regular Video,False,https://i.ytimg.com/vi/Cl-7LhCjUew/hqdefault.jpg,Not Applicable
kaPvjSw0D-o,i love yall rip PELEEE,12/29/2022,21:46:00,2:17:16,8236,1837429,83477,3022,4.54,0.16,,Variety Stream,Stream,True,https://i.ytimg.com/vi/kaPvjSw0D-o/hqdefault.jpg,Not Applicable
okCsjw3Kql0,livin life,12/28/2022,23:36:03,2:51:06,10266,1913909,75645,1377,3.95,0.07,,IRL / Vlog,Stream,True,https://i.ytimg.com/vi/okCsjw3Kql0/hqdefault.jpg,Not Applicable
UemuuYrYUcc,CHRISTMAS EVE,12/24/2022,22:42:37,2:26:22,8782,1902227,64320,1999,3.38,0.11,,Variety Stream,Stream,True,https://i.ytimg.com/vi/UemuuYrYUcc/hqdefault.jpg,Not Applicable
rd02WASWyl4,JUS FORTNITE,12/24/2022,20:12:46,1:41:29,6089,1609131,58503,1180,3.64,0.07,,Gaming,Stream,True,https://i.ytimg.com/vi/rd02WASWyl4/hqdefault.jpg,Not Applicable
vr5eco2rqQQ,wild,12/23/2022,21:23:02,2:21:50,8510,1800690,68509,2368,3.8,0.13,,Variety Stream,Stream,True,https://i.ytimg.com/vi/vr5eco2rqQQ/hqdefault.jpg,Not Applicable
ToyMpRid-bg,IM  ALMOST 20 YEARS OLD,12/22/2022,23:46:58,4:12:38,15158,2621600,96068,2359,3.66,0.09,,Variety Stream,Stream,True,https://i.ytimg.com/vi/ToyMpRid-bg/hqdefault.jpg,Not Applicable
CJCD7_c95FQ,5 year anniversry,12/21/2022,23:21:31,3:15:59,11759,2366137,88989,1504,3.76,0.06,,Variety Stream,Stream,True,https://i.ytimg.com/vi/CJCD7_c95FQ/hqdefault.jpg,Not Applicable
_E3nh7lrz4E,its over,12/20/2022,21:20:12,3:17:23,11843,3433670,156227,2970,4.55,0.09,,Variety Stream,Stream,True,https://i.ytimg.com/vi/_E3nh7lrz4E/hqdefault.jpg,Not Applicable
UekkyHFjtyY,irl World Cup Final 🏆 Argentina Vs France stream🇦🇷🇫🇷,12/18/2022,18:34:13,3:57:03,14223,19554865,503187,12684,2.57,0.06,,IRL / Vlog,Stream,True,https://i.ytimg.com/vi/UekkyHFjtyY/hqdefault.jpg,Argentina
OL1bsc5Boeg,irl at the Zoo Meeting Animals,12/16/2022,13:52:08,1:09:38,4178,3187500,145704,4212,4.57,0.13,,IRL / Vlog,Stream,True,https://i.ytimg.com/vi/OL1bsc5Boeg/hqdefault.jpg,Not Applicable
SpMZ8RxpJAA,irl World Cup Stream Meeting Messi,12/13/2022,20:53:17,2:04:36,7476,8585795,313001,6055,3.65,0.07,['Messi'],IRL / Vlog,Stream,True,https://i.ytimg.com/vi/SpMZ8RxpJAA/hqdefault.jpg,Not Applicable
sxkJB-j1eRw,irl Morroco vs Portugal meeting Ronaldo at World cup,12/10/2022,17:38:21,2:37:09,9429,11633627,456010,17749,3.92,0.15,['Ronaldo'],IRL / Vlog,Stream,True,https://i.ytimg.com/vi/sxkJB-j1eRw/hqdefault.jpg,Portugal
81GEDb9Qjj0,visiting a mosque in Abu Dahbi🇦🇪,12/8/2022,9:33:34,1:02:06,3726,1904117,102790,6197,5.4,0.33,,Variety Stream,Stream,True,https://i.ytimg.com/vi/81GEDb9Qjj0/hqdefault.jpg,United Arab Emirates
tGiC70EjlfY,irl stream at World Cup MEETING RONALDO,12/6/2022,21:04:15,2:26:32,8792,8832324,372707,3736,4.22,0.04,['Ronaldo'],IRL / Vlog,Stream,True,https://i.ytimg.com/vi/tGiC70EjlfY/hqdefault.jpg,Not Applicable
k3opbKFCgy8,Ronaldo is in the game,12/6/2022,20:55:35,17:00,1020,1968288,81393,2460,4.14,0.12,['Ronaldo'],Gaming,Stream,True,https://i.ytimg.com/vi/k3opbKFCgy8/hqdefault.jpg,Not Applicable
b-k4Rj91uoQ,irl stream in Qtar🇶🇦,12/6/2022,14:54:36,59:35:00,3575,1666061,91060,2132,5.47,0.13,,IRL / Vlog,Stream,True,https://i.ytimg.com/vi/b-k4Rj91uoQ/hqdefault.jpg,Qatar
eX06hIHeYOs,Fortnite Chapter 4 EVENT LIVE 🔴,12/3/2022,23:10:41,2:29:53,8993,2266677,74161,1425,3.27,0.06,,Gaming,Stream,True,https://i.ytimg.com/vi/eX06hIHeYOs/hqdefault.jpg,Not Applicable
ZR1f4veSiNE,3 more days....,12/2/2022,23:43:10,2:56:49,10609,1609969,52332,1367,3.25,0.08,,IRL / Vlog,Stream,True,https://i.ytimg.com/vi/ZR1f4veSiNE/hqdefault.jpg,Not Applicable
-3oqoJU2mbw,december 1st,12/1/2022,23:40:43,3:01:43,10903,1690176,62955,1533,3.72,0.09,,Variety Stream,Stream,True,https://i.ytimg.com/vi/-3oqoJU2mbw/hqdefault.jpg,Not Applicable
FPGY1D1lnVI,poland,11/30/2022,22:29:06,2:08:23,7703,1838114,76661,1287,4.17,0.07,,Variety Stream,Stream,True,https://i.ytimg.com/vi/FPGY1D1lnVI/hqdefault.jpg,Poland
8uZ6OU_OmDM,sleep stream,11/30/2022,1:04:58,1:03:50,3830,1424114,57256,2123,4.02,0.15,,Gaming,Stream,True,https://i.ytimg.com/vi/8uZ6OU_OmDM/hqdefault.jpg,Not Applicable
vsqFQ1V0nb8,a litttle sick........USA,11/29/2022,21:53:37,1:44:09,6249,1262473,46035,986,3.65,0.08,,Variety Stream,Stream,True,https://i.ytimg.com/vi/vsqFQ1V0nb8/hqdefault.jpg,Not Applicable
qXnLwtImuHM,bye bye Messi will he loose today? Argentina Vs Mexico,11/26/2022,22:05:55,3:02:09,10929,3296903,124829,3545,3.79,0.11,['Messi'],IRL / Vlog,Stream,True,https://i.ytimg.com/vi/qXnLwtImuHM/hqdefault.jpg,Argentina
PbWA_RNPL2c,USA Vs. England,11/25/2022,21:05:35,3:04:10,11050,2086262,70927,1289,3.4,0.06,,Sports,Stream,True,https://i.ytimg.com/vi/PbWA_RNPL2c/hqdefault.jpg,Not Applicable
Uif-KrurQlc,Portugal Vs. Ghana Watxh Party With SPEED,11/24/2022,18:08:33,2:00:55,7255,2603726,106645,1904,4.1,0.07,,IRL / Vlog,Stream,True,https://i.ytimg.com/vi/Uif-KrurQlc/hqdefault.jpg,Ghana
B1-eooea3_c,great  tuesday,11/23/2022,0:10:22,4:49:33,17373,2174271,74951,2025,3.45,0.09,,IRL / Vlog,Stream,True,https://i.ytimg.com/vi/B1-eooea3_c/hqdefault.jpg,Not Applicable
iZ08FzDYG_c,AWOKE,11/22/2022,1:36:49,4:19:23,15563,2161543,83535,2302,3.86,0.11,,Variety Stream,Stream,True,https://i.ytimg.com/vi/iZ08FzDYG_c/hqdefault.jpg,Not Applicable
YZhTAeAxwcU,meeting bradley,11/17/2022,23:23:23,16:07,967,1314152,56243,5521,4.28,0.42,,IRL / Vlog,Stream,True,https://i.ytimg.com/vi/YZhTAeAxwcU/hqdefault.jpg,Not Applicable
wL08QXd_ato,irl football stream in London🇬🇧,11/17/2022,18:53:47,1:24:41,5081,1653075,78226,2791,4.73,0.17,,Gaming,Stream,True,https://i.ytimg.com/vi/wL08QXd_ato/hqdefault.jpg,United Kingdom
id0J7F6mJaE,meeting ronaldo today at fullham,11/13/2022,17:32:58,2:14:47,8087,4809906,221628,2931,4.61,0.06,['Ronaldo'],Sports,Stream,True,https://i.ytimg.com/vi/id0J7F6mJaE/hqdefault.jpg,Not Applicable
wHteZbuhEco,13 million....,11/12/2022,20:09:22,2:35:49,9349,3913535,176913,4064,4.52,0.1,,Variety Stream,Stream,True,https://i.ytimg.com/vi/wHteZbuhEco/hqdefault.jpg,Not Applicable
OGS6S8Ed220,lil nas x speed,11/12/2022,16:12:48,21:28,1288,1663105,81158,4507,4.88,0.27,,Sports,Stream,True,https://i.ytimg.com/vi/OGS6S8Ed220/hqdefault.jpg,Not Applicable
RN9yYLmmDEQ,irl manchester Uk stream finding ronaldo + Man U game,11/10/2022,22:05:02,17:00,1020,1096452,58525,612,5.34,0.06,['Ronaldo'],IRL / Vlog,Stream,True,https://i.ytimg.com/vi/RN9yYLmmDEQ/hqdefault.jpg,UK
rQtgIm_Ncw4,irl man united stream meeting Ronaldo,11/10/2022,19:33:54,43:47:00,2627,3144941,127667,1577,4.06,0.05,['Ronaldo'],IRL / Vlog,Stream,True,https://i.ytimg.com/vi/rQtgIm_Ncw4/hqdefault.jpg,Not Applicable
sZBeXeCKZps,irl man united stream meeting ronaldo,11/10/2022,18:19:23,12:44,764,741390,23326,641,3.15,0.09,['Ronaldo'],IRL / Vlog,Stream,True,https://i.ytimg.com/vi/sZBeXeCKZps/hqdefault.jpg,Not Applicable
Huca-vpCkbA,irl manchester Uk stream finding ronaldo + Man U game,11/10/2022,16:45:57,5:21,321,656262,29171,1061,4.45,0.16,['Ronaldo'],IRL / Vlog,Stream,True,https://i.ytimg.com/vi/Huca-vpCkbA/hqdefault.jpg,UK
_pEMK52XVtM,irl manchester Uk stream finding ronaldo + Man U game,11/10/2022,16:33:32,11:29,689,1071501,48338,2600,4.51,0.24,['Ronaldo'],IRL / Vlog,Stream,True,https://i.ytimg.com/vi/_pEMK52XVtM/hqdefault.jpg,UK
fbkNKxszceo,irl gym stream ft. gymshark,11/9/2022,20:11:28,49:38:00,2978,1092195,58496,1135,5.36,0.1,,IRL / Vlog,Stream,True,https://i.ytimg.com/vi/fbkNKxszceo/hqdefault.jpg,Not Applicable
qQamVZYAjro,i feel sick,11/7/2022,0:37:01,3:02:51,10971,2200091,83599,1718,3.8,0.08,,Variety Stream,Stream,True,https://i.ytimg.com/vi/qQamVZYAjro/hqdefault.jpg,Not Applicable
fpx9af-VKws,LETS PLAY,11/6/2022,0:10:56,4:12:13,15133,2234408,80371,1061,3.6,0.05,,Gaming,Stream,True,https://i.ytimg.com/vi/fpx9af-VKws/hqdefault.jpg,Not Applicable
8n5dJwWXrbo,IShowSpeed - World Cup (Official Music Video),11/4/2022,19:09:10,4:30,270,175703674,4181566,214608,2.38,0.12,,Music,Stream,True,https://i.ytimg.com/vi/8n5dJwWXrbo/hqdefault.jpg,Not Applicable
XNi1XClOFxc,3 days strong pt.2,11/4/2022,0:22:32,2:31:07,9067,1756033,55667,1276,3.17,0.07,,IRL / Vlog,Stream,True,https://i.ytimg.com/vi/XNi1XClOFxc/hqdefault.jpg,Not Applicable
bRxnuiZpZXk,3 days strong,11/3/2022,19:50:26,38:39:00,2319,976855,39285,1649,4.02,0.17,,IRL / Vlog,Stream,True,https://i.ytimg.com/vi/bRxnuiZpZXk/hqdefault.jpg,Not Applicable
CIVPg1cNCEE,NO NUT NOVEMBER,11/2/2022,22:53:00,3:20:35,12035,2614994,99754,1547,3.81,0.06,,Variety Stream,Stream,True,https://i.ytimg.com/vi/CIVPg1cNCEE/hqdefault.jpg,Not Applicable
enRBpBuOiDE,irl trick or treat stream ft. adin,11/1/2022,3:15:47,1:21:44,4904,2537188,114911,2293,4.53,0.09,['Adin'],IRL / Vlog,Stream,True,https://i.ytimg.com/vi/enRBpBuOiDE/hqdefault.jpg,Not Applicable
WPjaAaL9Qd8,double date with dad,10/30/2022,2:44:00,1:47:23,6443,3176558,126506,6183,3.98,0.19,,IRL / Vlog,Stream,True,https://i.ytimg.com/vi/WPjaAaL9Qd8/hqdefault.jpg,Not Applicable
JTnjhsD7GCo,Am I scary?,10/28/2022,21:28:47,9:38,578,3560586,209717,10646,5.89,0.3,,Misc,Regular Video,False,https://i.ytimg.com/vi/JTnjhsD7GCo/hqdefault.jpg,Not Applicable
5uoTmBlsdns,speed x kai,10/26/2022,22:50:22,1:59:08,7148,5689138,222789,9338,3.92,0.16,['Kai'],Sports,Stream,True,https://i.ytimg.com/vi/5uoTmBlsdns/hqdefault.jpg,Not Applicable
wNHYYieJ3Rs,hayyyyyyyyyy,10/26/2022,0:27:54,3:30:59,12659,2279574,76701,1611,3.36,0.07,,Variety Stream,Stream,True,https://i.ytimg.com/vi/wNHYYieJ3Rs/hqdefault.jpg,Not Applicable
7JetakNithU,who still goes to school?,10/24/2022,20:08:04,33,33,1139546,47797,3675,4.19,0.32,,IRL / Vlog,Stream,True,https://i.ytimg.com/vi/7JetakNithU/hqdefault.jpg,Not Applicable
SiH4QZl7kFQ,L,10/22/2022,21:36:57,2:39:33,9573,2125151,85064,1900,4.0,0.09,,Variety Stream,Stream,True,https://i.ytimg.com/vi/SiH4QZl7kFQ/hqdefault.jpg,Not Applicable
06USzzTsyCg,10/21/222 (friday),10/21/2022,23:52:26,3:22:07,12127,2021805,68773,1068,3.4,0.05,,IRL / Vlog,Stream,True,https://i.ytimg.com/vi/06USzzTsyCg/hqdefault.jpg,Not Applicable
QYHdonfhAGA,irl Halloween haunted house stream,10/15/2022,1:24:28,1:24:05,5045,7274571,333427,16953,4.58,0.23,,IRL / Vlog,Stream,True,https://i.ytimg.com/vi/QYHdonfhAGA/hqdefault.jpg,Not Applicable
qVxadf23_EE,700 merch link in bio,10/12/2022,22:01:01,3:43:28,13408,3461723,124143,2659,3.59,0.08,,Variety Stream,Stream,True,https://i.ytimg.com/vi/qVxadf23_EE/hqdefault.jpg,Not Applicable
vtpcuXhHVHQ,porocess,10/11/2022,20:59:13,1:49:57,6597,1358241,58546,1626,4.31,0.12,,Variety Stream,Stream,True,https://i.ytimg.com/vi/vtpcuXhHVHQ/hqdefault.jpg,Not Applicable
ynu9mbi4qyM,idk,10/9/2022,21:10:16,1:40:01,6001,2160858,81799,1804,3.79,0.08,,Variety Stream,Stream,True,https://i.ytimg.com/vi/ynu9mbi4qyM/hqdefault.jpg,Not Applicable
hHoyioHF5J8,unlucky,10/6/2022,21:42:33,2:33:48,9228,2414101,99996,2472,4.14,0.1,,Variety Stream,Stream,True,https://i.ytimg.com/vi/hHoyioHF5J8/hqdefault.jpg,Not Applicable
VPeii7rGD_s,My London Life,10/5/2022,23:09:47,17:30,1050,4989409,315429,9148,6.32,0.18,,IRL / Vlog,Regular Video,False,https://i.ytimg.com/vi/VPeii7rGD_s/hqdefault.jpg,UK
rjKxRdfIgjs,COMEBACK STREAM,10/5/2022,21:41:24,3:26:13,12373,3086394,147867,2282,4.79,0.07,,Gaming,Stream,True,https://i.ytimg.com/vi/rjKxRdfIgjs/hqdefault.jpg,Not Applicable
QdZQKm6_V9Y,irl stream in London UK🇬🇧,9/20/2022,17:56:03,59:23:00,3563,3676544,157446,7409,4.28,0.2,,IRL / Vlog,Stream,True,https://i.ytimg.com/vi/QdZQKm6_V9Y/hqdefault.jpg,United Kingdom
jROuVxBhEks,7,9/18/2022,20:30:55,1:46:06,6366,2641570,93453,3747,3.54,0.14,,Variety Stream,Stream,True,https://i.ytimg.com/vi/jROuVxBhEks/hqdefault.jpg,Not Applicable
Qeqd7HA4UMk,meet my girlfreind,9/16/2022,20:46:45,1:16:57,4617,4188823,134901,8299,3.22,0.2,,IRL / Vlog,Stream,True,https://i.ytimg.com/vi/Qeqd7HA4UMk/hqdefault.jpg,Not Applicable
xOx4aPdTM0c,COOKING WITH SPEED,9/15/2022,21:37:37,1:00:43,3643,1855776,70746,2260,3.81,0.12,,IRL / Vlog,Stream,True,https://i.ytimg.com/vi/xOx4aPdTM0c/hqdefault.jpg,Not Applicable
suchK_H_w7A,333,9/15/2022,0:14:09,4:20:00,15600,1941695,66413,1639,3.42,0.08,,Variety Stream,Stream,True,https://i.ytimg.com/vi/suchK_H_w7A/hqdefault.jpg,Not Applicable
yQ_IQPwZKTA,we back,9/13/2022,23:28:16,3:15:15,11715,1377923,45359,1336,3.29,0.1,,Variety Stream,Stream,True,https://i.ytimg.com/vi/yQ_IQPwZKTA/hqdefault.jpg,Not Applicable
4qGd-KX8JmQ,11-Sep,9/11/2022,21:13:37,2:07:19,7639,1567677,56474,2312,3.6,0.15,,Variety Stream,Stream,True,https://i.ytimg.com/vi/4qGd-KX8JmQ/hqdefault.jpg,Not Applicable
VF21sq7_bYg,0-1,9/11/2022,0:23:26,5:06:11,18371,1982830,69556,1546,3.51,0.08,,Variety Stream,Stream,True,https://i.ytimg.com/vi/VF21sq7_bYg/hqdefault.jpg,Not Applicable
ZC0I0GwrBlA,alright,9/7/2022,22:30:18,2:13:36,8016,2810273,86388,4059,3.07,0.14,,Variety Stream,Stream,True,https://i.ytimg.com/vi/ZC0I0GwrBlA/hqdefault.jpg,Not Applicable
NCKAa0miaPA,what happened,9/6/2022,21:05:31,1:43:56,6236,4542760,155666,7915,3.43,0.17,,Variety Stream,Stream,True,https://i.ytimg.com/vi/NCKAa0miaPA/hqdefault.jpg,Not Applicable
tKu1X7ISoMU,LARSENAL,9/4/2022,21:41:41,2:45:54,9954,1861260,71489,2149,3.84,0.12,,Variety Stream,Stream,True,https://i.ytimg.com/vi/tKu1X7ISoMU/hqdefault.jpg,Not Applicable
bz-AJQwHxjY,11 million........,9/3/2022,20:52:27,57:10:00,3430,1680599,101211,6725,6.02,0.4,,Variety Stream,Stream,True,https://i.ytimg.com/vi/bz-AJQwHxjY/hqdefault.jpg,Not Applicable
xa-_Xj9Bik0,no,9/2/2022,23:52:10,2:50:45,10245,1931249,73356,1983,3.8,0.1,,Variety Stream,Stream,True,https://i.ytimg.com/vi/xa-_Xj9Bik0/hqdefault.jpg,Not Applicable
66qRyvVsWjg,nopt gain,9/1/2022,23:59:20,1:53:14,6794,1461369,54887,1983,3.76,0.14,,Variety Stream,Stream,True,https://i.ytimg.com/vi/66qRyvVsWjg/hqdefault.jpg,Not Applicable
YYMj843Y_yw,s,8/29/2022,23:22:45,53:11:00,3191,1497897,52761,3444,3.52,0.23,,Variety Stream,Stream,True,https://i.ytimg.com/vi/YYMj843Y_yw/hqdefault.jpg,Not Applicable
TtQSZ0-pJsQ,my last football/soccer stream,8/28/2022,23:40:16,1:28:05,5285,1432299,63062,2144,4.4,0.15,,Gaming,Stream,True,https://i.ytimg.com/vi/TtQSZ0-pJsQ/hqdefault.jpg,Not Applicable
VJicvJ6iWME,workout gym stream,8/27/2022,21:21:44,1:15:06,4506,2421345,106913,3382,4.42,0.14,,IRL / Vlog,Stream,True,https://i.ytimg.com/vi/VJicvJ6iWME/hqdefault.jpg,Not Applicable
9bBYu1XQwr8,less than an month,8/26/2022,21:35:30,2:00:09,7209,1443365,56925,2645,3.94,0.18,,Variety Stream,Stream,True,https://i.ytimg.com/vi/9bBYu1XQwr8/hqdefault.jpg,Not Applicable
vlFNo8REi38,HEY GUYS,8/25/2022,20:56:10,2:16:55,8215,1820485,72188,2627,3.97,0.14,,Variety Stream,Stream,True,https://i.ytimg.com/vi/vlFNo8REi38/hqdefault.jpg,Not Applicable
D5YF3rI8d0w,taco tuesday secret strean haircut,8/23/2022,20:03:28,1:54:57,6897,2192639,83323,3388,3.8,0.15,,IRL / Vlog,Stream,True,https://i.ytimg.com/vi/D5YF3rI8d0w/hqdefault.jpg,Not Applicable
fenX9UBq5Vg,I DONT WANNA GO TO SVHOOL,8/21/2022,23:52:57,2:29:23,8963,1641048,68930,2771,4.2,0.17,,Variety Stream,Stream,True,https://i.ytimg.com/vi/fenX9UBq5Vg/hqdefault.jpg,Not Applicable
migLA6Pfr6o,just woke up,8/20/2022,20:26:46,2:46:30,9990,2690833,88378,3788,3.28,0.14,,Variety Stream,Stream,True,https://i.ytimg.com/vi/migLA6Pfr6o/hqdefault.jpg,Not Applicable
8I3QnA58eYE,FUN FRIDAY,8/19/2022,23:57:02,4:02:28,14548,1818898,64348,1421,3.54,0.08,,IRL / Vlog,Stream,True,https://i.ytimg.com/vi/8I3QnA58eYE/hqdefault.jpg,Not Applicable
0uxO3ufjecM,dude,8/18/2022,0:07:54,2:15:02,8102,2122208,73785,2607,3.48,0.12,,Variety Stream,Stream,True,https://i.ytimg.com/vi/0uxO3ufjecM/hqdefault.jpg,Not Applicable
9hcVzLYgs3I,what u sayyyyyyyy,8/16/2022,20:10:37,2:20:20,8420,2048597,78198,3198,3.82,0.16,,Variety Stream,Stream,True,https://i.ytimg.com/vi/9hcVzLYgs3I/hqdefault.jpg,Not Applicable
j55gbUSFFac,🔴SPEED LIVE🔴,8/15/2022,22:07:23,2:38:29,9509,2244155,82123,2681,3.66,0.12,,IRL / Vlog,Stream,True,https://i.ytimg.com/vi/j55gbUSFFac/hqdefault.jpg,Not Applicable
G3FUym6rorQ,SCHOOL TOMMOROW,8/14/2022,21:56:41,2:33:31,9211,2639650,102326,4197,3.88,0.16,,IRL / Vlog,Stream,True,https://i.ytimg.com/vi/G3FUym6rorQ/hqdefault.jpg,Not Applicable
dhTwCxXJeaA,early secret stream,8/13/2022,19:44:30,45:16:00,2716,1343246,53670,2239,4.0,0.17,,Gaming,Stream,True,https://i.ytimg.com/vi/dhTwCxXJeaA/hqdefault.jpg,Not Applicable
X9kqnWXm1jw,school next week,8/11/2022,22:55:12,3:11:45,11505,2798782,110442,3416,3.95,0.12,,IRL / Vlog,Stream,True,https://i.ytimg.com/vi/X9kqnWXm1jw/hqdefault.jpg,Not Applicable
epP0yucvYGc,FREEEEEEEEEEE,8/10/2022,20:46:37,1:40:18,6018,2782845,133388,4774,4.79,0.17,,Variety Stream,Stream,True,https://i.ytimg.com/vi/epP0yucvYGc/hqdefault.jpg,Not Applicable
J75pIuPdZd8,LIVE,8/8/2022,21:45:55,2:28:54,8934,4160148,142389,7098,3.42,0.17,,IRL / Vlog,Stream,True,https://i.ytimg.com/vi/J75pIuPdZd8/hqdefault.jpg,Not Applicable
aK-9YFSgGvs,wtf,8/8/2022,21:40:59,1:35,95,6443255,337682,25598,5.24,0.4,,Variety Stream,Stream,True,https://i.ytimg.com/vi/aK-9YFSgGvs/hqdefault.jpg,Not Applicable
VQTEruMn7zA,irl stream in new york,8/6/2022,23:49:32,1:34:37,5677,3657792,180882,5004,4.95,0.14,,IRL / Vlog,Stream,True,https://i.ytimg.com/vi/VQTEruMn7zA/hqdefault.jpg,Not Applicable
YfsNy0uSJo0,CHEAT,8/4/2022,21:46:46,1:46:28,6388,2184187,86482,6287,3.96,0.29,,Variety Stream,Stream,True,https://i.ytimg.com/vi/YfsNy0uSJo0/hqdefault.jpg,Not Applicable
7ET4LQXIX-Q,ITS AUGUST,8/2/2022,21:45:51,1:52:54,6774,2195691,98963,4516,4.51,0.21,,Variety Stream,Stream,True,https://i.ytimg.com/vi/7ET4LQXIX-Q/hqdefault.jpg,Not Applicable
sL2ql7eOt-M,pickup football/soccer irl stream,8/1/2022,0:44:13,1:32:10,5530,2204425,107784,3481,4.89,0.16,,Gaming,Stream,True,https://i.ytimg.com/vi/sL2ql7eOt-M/hqdefault.jpg,Not Applicable
VGWJbnSDsq4,quick,7/30/2022,19:31:44,16,16,1706832,63650,3059,3.73,0.18,,Variety Stream,Stream,True,https://i.ytimg.com/vi/VGWJbnSDsq4/hqdefault.jpg,Not Applicable
LkANWy93rnU,SPEED IS BACK,7/29/2022,22:42:09,3:36:19,12979,6210108,214078,8395,3.45,0.14,,Variety Stream,Stream,True,https://i.ytimg.com/vi/LkANWy93rnU/hqdefault.jpg,Not Applicable
H_KeHzw24_E,IS TODAY THE DAY?,7/21/2022,22:44:21,2:55:07,10507,4482743,159027,16928,3.55,0.38,,IRL / Vlog,Stream,True,https://i.ytimg.com/vi/H_KeHzw24_E/hqdefault.jpg,Not Applicable
wiYIbvmiWWI,were close,7/19/2022,22:31:47,2:39:50,9590,5124427,138134,9916,2.7,0.19,,Variety Stream,Stream,True,https://i.ytimg.com/vi/wiYIbvmiWWI/hqdefault.jpg,Not Applicable
oqU7iXn2-CY,KLIOVE,7/19/2022,0:49:15,4:07:22,14842,3044293,114142,3334,3.75,0.11,,Variety Stream,Stream,True,https://i.ytimg.com/vi/oqU7iXn2-CY/hqdefault.jpg,Not Applicable
AAR7-mEFQWc,late night viube,7/16/2022,3:19:55,1:59:39,7179,1915371,66952,4388,3.5,0.23,,Variety Stream,Stream,True,https://i.ytimg.com/vi/AAR7-mEFQWc/hqdefault.jpg,Not Applicable
UnNsJVLtm8s,hey yall,7/14/2022,22:20:14,2:10:44,7844,2189934,90099,3178,4.11,0.15,,Variety Stream,Stream,True,https://i.ytimg.com/vi/UnNsJVLtm8s/hqdefault.jpg,Not Applicable
FZmOl39zUAM,7/12/22 booted,7/12/2022,21:05:13,53:23:00,3203,1634696,60252,5227,3.69,0.32,,Variety Stream,Stream,True,https://i.ytimg.com/vi/FZmOl39zUAM/hqdefault.jpg,Not Applicable
k0Nx5YwfwIw,HES BACKK,7/11/2022,22:18:04,1:39:24,5964,2539748,102412,5493,4.03,0.22,,Variety Stream,Stream,True,https://i.ytimg.com/vi/k0Nx5YwfwIw/hqdefault.jpg,Not Applicable
4o5YizQOh8U,✿,7/9/2022,19:36:20,2:51:44,10304,3005993,118547,3599,3.94,0.12,,Variety Stream,Stream,True,https://i.ytimg.com/vi/4o5YizQOh8U/hqdefault.jpg,Not Applicable
mNA7cFiuA6I,football/soccer training stream day 1,7/8/2022,23:34:15,1:22:03,4923,3169365,142181,5349,4.49,0.17,,Gaming,Stream,True,https://i.ytimg.com/vi/mNA7cFiuA6I/hqdefault.jpg,Not Applicable
yFs5AGjIPGw,GAD,7/7/2022,20:19:38,48:41:00,2921,1721120,70269,5283,4.08,0.31,,Variety Stream,Stream,True,https://i.ytimg.com/vi/yFs5AGjIPGw/hqdefault.jpg,Not Applicable
niTxCjCbPjw,hows life,7/6/2022,21:25:56,1:54:19,6859,2782145,123346,4739,4.43,0.17,,IRL / Vlog,Stream,True,https://i.ytimg.com/vi/niTxCjCbPjw/hqdefault.jpg,Not Applicable
FWj5qodvHlQ,oof,7/5/2022,20:17:04,56:12:00,3372,2656686,118351,5192,4.45,0.2,,Variety Stream,Stream,True,https://i.ytimg.com/vi/FWj5qodvHlQ/hqdefault.jpg,Not Applicable
daQPufNrdPU,4th Of July,7/4/2022,20:13:18,57:23:00,3443,6202278,267405,25446,4.31,0.41,,Variety Stream,Stream,True,https://i.ytimg.com/vi/daQPufNrdPU/hqdefault.jpg,Not Applicable
WPEPaWtJ04E,ANKARA,7/3/2022,21:28:46,2:39:37,9577,2243822,87220,2701,3.89,0.12,,Variety Stream,Stream,True,https://i.ytimg.com/vi/WPEPaWtJ04E/hqdefault.jpg,Not Applicable
2kHBtn7s3VI,9million.........,7/2/2022,18:29:24,1:53:53,6833,2652399,150328,3619,5.67,0.14,,Variety Stream,Stream,True,https://i.ytimg.com/vi/2kHBtn7s3VI/hqdefault.jpg,Not Applicable
1Jga9GTsOfA,1st IF JULY,7/1/2022,22:06:22,2:47:38,10058,1270529,52476,2646,4.13,0.21,,Variety Stream,Stream,True,https://i.ytimg.com/vi/1Jga9GTsOfA/hqdefault.jpg,Not Applicable
rADoiAK-pR4,chil,6/30/2022,23:20:24,2:37:26,9446,2269509,73247,2840,3.23,0.13,,Variety Stream,Stream,True,https://i.ytimg.com/vi/rADoiAK-pR4/hqdefault.jpg,Not Applicable
EDiRkh79xic,1 MILLION ANVERSITY,6/29/2022,21:57:34,2:33:54,9234,2233650,94828,3000,4.25,0.13,,Variety Stream,Stream,True,https://i.ytimg.com/vi/EDiRkh79xic/hqdefault.jpg,Not Applicable
5eGv1IhKn-I,nothing but posotivity,6/28/2022,22:24:10,3:48:37,13717,2831557,100980,3018,3.57,0.11,,Variety Stream,Stream,True,https://i.ytimg.com/vi/5eGv1IhKn-I/hqdefault.jpg,Not Applicable
i2DbGpxcolY,FIND UUUU (SECRET STRREAM),6/28/2022,16:15:46,2:20:57,8457,1289956,50788,1119,3.94,0.09,,Variety Stream,Stream,True,https://i.ytimg.com/vi/i2DbGpxcolY/hqdefault.jpg,Not Applicable
MR_THDtA1ek,sleepy pt.2,6/27/2022,2:06:25,41:12:00,2472,959161,27301,2411,2.85,0.25,,IRL / Vlog,Stream,True,https://i.ytimg.com/vi/MR_THDtA1ek/hqdefault.jpg,Not Applicable
0Up8hB1mDvA,HOLYYYYYY,6/25/2022,21:34:45,2:58:17,10697,2020694,79512,2510,3.93,0.12,,Variety Stream,Stream,True,https://i.ytimg.com/vi/0Up8hB1mDvA/hqdefault.jpg,Not Applicable
gDIt1glCH-c,PESS pt.2,6/24/2022,2:38:55,58:56:00,3536,1311501,47185,3018,3.6,0.23,,Variety Stream,Stream,True,https://i.ytimg.com/vi/gDIt1glCH-c/hqdefault.jpg,Not Applicable
Xt3RvSguFZ0,ITS EARLY,6/21/2022,20:31:30,2:02:18,7338,1807067,72302,3005,4.0,0.17,,Variety Stream,Stream,True,https://i.ytimg.com/vi/Xt3RvSguFZ0/hqdefault.jpg,Not Applicable
Cu3veSO-ULg,JUNETENNETH,6/20/2022,23:59:10,3:12:42,11562,1921719,61209,1672,3.19,0.09,,Variety Stream,Stream,True,https://i.ytimg.com/vi/Cu3veSO-ULg/hqdefault.jpg,Not Applicable
XiZPMKHAzuQ,happy fathers day,6/20/2022,4:25:01,3:46:05,13565,2838315,57781,2326,2.04,0.08,,IRL / Vlog,Stream,True,https://i.ytimg.com/vi/XiZPMKHAzuQ/hqdefault.jpg,Not Applicable
YvWOJ6l34cs,YAYYYYYY,6/19/2022,2:55:32,4:16:47,15407,1824776,70705,2918,3.87,0.16,,Variety Stream,Stream,True,https://i.ytimg.com/vi/YvWOJ6l34cs/hqdefault.jpg,Not Applicable
zDSnTsalZf0,irl amusement park stream pt.2,6/17/2022,22:41:12,34:31:00,2071,1008425,41481,2891,4.11,0.29,,IRL / Vlog,Stream,True,https://i.ytimg.com/vi/zDSnTsalZf0/hqdefault.jpg,Not Applicable
tCts5cVqzew,irl amusement park stream,6/17/2022,21:32:22,43:52:00,2632,874114,40180,1853,4.6,0.21,,IRL / Vlog,Stream,True,https://i.ytimg.com/vi/tCts5cVqzew/hqdefault.jpg,Not Applicable
H_p18762ovM,95˚,6/16/2022,23:07:45,2:56:28,10588,2445647,78229,2708,3.2,0.11,,Variety Stream,Stream,True,https://i.ytimg.com/vi/H_p18762ovM/hqdefault.jpg,Not Applicable
VrYkvn5j-Ss,SECRET STREAM (SUMER),6/16/2022,3:00:32,5:35:22,20122,1678475,55702,2112,3.32,0.13,,Gaming,Stream,True,https://i.ytimg.com/vi/VrYkvn5j-Ss/hqdefault.jpg,Not Applicable
puWBfpk3NuY,irl tatoo stream,6/12/2022,3:12:15,1:23:02,4982,1481942,58558,5183,3.95,0.35,,IRL / Vlog,Stream,True,https://i.ytimg.com/vi/puWBfpk3NuY/hqdefault.jpg,Not Applicable
813Ryxto2A0,PORTUGAL DAY,6/11/2022,2:49:09,26:23:00,1583,995622,39624,2022,3.98,0.2,,IRL / Vlog,Stream,True,https://i.ytimg.com/vi/813Ryxto2A0/hqdefault.jpg,Portugal
o5nnBM3WH-Q,IShowSpeed - Ronaldo [SEWEY] (Official Music Video) {“Prod. DJ Telly Tellz”},6/9/2022,22:30:08,2:18,138,36544952,1507924,66546,4.13,0.18,['Ronaldo'],Music,Stream,True,https://i.ytimg.com/vi/o5nnBM3WH-Q/hqdefault.jpg,Not Applicable
1WGJ2-3sxgQ,ONE,6/9/2022,1:22:47,3:12:05,11525,1660953,50467,2034,3.04,0.12,,Variety Stream,Stream,True,https://i.ytimg.com/vi/1WGJ2-3sxgQ/hqdefault.jpg,Not Applicable
OzdooALGubA,irl football/soccer stream at public,6/7/2022,22:47:30,1:16:13,4573,1937742,86840,3285,4.48,0.17,,Gaming,Stream,True,https://i.ytimg.com/vi/OzdooALGubA/hqdefault.jpg,Not Applicable
uW2u0Z76WXc,ben coming over,6/7/2022,2:09:14,1:04:15,3855,3512961,96530,5640,2.75,0.16,,Variety Stream,Stream,True,https://i.ytimg.com/vi/uW2u0Z76WXc/hqdefault.jpg,Not Applicable
E8td_KkiO2Y,5/6/2022,6/5/2022,23:55:14,3:31:12,12672,1776523,61564,3073,3.47,0.17,,Variety Stream,Stream,True,https://i.ytimg.com/vi/E8td_KkiO2Y/hqdefault.jpg,Not Applicable
gZRg51s54oQ,irl stream at park,6/4/2022,22:23:11,13:39,819,1608705,90138,4576,5.6,0.28,,IRL / Vlog,Stream,True,https://i.ytimg.com/vi/gZRg51s54oQ/hqdefault.jpg,Not Applicable
5j9yX12gHOg,PRIDE MONTH,6/4/2022,1:32:46,3:23:48,12228,2247370,65213,4548,2.9,0.2,,Variety Stream,Stream,True,https://i.ytimg.com/vi/5j9yX12gHOg/hqdefault.jpg,Not Applicable
MrjqsxvLyp0,ITS SUMMERRRRRRRR,6/1/2022,20:49:13,3:38:23,13103,2569340,88856,3997,3.46,0.16,,Variety Stream,Stream,True,https://i.ytimg.com/vi/MrjqsxvLyp0/hqdefault.jpg,Not Applicable
5i94P4s-BU8,bald speed,5/31/2022,2:12:35,3:36:21,12981,2994029,74489,5190,2.49,0.17,,Variety Stream,Stream,True,https://i.ytimg.com/vi/5i94P4s-BU8/hqdefault.jpg,Not Applicable
ka19eQmj1oU,NEW WIFI,5/30/2022,3:34:49,4:17:08,15428,1631405,55120,3013,3.38,0.18,,Variety Stream,Stream,True,https://i.ytimg.com/vi/ka19eQmj1oU/hqdefault.jpg,Not Applicable
H6pQh75arcU,bald,5/30/2022,3:14:15,2,2,13142385,519342,28726,3.95,0.22,,Misc,Shorts,False,https://i.ytimg.com/vi/H6pQh75arcU/hqdefault.jpg,Not Applicable
u76ytxKniBo,bad hair day,5/29/2022,2:04:25,1:05:42,3942,1281051,40634,1982,3.17,0.15,,IRL / Vlog,Stream,True,https://i.ytimg.com/vi/u76ytxKniBo/hqdefault.jpg,Not Applicable
OT7yAMjVyqI,8million......,5/28/2022,2:20:41,1:26:12,5172,1495597,63042,2975,4.22,0.2,,Variety Stream,Stream,True,https://i.ytimg.com/vi/OT7yAMjVyqI/hqdefault.jpg,Not Applicable
b5isjIS8veE,we cool?,5/25/2022,3:33:38,3:21:35,12095,1537709,49826,3906,3.24,0.25,,Variety Stream,Stream,True,https://i.ytimg.com/vi/b5isjIS8veE/hqdefault.jpg,Not Applicable
93Jx5a9uhdQ,HAAAAAAA,5/24/2022,4:10:38,4:06:57,14817,1455549,42368,2274,2.91,0.16,,Variety Stream,Stream,True,https://i.ytimg.com/vi/93Jx5a9uhdQ/hqdefault.jpg,Not Applicable
HvaH8ADGfzw,AMINGO !,5/23/2022,3:53:32,4:08:37,14917,1511526,43696,1824,2.89,0.12,,Variety Stream,Stream,True,https://i.ytimg.com/vi/HvaH8ADGfzw/hqdefault.jpg,Not Applicable
hxzK4EwSxSs,sup worlddddddddddd,5/22/2022,1:47:32,4:08:15,14895,1629356,53877,2827,3.31,0.17,,Variety Stream,Stream,True,https://i.ytimg.com/vi/hxzK4EwSxSs/hqdefault.jpg,Not Applicable
qxgS35_2gaA,NEW YOUTUBE FEATURE,5/21/2022,1:37:51,2:26:27,8787,1028198,35308,2026,3.43,0.2,,Sports,Stream,True,https://i.ytimg.com/vi/qxgS35_2gaA/hqdefault.jpg,Not Applicable
dI0IxU7GPB8,FIRE UP / SLEEP STREAM,5/18/2022,5:37:15,5:17:58,19078,1349799,43410,1671,3.22,0.12,,Gaming,Stream,True,https://i.ytimg.com/vi/dI0IxU7GPB8/hqdefault.jpg,Not Applicable
bjHOlB5Eb7Y,19,5/17/2022,2:45:22,3:46:41,13601,3379799,54163,2558,1.6,0.08,,Variety Stream,Stream,True,https://i.ytimg.com/vi/bjHOlB5Eb7Y/hqdefault.jpg,Not Applicable
L-hW9Lfp1NY,last weeks of schools,5/16/2022,4:16:17,3:41:28,13288,2818398,47995,2134,1.7,0.08,,IRL / Vlog,Stream,True,https://i.ytimg.com/vi/L-hW9Lfp1NY/hqdefault.jpg,Not Applicable
PIQzYpbVgtA,yeah its gonna be long,5/15/2022,2:15:44,3:10:18,11418,1147237,36126,1485,3.15,0.13,,Variety Stream,Stream,True,https://i.ytimg.com/vi/PIQzYpbVgtA/hqdefault.jpg,Not Applicable
fCPXslWmamA,r u done pt.2,5/14/2022,4:34:48,2:36:46,9406,880080,25483,1363,2.9,0.15,,Variety Stream,Stream,True,https://i.ytimg.com/vi/fCPXslWmamA/hqdefault.jpg,Not Applicable
0TCecv4l_lQ,r u done,5/14/2022,1:44:30,37:28:00,2248,759906,21274,906,2.8,0.12,,Variety Stream,Stream,True,https://i.ytimg.com/vi/0TCecv4l_lQ/hqdefault.jpg,Not Applicable
8B4hFiOLwHg,hey yall,5/13/2022,1:35:45,2:21:55,8515,941842,30214,1971,3.21,0.21,,Variety Stream,Stream,True,https://i.ytimg.com/vi/8B4hFiOLwHg/hqdefault.jpg,Not Applicable
pur5FZDNVo8,get up pt.2,5/12/2022,3:20:25,1:54:11,6851,886557,27966,1752,3.15,0.2,,Variety Stream,Stream,True,https://i.ytimg.com/vi/pur5FZDNVo8/hqdefault.jpg,Not Applicable
OBy12TEQGz0,worn out,5/10/2022,4:24:16,4:04:59,14699,1503199,46784,1979,3.11,0.13,,Variety Stream,Stream,True,https://i.ytimg.com/vi/OBy12TEQGz0/hqdefault.jpg,Not Applicable
7Mmefe04nnk,MOTHERS DAY,5/9/2022,3:40:11,3:34:25,12865,1757510,46156,2403,2.63,0.14,,IRL / Vlog,Stream,True,https://i.ytimg.com/vi/7Mmefe04nnk/hqdefault.jpg,Not Applicable
Z1x8tLCwCIY,TURN UP,5/8/2022,4:51:34,4:46:34,17194,1505190,50972,1763,3.39,0.12,,Variety Stream,Stream,True,https://i.ytimg.com/vi/Z1x8tLCwCIY/hqdefault.jpg,Not Applicable
ohrLp8jL6_Q,✪✪✪les go pt.2,5/7/2022,5:17:34,4:57:20,17840,1511183,48954,1809,3.24,0.12,,Variety Stream,Stream,True,https://i.ytimg.com/vi/ohrLp8jL6_Q/hqdefault.jpg,Not Applicable
WC7NEvtnB7w,cino de mayo,5/6/2022,3:42:26,3:39:13,13153,2527041,54502,2395,2.16,0.09,,Variety Stream,Stream,True,https://i.ytimg.com/vi/WC7NEvtnB7w/hqdefault.jpg,Not Applicable
cnjvnct0wew,hola,5/5/2022,5:39:59,5:05:21,18321,1381358,46057,1547,3.33,0.11,,Variety Stream,Stream,True,https://i.ytimg.com/vi/cnjvnct0wew/hqdefault.jpg,Not Applicable
0fVdkPYnnkI,COME ON,5/4/2022,3:02:40,3:30:15,12615,1649775,46927,1393,2.84,0.08,,Variety Stream,Stream,True,https://i.ytimg.com/vi/0fVdkPYnnkI/hqdefault.jpg,Not Applicable
I5pr0yNo6WE,LESSIIIIIIIIIIII,5/3/2022,2:51:18,4:13:20,15200,1913541,58358,2252,3.05,0.12,,Variety Stream,Stream,True,https://i.ytimg.com/vi/I5pr0yNo6WE/hqdefault.jpg,Not Applicable
haraCb8kW2M,irl football/soccer stream,4/29/2022,0:30:02,49:28:00,2968,2307757,121953,6015,5.28,0.26,,Gaming,Stream,True,https://i.ytimg.com/vi/haraCb8kW2M/hqdefault.jpg,Not Applicable
SVsE4yNNJZQ,A+,4/26/2022,3:22:49,2:30:54,9054,1344545,37956,4082,2.82,0.3,,Variety Stream,Stream,True,https://i.ytimg.com/vi/SVsE4yNNJZQ/hqdefault.jpg,Not Applicable
FSe5mEB43Sw,secret stream 10 sunday (i beat gettin over it),4/25/2022,2:23:30,3:39:42,13182,1720833,56132,3296,3.26,0.19,,Gaming,Stream,True,https://i.ytimg.com/vi/FSe5mEB43Sw/hqdefault.jpg,Not Applicable
zyI5wCzTnRs,i was sick,4/23/2022,3:40:19,3:01:15,10875,1210221,37372,1379,3.09,0.11,,Variety Stream,Stream,True,https://i.ytimg.com/vi/zyI5wCzTnRs/hqdefault.jpg,Not Applicable
EhnN9c3BTg0,ALMOST MAY,4/19/2022,3:56:29,3:43:37,13417,1376134,41770,3041,3.04,0.22,,Variety Stream,Stream,True,https://i.ytimg.com/vi/EhnN9c3BTg0/hqdefault.jpg,Not Applicable
DtBmz3R0J1I,tatto stream,4/17/2022,3:29:15,2:30:28,9028,1703926,64387,3106,3.78,0.18,,IRL / Vlog,Stream,True,https://i.ytimg.com/vi/DtBmz3R0J1I/hqdefault.jpg,Not Applicable
kV6T6WbxXmU,finky friday,4/16/2022,3:03:27,2:49:13,10153,2172765,55988,2118,2.58,0.1,,IRL / Vlog,Stream,True,https://i.ytimg.com/vi/kV6T6WbxXmU/hqdefault.jpg,Not Applicable
Dd2MpVQlHi8,yes,4/15/2022,0:02:34,2:26:21,8781,1173425,39749,2153,3.39,0.18,,Variety Stream,Stream,True,https://i.ytimg.com/vi/Dd2MpVQlHi8/hqdefault.jpg,Not Applicable
bOKs8IquZBc,NAHHH,4/13/2022,2:48:46,4:01:49,14509,1613077,45769,2264,2.84,0.14,,Variety Stream,Stream,True,https://i.ytimg.com/vi/bOKs8IquZBc/hqdefault.jpg,Not Applicable
eJUI3VxQLrI,"anther day, pt.2",4/12/2022,2:32:57,2:34:55,9295,1047498,29900,1311,2.85,0.13,,IRL / Vlog,Stream,True,https://i.ytimg.com/vi/eJUI3VxQLrI/hqdefault.jpg,Not Applicable
Mkcrq5YFoPk,"anther day,",4/11/2022,23:46:23,1:08:54,4134,606036,20956,837,3.46,0.14,,IRL / Vlog,Stream,True,https://i.ytimg.com/vi/Mkcrq5YFoPk/hqdefault.jpg,Not Applicable
tHs0RYMOGA0,cant wait for school to end,4/11/2022,2:02:01,2:37:47,9467,1652952,51026,2413,3.09,0.15,,IRL / Vlog,Stream,True,https://i.ytimg.com/vi/tHs0RYMOGA0/hqdefault.jpg,Not Applicable
NOwnR1v2Fm4,!@#$%^&*()_,4/10/2022,4:13:16,3:33:07,12787,3058752,58066,2259,1.9,0.07,,Variety Stream,Stream,True,https://i.ytimg.com/vi/NOwnR1v2Fm4/hqdefault.jpg,Not Applicable
ZE9xpmcI-9Q,STAY POSTOTIVE,4/8/2022,4:58:01,3:57:54,14274,1741252,55289,2750,3.18,0.16,,Variety Stream,Stream,True,https://i.ytimg.com/vi/ZE9xpmcI-9Q/hqdefault.jpg,Not Applicable
8lvB_F7ksMs,7million......,4/7/2022,18:58:26,9:05,545,736880,45221,3403,6.14,0.46,,Variety Stream,Stream,True,https://i.ytimg.com/vi/8lvB_F7ksMs/hqdefault.jpg,Not Applicable
8R_X1bayR9s,you guys might not see me no more.,4/7/2022,6:00:39,38:00:00,2280,1202900,44475,2127,3.7,0.18,,Variety Stream,Stream,True,https://i.ytimg.com/vi/8R_X1bayR9s/hqdefault.jpg,Not Applicable
2T6QZMzx9mU,i love my bf,4/5/2022,1:02:48,1:00:02,3602,1111862,35986,2197,3.24,0.2,,Variety Stream,Stream,True,https://i.ytimg.com/vi/2T6QZMzx9mU/hqdefault.jpg,Not Applicable
KlPmi1YWizc,IShowSpeed - God is Good (Official Music Video),4/3/2022,0:00:13,2:45,165,22258999,1009449,58997,4.54,0.27,,Music,Stream,True,https://i.ytimg.com/vi/KlPmi1YWizc/hqdefault.jpg,Not Applicable
GDb5X6NAyhk,772 pt.2 sleep stream,4/2/2022,5:06:57,1:19:04,4744,3492418,109824,7049,3.14,0.2,,IRL / Vlog,Stream,True,https://i.ytimg.com/vi/GDb5X6NAyhk/hqdefault.jpg,Not Applicable
Hx0FwbKh2FY,i’m quitting youtube….💔,4/1/2022,4:00:16,1:11,71,4306476,270055,32927,6.27,0.76,,Misc,Regular Video,False,https://i.ytimg.com/vi/Hx0FwbKh2FY/hqdefault.jpg,Not Applicable
eGx79rMoWtI,YK IT,3/31/2022,23:37:53,1:38:32,5912,938513,25784,1491,2.75,0.16,,Variety Stream,Stream,True,https://i.ytimg.com/vi/eGx79rMoWtI/hqdefault.jpg,Not Applicable
TCetbTM9IzU,MERCH pt.2,3/31/2022,2:07:00,1:02:00,3720,682807,19910,946,2.92,0.14,,Variety Stream,Stream,True,https://i.ytimg.com/vi/TCetbTM9IzU/hqdefault.jpg,Not Applicable
8CclynGDFvw,MERCH,3/31/2022,1:03:33,1:52:35,6755,1193032,35823,1729,3.0,0.14,,Variety Stream,Stream,True,https://i.ytimg.com/vi/8CclynGDFvw/hqdefault.jpg,Not Applicable
czVYqw5xg2E,8:30pm,3/30/2022,3:23:45,2:40:26,9626,1245760,35928,1352,2.88,0.11,,Variety Stream,Stream,True,https://i.ytimg.com/vi/czVYqw5xg2E/hqdefault.jpg,Not Applicable
Emlw6Y9PEvo,yummmmmmm,3/29/2022,2:33:27,2:11:13,7873,1143761,37775,1815,3.3,0.16,,Variety Stream,Stream,True,https://i.ytimg.com/vi/Emlw6Y9PEvo/hqdefault.jpg,Not Applicable
ARtjvheUVGg,♥  ♥  ♥,3/27/2022,22:38:40,2:22:39,8559,1410391,52958,1742,3.75,0.12,,Variety Stream,Stream,True,https://i.ytimg.com/vi/ARtjvheUVGg/hqdefault.jpg,Not Applicable
TXBcM-b6BtQ,helloo,3/27/2022,3:45:52,3:04:10,11050,1363991,44811,1416,3.29,0.1,,Variety Stream,Stream,True,https://i.ytimg.com/vi/TXBcM-b6BtQ/hqdefault.jpg,Not Applicable
CuGvDJT4L40,SPEEDDDDDD,3/25/2022,2:47:15,2:53:55,10435,2072446,56660,2034,2.73,0.1,,Variety Stream,Stream,True,https://i.ytimg.com/vi/CuGvDJT4L40/hqdefault.jpg,Not Applicable
0gvjWf1J5c8,LOL,3/22/2022,2:38:20,2:13:21,8001,1676539,51520,3407,3.07,0.2,,Variety Stream,Stream,True,https://i.ytimg.com/vi/0gvjWf1J5c8/hqdefault.jpg,Not Applicable
uqCv3j5M8dM,what i miss pt.2,3/21/2022,2:09:07,1:23:06,4986,1246661,38122,3014,3.06,0.24,,Variety Stream,Stream,True,https://i.ytimg.com/vi/uqCv3j5M8dM/hqdefault.jpg,Not Applicable
ZU2YgRJnExo,what i miss,3/21/2022,0:46:04,1:08:46,4126,966006,33491,1288,3.47,0.13,,Variety Stream,Stream,True,https://i.ytimg.com/vi/ZU2YgRJnExo/hqdefault.jpg,Not Applicable
97KxxVKRXH0,IM 19,3/16/2022,1:58:21,2:37:47,9467,2336640,73408,5979,3.14,0.26,,Variety Stream,Stream,True,https://i.ytimg.com/vi/97KxxVKRXH0/hqdefault.jpg,Not Applicable
zNajO6cjvrc,i cant think  of a title,3/15/2022,3:40:41,3:52:15,13935,3153452,60934,2099,1.93,0.07,,Variety Stream,Stream,True,https://i.ytimg.com/vi/zNajO6cjvrc/hqdefault.jpg,Not Applicable
r26VbTmB6cw,wow,3/14/2022,4:34:33,4:49:08,17348,1863369,50935,2602,2.73,0.14,,Variety Stream,Stream,True,https://i.ytimg.com/vi/r26VbTmB6cw/hqdefault.jpg,Not Applicable
r7APPF9VE7o,sleep  stream,3/13/2022,5:23:47,1:25:48,5148,4435661,114800,6847,2.59,0.15,,IRL / Vlog,Stream,True,https://i.ytimg.com/vi/r7APPF9VE7o/hqdefault.jpg,Not Applicable
dvubZNaS_4w,oh yea spring break (SECRET STREAM),3/13/2022,3:19:34,1:05:36,3936,942511,29622,2620,3.14,0.28,,Gaming,Stream,True,https://i.ytimg.com/vi/dvubZNaS_4w/hqdefault.jpg,Not Applicable
TsottuPfsTU,sleep stream,3/12/2022,5:36:13,27:22:00,1642,3915723,95577,4257,2.44,0.11,,IRL / Vlog,Stream,True,https://i.ytimg.com/vi/TsottuPfsTU/hqdefault.jpg,Not Applicable
C46iBqojIZg,its friiiiii-dayyyyyyy pt.2,3/12/2022,5:24:22,2:47:39,10059,1668820,36961,1420,2.21,0.09,,IRL / Vlog,Stream,True,https://i.ytimg.com/vi/C46iBqojIZg/hqdefault.jpg,Not Applicable
rJB9CVdhgBs,agua stream,3/11/2022,5:44:20,5:29:47,19787,1965905,55271,1799,2.81,0.09,,IRL / Vlog,Stream,True,https://i.ytimg.com/vi/rJB9CVdhgBs/hqdefault.jpg,Not Applicable
nQ4YwWYRQqU,INTERNATINAOL WOMENS DAY,3/9/2022,0:16:09,1:13:24,4404,1342824,49944,4347,3.72,0.32,,IRL / Vlog,Stream,True,https://i.ytimg.com/vi/nQ4YwWYRQqU/hqdefault.jpg,Not Applicable
nUoq_LThtm4,school already L,3/7/2022,3:28:58,2:41:20,9680,2716706,84331,3711,3.1,0.14,,IRL / Vlog,Stream,True,https://i.ytimg.com/vi/nUoq_LThtm4/hqdefault.jpg,Not Applicable
twU_BfKLOBI,6 mil.......,3/6/2022,15:34:17,23:59,1439,2464585,144749,9579,5.87,0.39,,Variety Stream,Stream,True,https://i.ytimg.com/vi/twU_BfKLOBI/hqdefault.jpg,Not Applicable
lSquaWVjK3s,LONGGGG pt .2,3/6/2022,5:09:59,4:02:17,14537,1559225,47115,1628,3.02,0.1,,Variety Stream,Stream,True,https://i.ytimg.com/vi/lSquaWVjK3s/hqdefault.jpg,Not Applicable
sIXBD3Zz8_8,LONGGGG,3/6/2022,0:25:11,2:28,148,845457,32095,1924,3.8,0.23,,Variety Stream,Stream,True,https://i.ytimg.com/vi/sIXBD3Zz8_8/hqdefault.jpg,Not Applicable
_J3lAeq9fw8,.,3/5/2022,2:59:28,23:26,1406,1501643,54593,2354,3.64,0.16,,Variety Stream,Stream,True,https://i.ytimg.com/vi/_J3lAeq9fw8/hqdefault.jpg,Not Applicable
MK6Ngm1TVLY,3-Mar,3/4/2022,3:20:05,2:41:31,9691,1990584,56969,2571,2.86,0.13,,Variety Stream,Stream,True,https://i.ytimg.com/vi/MK6Ngm1TVLY/hqdefault.jpg,Not Applicable
cEKaqxCKQIg,TACO TU,3/3/2022,5:19:47,4:37:30,16650,2222476,70135,2321,3.16,0.1,,Variety Stream,Stream,True,https://i.ytimg.com/vi/cEKaqxCKQIg/hqdefault.jpg,Not Applicable
KRYbw0mWp1s,March 1st,3/2/2022,3:34:04,2:11:33,7893,1485328,45261,2118,3.05,0.14,,Variety Stream,Stream,True,https://i.ytimg.com/vi/KRYbw0mWp1s/hqdefault.jpg,Not Applicable
lO5HU7UePtE,✨CHECK,3/1/2022,2:52:10,3:14:40,11680,1880863,64077,3943,3.41,0.21,,Variety Stream,Stream,True,https://i.ytimg.com/vi/lO5HU7UePtE/hqdefault.jpg,Not Applicable
UOAkH-mbNYo,⎝⎝✧GͥOͣD✧⎠⎠ ⎝⎝✧GͥOͣD✧⎠⎠,2/28/2022,1:33:39,2:14:32,8072,2091728,62880,3640,3.01,0.17,,Variety Stream,Stream,True,https://i.ytimg.com/vi/UOAkH-mbNYo/hqdefault.jpg,Not Applicable
0MNg39IWwkg,ㅤ secret stream,2/27/2022,8:47:14,11:45,705,1154961,45952,2475,3.98,0.21,,Gaming,Stream,True,https://i.ytimg.com/vi/0MNg39IWwkg/hqdefault.jpg,Not Applicable
4F7Vy9pDRl4,ㅤ pt.2,2/27/2022,4:41:30,1:27:39,5259,929664,24994,1827,2.69,0.2,,Gaming,Stream,True,https://i.ytimg.com/vi/4F7Vy9pDRl4/hqdefault.jpg,Not Applicable
FyWPYXzKco0,ㅤ,2/27/2022,2:26:42,55:27:00,3327,868374,32071,3467,3.69,0.4,,Variety Stream,Stream,True,https://i.ytimg.com/vi/FyWPYXzKco0/hqdefault.jpg,Not Applicable
lQ2ysNs68GA,FIRST 5PM STREAM EVER pt.2,2/26/2022,8:13:29,3:06:27,11187,5927217,79234,4207,1.34,0.07,,Gaming,Stream,True,https://i.ytimg.com/vi/lQ2ysNs68GA/hqdefault.jpg,Not Applicable
AGinwS1VvhQ,FIRST 5PM STREAM EVER,2/26/2022,3:37:58,3:12:47,11567,1476797,47367,0,3.21,0.0,,Gaming,Stream,True,https://i.ytimg.com/vi/AGinwS1VvhQ/hqdefault.jpg,Not Applicable
ss1pwyhahqI,JUST WHHY,2/25/2022,5:45:20,3:52:22,13942,1988719,58744,1982,2.95,0.1,,Variety Stream,Stream,True,https://i.ytimg.com/vi/ss1pwyhahqI/hqdefault.jpg,Not Applicable
kZUE8IzP4rk,OH ITS WEDSDAY,2/24/2022,5:09:54,4:47:20,17240,2141081,67213,3871,3.14,0.18,,IRL / Vlog,Stream,True,https://i.ytimg.com/vi/kZUE8IzP4rk/hqdefault.jpg,Not Applicable
pWTnZ8kATns,president day pt.3,2/22/2022,5:39:49,55:23:00,3323,899130,25690,2458,2.86,0.27,,IRL / Vlog,Stream,True,https://i.ytimg.com/vi/pWTnZ8kATns/hqdefault.jpg,Not Applicable
0XFyig7MUAo,president day,2/22/2022,2:39:47,1:33:11,5591,1445034,48567,1261,3.36,0.09,,IRL / Vlog,Stream,True,https://i.ytimg.com/vi/0XFyig7MUAo/hqdefault.jpg,Not Applicable
ViL0y1fQ8b8,SECRET STREAM,2/21/2022,4:59:44,3:24:45,12285,2148519,70655,2576,3.29,0.12,,Gaming,Stream,True,https://i.ytimg.com/vi/ViL0y1fQ8b8/hqdefault.jpg,Not Applicable
jMevV0iQung,YO SPEED,2/18/2022,4:31:54,3:56:43,14203,7663879,121778,6022,1.59,0.08,,Variety Stream,Stream,True,https://i.ytimg.com/vi/jMevV0iQung/hqdefault.jpg,Not Applicable
cU3Pkirt82A,5 milliom.....,2/16/2022,22:54:04,25:17:00,1517,1698275,93490,8777,5.5,0.52,,Variety Stream,Stream,True,https://i.ytimg.com/vi/cU3Pkirt82A/hqdefault.jpg,Not Applicable
kucH-NZPO0M,nvm........ pt .2,2/16/2022,5:03:41,3:08:02,11282,4537493,104877,3791,2.31,0.08,,Variety Stream,Stream,True,https://i.ytimg.com/vi/kucH-NZPO0M/hqdefault.jpg,Not Applicable
dneIOGGi568,ion got not valentine,2/15/2022,6:23:33,4:04:23,14663,2461308,78953,2599,3.21,0.11,,Variety Stream,Stream,True,https://i.ytimg.com/vi/dneIOGGi568/hqdefault.jpg,Not Applicable
WZrk_TNqdLE,GG,2/14/2022,6:03:59,2:51:17,10277,2071534,63556,3233,3.07,0.16,,Variety Stream,Stream,True,https://i.ytimg.com/vi/WZrk_TNqdLE/hqdefault.jpg,Not Applicable
Qn0ZLC9BenA,try not to curse challenge pt.2 (VR CHAT),2/12/2022,5:38:15,1:41:12,6072,1882961,55063,4322,2.92,0.23,,Sports,Stream,True,https://i.ytimg.com/vi/Qn0ZLC9BenA/hqdefault.jpg,Not Applicable
9uxP3vEr4Ts,try not to curse challenge,2/12/2022,3:31:51,1:24:50,5090,2095366,66117,2485,3.16,0.12,,Sports,Stream,True,https://i.ytimg.com/vi/9uxP3vEr4Ts/hqdefault.jpg,Not Applicable
nnkoQkgLO1I,THURSDAY NIGHT,2/11/2022,5:15:03,3:39:26,13166,1810302,51956,1421,2.87,0.08,,IRL / Vlog,Stream,True,https://i.ytimg.com/vi/nnkoQkgLO1I/hqdefault.jpg,Not Applicable
B0VaE7Ca_LU,its a early stream today,2/10/2022,7:52:28,6:53:11,24791,2987867,88911,2834,2.98,0.09,,Gaming,Stream,True,https://i.ytimg.com/vi/B0VaE7Ca_LU/hqdefault.jpg,Not Applicable
RPZoyvhFBU0,7:57pm,2/9/2022,4:34:58,3:13:56,11636,1723810,50443,2987,2.93,0.17,,Variety Stream,Stream,True,https://i.ytimg.com/vi/RPZoyvhFBU0/hqdefault.jpg,Not Applicable
60rO8aSuzVA,im not ending stream,2/8/2022,4:10:07,1:34:28,5668,1477578,48548,6310,3.29,0.43,,Gaming,Stream,True,https://i.ytimg.com/vi/60rO8aSuzVA/hqdefault.jpg,Not Applicable
QTzF-5VNEPU,SCHOOL L,2/7/2022,5:14:17,3:37:22,13042,2314387,71022,3772,3.07,0.16,,IRL / Vlog,Stream,True,https://i.ytimg.com/vi/QTzF-5VNEPU/hqdefault.jpg,Not Applicable
Ov6XyLDMyc8,NEVER LIE pt . 2,2/6/2022,7:36:00,1:56:28,6988,1394858,39095,1308,2.8,0.09,,Variety Stream,Stream,True,https://i.ytimg.com/vi/Ov6XyLDMyc8/hqdefault.jpg,Not Applicable
rTcG4q4xA8Q,NEVER LIE,2/6/2022,4:29:45,2:16:39,8199,2064435,66650,3957,3.23,0.19,,Variety Stream,Stream,True,https://i.ytimg.com/vi/rTcG4q4xA8Q/hqdefault.jpg,Not Applicable
gv4A7kOmZos,FINNALY WEKKEND-FUN,2/5/2022,4:28:17,2:16:44,8204,2307557,78999,4314,3.42,0.19,,Variety Stream,Stream,True,https://i.ytimg.com/vi/gv4A7kOmZos/hqdefault.jpg,Not Applicable
nMHPnyzYRwQ,THURSDAY,2/4/2022,5:57:35,4:15:47,15347,2156495,66437,2276,3.08,0.11,,IRL / Vlog,Stream,True,https://i.ytimg.com/vi/nMHPnyzYRwQ/hqdefault.jpg,Not Applicable
J9ACmJxjv-c,FEBUARY pt.3,2/2/2022,6:32:33,58:19:00,3499,714976,20819,1571,2.91,0.22,,Variety Stream,Stream,True,https://i.ytimg.com/vi/J9ACmJxjv-c/hqdefault.jpg,Not Applicable
wexZoNBgc4k,FEBUARY pt.2,2/2/2022,5:34:52,1:06:06,3966,662427,17517,924,2.64,0.14,,Variety Stream,Stream,True,https://i.ytimg.com/vi/wexZoNBgc4k/hqdefault.jpg,Not Applicable
8HN0DPus4Tc,FEBUARY,2/2/2022,4:37:47,3:00:57,10857,1237555,39685,2045,3.21,0.17,,Variety Stream,Stream,True,https://i.ytimg.com/vi/8HN0DPus4Tc/hqdefault.jpg,Not Applicable
kiYRiafDvOA,BHM pt 3,2/1/2022,6:47:49,2:23:11,8591,2486757,60693,4513,2.44,0.18,,Variety Stream,Stream,True,https://i.ytimg.com/vi/kiYRiafDvOA/hqdefault.jpg,Not Applicable
ZEXlcnkwcVo,BHM,2/1/2022,4:22:53,3:06:19,11179,1168341,31443,1849,2.69,0.16,,Variety Stream,Stream,True,https://i.ytimg.com/vi/ZEXlcnkwcVo/hqdefault.jpg,Not Applicable
8bggk6sf90I,BHM pt 2,2/1/2022,3:58:51,6:20,380,505024,12685,1740,2.51,0.34,,Variety Stream,Stream,True,https://i.ytimg.com/vi/8bggk6sf90I/hqdefault.jpg,Not Applicable
0-sQ9AesaSU,L,1/31/2022,6:24:16,3:22:25,12145,3695479,73316,6217,1.98,0.17,,Variety Stream,Stream,True,https://i.ytimg.com/vi/0-sQ9AesaSU/hqdefault.jpg,Not Applicable
yawcKGIl-tk,4 million.......,1/28/2022,7:40:06,5:14:40,18880,1917976,81565,2023,4.25,0.11,,Variety Stream,Stream,True,https://i.ytimg.com/vi/yawcKGIl-tk/hqdefault.jpg,Not Applicable
OP-U82Ec24Y,GOOD DAY,1/27/2022,4:36:40,1:37:31,5851,969726,24061,1005,2.48,0.1,,IRL / Vlog,Stream,True,https://i.ytimg.com/vi/OP-U82Ec24Y/hqdefault.jpg,Not Applicable
FLXN1hSqBeE,T =,1/26/2022,6:09:37,4:46:17,17177,1382124,39432,1258,2.85,0.09,,Variety Stream,Stream,True,https://i.ytimg.com/vi/FLXN1hSqBeE/hqdefault.jpg,Not Applicable
Vl8ErrPLJzY,HA,1/25/2022,6:02:47,4:12:59,15179,1586225,46554,1472,2.93,0.09,,Variety Stream,Stream,True,https://i.ytimg.com/vi/Vl8ErrPLJzY/hqdefault.jpg,Not Applicable
LxhhkJPBihs,SECRET EARLY STREAM,1/24/2022,8:08:11,5:19:41,19181,1956830,55391,0,2.83,0.0,,Gaming,Stream,True,https://i.ytimg.com/vi/LxhhkJPBihs/hqdefault.jpg,Not Applicable
kcPBOWzKW94,got booted,1/23/2022,5:17:12,1:03,63,1691422,46736,2928,2.76,0.17,,Misc,Regular Video,False,https://i.ytimg.com/vi/kcPBOWzKW94/hqdefault.jpg,Not Applicable
Fya-zUQwAps,YOOOO GUESS WHAT,1/23/2022,5:11:50,2:36:46,9406,1150647,41753,1584,3.63,0.14,,Variety Stream,Stream,True,https://i.ytimg.com/vi/Fya-zUQwAps/hqdefault.jpg,Not Applicable
VPhug8z_UUM,IShowSpeed - F.U.C. (Official Music Video) {Prod. syzy} (TWERKNATION28) @ShotBySlipz,1/22/2022,2:05:08,1:58,118,4026829,163070,10149,4.05,0.25,['ShotBySlipz'],Music,Stream,True,https://i.ytimg.com/vi/VPhug8z_UUM/hqdefault.jpg,Not Applicable
9OyT9SlKaFY,IShowSpeed - Shake Pt.2  (Official Music Video)  {Prod. DJ Shawny} @ShotBySlipz,1/22/2022,2:00:08,3:29,209,26803578,855515,32988,3.19,0.12,"['ShotBySlipz', 'DJ Shawny']",Music,Stream,True,https://i.ytimg.com/vi/9OyT9SlKaFY/hqdefault.jpg,Not Applicable
GHYori9AlYs,PRE BIRTHDAY STREAM🎉,1/21/2022,5:21:32,2:53:54,10434,956324,34817,3578,3.64,0.37,,Gaming,Stream,True,https://i.ytimg.com/vi/GHYori9AlYs/hqdefault.jpg,Not Applicable
1QsR-iDubnI,EARLY STREAM,1/20/2022,7:46:46,6:50:50,24650,1486633,40688,950,2.74,0.06,,Gaming,Stream,True,https://i.ytimg.com/vi/1QsR-iDubnI/hqdefault.jpg,Not Applicable
kQyfyIv4_eU,WENDSDAY,1/19/2022,5:22:37,1:34:27,5667,657430,19592,1753,2.98,0.27,,IRL / Vlog,Stream,True,https://i.ytimg.com/vi/kQyfyIv4_eU/hqdefault.jpg,Not Applicable
AvIFsUMaerw,MLK DAY,1/17/2022,9:29:54,5:42:50,20570,1396022,39428,2092,2.82,0.15,,IRL / Vlog,Stream,True,https://i.ytimg.com/vi/AvIFsUMaerw/hqdefault.jpg,Not Applicable
1GHXAJl4qug,PART 2 SREAM,1/16/2022,9:19:20,3:20:50,12050,3364357,49965,2115,1.49,0.06,,Variety Stream,Stream,True,https://i.ytimg.com/vi/1GHXAJl4qug/hqdefault.jpg,Not Applicable
bBnmpMfM93I,PART 1 STREAM,1/16/2022,5:35:27,2:04:24,7464,617225,17575,749,2.85,0.12,,Gaming,Stream,True,https://i.ytimg.com/vi/bBnmpMfM93I/hqdefault.jpg,Not Applicable
WCVhx56h3VI,20 FRIDAY,1/15/2022,8:45:43,4:51:18,17478,1074972,28837,1341,2.68,0.12,,IRL / Vlog,Stream,True,https://i.ytimg.com/vi/WCVhx56h3VI/hqdefault.jpg,Not Applicable
h1B8Rcq-xT4,LATE NIGHT VIBES,1/14/2022,8:06:30,4:06:07,14767,1016033,29756,1868,2.93,0.18,,Variety Stream,Stream,True,https://i.ytimg.com/vi/h1B8Rcq-xT4/hqdefault.jpg,Not Applicable
lgL8bN2A-xs,IM ALIVE,1/12/2022,5:49:57,3:56:30,14190,4050178,65087,3449,1.61,0.09,,IRL / Vlog,Stream,True,https://i.ytimg.com/vi/lgL8bN2A-xs/hqdefault.jpg,Not Applicable
fTsa0sPHMUA,WHO LIKES SCHOOL? (Fnaf Vr),1/11/2022,4:46:14,2:25:50,8750,1634180,44553,1579,2.73,0.1,,IRL / Vlog,Stream,True,https://i.ytimg.com/vi/fTsa0sPHMUA/hqdefault.jpg,Not Applicable
UxdUCYmh5oU,yessir speedgang4L❤️,1/10/2022,6:31:30,1:36,96,821645,66929,9482,8.15,1.15,,Misc,Regular Video,False,https://i.ytimg.com/vi/UxdUCYmh5oU/hqdefault.jpg,Not Applicable
cOQAAvT1RlA,i can’t stream no more💔 (help),1/10/2022,5:57:38,2:42,162,1727867,154237,21866,8.93,1.27,,Gaming,Regular Video,False,https://i.ytimg.com/vi/cOQAAvT1RlA/hqdefault.jpg,Not Applicable
doTT8rZzTF8,im sick bro L,1/9/2022,7:11:44,4:08:06,14886,1086022,31041,1265,2.86,0.12,,Variety Stream,Stream,True,https://i.ytimg.com/vi/doTT8rZzTF8/hqdefault.jpg,Not Applicable
3tnujMwTe3U,FUN FRIDAY BACK,1/8/2022,14:43:02,9:09:21,32961,1938379,48859,2444,2.52,0.13,,IRL / Vlog,Stream,True,https://i.ytimg.com/vi/3tnujMwTe3U/hqdefault.jpg,Not Applicable
la_0rpYGNwA,NOT GOING TO SLEEP,1/7/2022,8:44:30,5:01:34,18094,1135264,31608,1944,2.78,0.17,,IRL / Vlog,Stream,True,https://i.ytimg.com/vi/la_0rpYGNwA/hqdefault.jpg,Not Applicable
mqIMvvm0Nbk,L MONDAY,1/4/2022,7:07:38,5:07:43,18463,1193562,32701,2703,2.74,0.23,,IRL / Vlog,Stream,True,https://i.ytimg.com/vi/mqIMvvm0Nbk/hqdefault.jpg,Not Applicable
3-3BfJnoHLU,merry new years,1/2/2022,9:40:18,6:34:47,23687,1059771,29017,990,2.74,0.09,,Variety Stream,Stream,True,https://i.ytimg.com/vi/3-3BfJnoHLU/hqdefault.jpg,Not Applicable
ZIPCptw_Otg,EARLY STREAM!,12/30/2021,7:04:50,4:23:46,15826,3580180,127681,8138,3.57,0.23,,Gaming,Stream,True,https://i.ytimg.com/vi/ZIPCptw_Otg/hqdefault.jpg,Not Applicable
nMrJHIP-x64,DAILY STREAM,12/29/2021,7:27:01,3:31:54,12714,904970,23659,873,2.61,0.1,,Gaming,Stream,True,https://i.ytimg.com/vi/nMrJHIP-x64/hqdefault.jpg,Not Applicable
vepq-PL16a0,pull up,12/28/2021,9:01:22,5:46:01,20761,1033101,28621,864,2.77,0.08,,Variety Stream,Stream,True,https://i.ytimg.com/vi/vepq-PL16a0/hqdefault.jpg,Not Applicable
Sj19AwKoBFU,sorry,12/24/2021,7:25:50,3:41:32,13292,1432618,39590,2046,2.76,0.14,,Variety Stream,Stream,True,https://i.ytimg.com/vi/Sj19AwKoBFU/hqdefault.jpg,Not Applicable
tlz1XAp8OxA,TURN UP,12/23/2021,8:25:08,3:55:36,14136,1094145,33991,1566,3.11,0.14,,Variety Stream,Stream,True,https://i.ytimg.com/vi/tlz1XAp8OxA/hqdefault.jpg,Not Applicable
qlPcuvNECDg,MY MOM SAID I CAN SATY UP ALL NIGHT!!!!!!!!,12/19/2021,7:31:07,4:07:06,14826,1198390,35626,2035,2.97,0.17,,Variety Stream,Stream,True,https://i.ytimg.com/vi/qlPcuvNECDg/hqdefault.jpg,Not Applicable
2ppTKNKAJMI,TATTO IRL STREAM! (5 TTS),12/19/2021,0:28:59,30:26:00,1826,232472,7529,508,3.24,0.22,,IRL / Vlog,Stream,True,https://i.ytimg.com/vi/2ppTKNKAJMI/hqdefault.jpg,Not Applicable
eZRYyi8rfIU,SCARY GAME FNAF + OMEGLE *RARE DELETED STREAM**,12/18/2021,19:12:30,2:12:07,7927,1848450,50021,4141,2.71,0.22,,Gaming,Regular Video,False,https://i.ytimg.com/vi/eZRYyi8rfIU/hqdefault.jpg,Not Applicable
0SRX5R_oOBw,YURRRRR WE LIVEEEE,12/17/2021,5:11:32,2:48:00,10080,435052,13621,629,3.13,0.14,,IRL / Vlog,Stream,True,https://i.ytimg.com/vi/0SRX5R_oOBw/hqdefault.jpg,Not Applicable
NY0IyVCSIGg,3million……..,12/15/2021,5:03:07,2:51:55,10315,828975,36671,2237,4.42,0.27,,Variety Stream,Stream,True,https://i.ytimg.com/vi/NY0IyVCSIGg/hqdefault.jpg,Not Applicable
GyG9m0-SFsQ,2 more days.....,12/14/2021,6:56:34,2:58:57,10737,591859,19430,871,3.28,0.15,,IRL / Vlog,Stream,True,https://i.ytimg.com/vi/GyG9m0-SFsQ/hqdefault.jpg,Not Applicable
WeXuZIg8S-0,HOME STRETCH..,12/11/2021,6:50:38,5:34:40,20080,587381,19970,903,3.4,0.15,,Variety Stream,Stream,True,https://i.ytimg.com/vi/WeXuZIg8S-0/hqdefault.jpg,Not Applicable
3Ewco1HEVbU,JOIN THE LIVE IF YOU WANT GOODLUCK!!!!!,12/10/2021,5:51:48,2:24:24,8664,349194,11106,330,3.18,0.09,,IRL / Vlog,Stream,True,https://i.ytimg.com/vi/3Ewco1HEVbU/hqdefault.jpg,Not Applicable
rMzpDYtrwmg,i promise im 19,12/9/2021,6:37:52,3:24:29,12269,978930,14281,535,1.46,0.05,,Variety Stream,Stream,True,https://i.ytimg.com/vi/rMzpDYtrwmg/hqdefault.jpg,Not Applicable
0fup2Xg6d4I,new fortnite + more!!!!,12/6/2021,4:14:51,2:28:11,8891,563280,16716,1200,2.97,0.21,,Gaming,Stream,True,https://i.ytimg.com/vi/0fup2Xg6d4I/hqdefault.jpg,Not Applicable
6awaRCB8H0E,MY FIRST IRL STREAM ( $5 TTS ),12/6/2021,1:04:53,2:38:55,9535,536008,17315,728,3.23,0.14,,IRL / Vlog,Stream,True,https://i.ytimg.com/vi/6awaRCB8H0E/hqdefault.jpg,Not Applicable
HK1yKXLYC_w,IShowSpeed Vs. Clix $1000 POT FORTITE WAGERE NOW! FORTNITE LIVE STREAM NOW!,12/3/2021,3:23:12,1:05:48,3948,1757669,41089,2637,2.34,0.15,,Gaming,Stream,True,https://i.ytimg.com/vi/HK1yKXLYC_w/hqdefault.jpg,Not Applicable
9PO2HaPdezI,friday night litt streamm.......,11/27/2021,4:51:06,2:28:39,8919,337844,11416,471,3.38,0.14,,Gaming,Stream,True,https://i.ytimg.com/vi/9PO2HaPdezI/hqdefault.jpg,Not Applicable
8ejKVJtPFGc,thanksgiving stream special with my father,11/26/2021,5:29:45,2:09:07,7747,1457303,57741,2499,3.96,0.17,,Gaming,Stream,True,https://i.ytimg.com/vi/8ejKVJtPFGc/hqdefault.jpg,Not Applicable
_NY3dYtWPcY,IShowSpeed - One Piece (Official Music Video) {Prod. M4RSHALL},11/24/2021,2:45:19,3:04,184,4125329,195440,9028,4.74,0.22,,Music,Regular Video,False,https://i.ytimg.com/vi/_NY3dYtWPcY/hqdefault.jpg,Not Applicable
FFPSMcYsf1I,IShowSpeed - I Dont Like You (Official Music Video) {Prod : Ronio},11/24/2021,2:45:11,2:09,129,850813,38745,2356,4.55,0.28,,Music,Stream,True,https://i.ytimg.com/vi/FFPSMcYsf1I/hqdefault.jpg,Not Applicable
0_GxhbN2Uow,IShowSpeed & Yahnnis - How I Feel (Official Music Video) {Prod : RicoGotThatFye},11/24/2021,2:45:10,3:03,183,750157,30625,2637,4.08,0.35,,Music,Regular Video,False,https://i.ytimg.com/vi/0_GxhbN2Uow/hqdefault.jpg,Not Applicable
GEO6UvjSgjU,IShowSpeed - Love In These Streets (Official Music Video),11/24/2021,2:45:02,2:51,171,1693856,65344,3225,3.86,0.19,,Music,Regular Video,False,https://i.ytimg.com/vi/GEO6UvjSgjU/hqdefault.jpg,Not Applicable
wYZux3BMc5k,IShowSpeed - Shake (Official Music Video),11/24/2021,2:31:12,2:37,157,226422891,5189945,169016,2.29,0.07,,Music,Stream,True,https://i.ytimg.com/vi/wYZux3BMc5k/hqdefault.jpg,Not Applicable
qhyQJRUcfYM,going live at a school,11/23/2021,20:00:19,25:21:00,1521,1337532,54495,1570,4.07,0.12,,IRL / Vlog,Stream,True,https://i.ytimg.com/vi/qhyQJRUcfYM/hqdefault.jpg,Not Applicable
lZ-ahubDf2s,LETS GET LIT,11/20/2021,5:18:01,2:19:06,8346,352565,11891,690,3.37,0.2,,Variety Stream,Stream,True,https://i.ytimg.com/vi/lZ-ahubDf2s/hqdefault.jpg,Not Applicable
Ff_5vAuvbi0,single speed,11/16/2021,3:00:46,1:04:46,3886,361780,18669,1392,5.16,0.38,,Music,Stream,True,https://i.ytimg.com/vi/Ff_5vAuvbi0/hqdefault.jpg,Not Applicable
jJazmDfRAQA,i’m apologize for all the crime i have committed,11/15/2021,5:08:27,2:19,139,416820,25917,3888,6.22,0.93,,Misc,Regular Video,False,https://i.ytimg.com/vi/jJazmDfRAQA/hqdefault.jpg,Not Applicable
azClu6IHmZk,got a baddie over right now help me out,11/14/2021,6:13:44,3:08:35,11315,885532,25717,1710,2.9,0.19,,Variety Stream,Stream,True,https://i.ytimg.com/vi/azClu6IHmZk/hqdefault.jpg,Not Applicable
YM5ratHHKmQ,trolling people but it’s irl,11/13/2021,22:26:21,26:58:00,1618,153261,6534,465,4.26,0.3,,IRL / Vlog,Stream,True,https://i.ytimg.com/vi/YM5ratHHKmQ/hqdefault.jpg,Not Applicable
6dMMET40I8M,ava came back **deleted stream**,11/13/2021,6:59:01,14:57,897,2123148,42913,4750,2.02,0.22,['Ava'],Gaming,Regular Video,False,https://i.ytimg.com/vi/6dMMET40I8M/hqdefault.jpg,Not Applicable
Bx7-SHOOldA,"CLEANING MY ROOM FOR THE FIRDT TIM,E!",11/10/2021,7:48:55,3:32:34,12754,514621,13053,452,2.54,0.09,,IRL / Vlog,Stream,True,https://i.ytimg.com/vi/Bx7-SHOOldA/hqdefault.jpg,Not Applicable
7U7yh7s48As,FRIDAY NIGHT FOOTBALL,11/6/2021,0:39:59,1:16:29,4589,312152,13787,947,4.42,0.3,,Gaming,Stream,True,https://i.ytimg.com/vi/7U7yh7s48As/hqdefault.jpg,Not Applicable
v1wsYs7mEDM,SPEED GANGGGGGGGGG,11/5/2021,5:06:07,3:48:07,13687,1070863,21482,744,2.01,0.07,,Variety Stream,Stream,True,https://i.ytimg.com/vi/v1wsYs7mEDM/hqdefault.jpg,Not Applicable
9TMKHurzOkc,BOOTER IS GOING TO JAIL IM TIRED OF IT  IO ALREADY TOLDS MY MOM ABOUT IT,11/4/2021,4:49:21,2:22:02,8522,451370,13336,747,2.95,0.17,,Variety Stream,Stream,True,https://i.ytimg.com/vi/9TMKHurzOkc/hqdefault.jpg,Not Applicable
GzkBG0K_8ao,WE ARE HERE,11/4/2021,2:02:54,39:00:00,2340,289144,10598,634,3.67,0.22,,Variety Stream,Stream,True,https://i.ytimg.com/vi/GzkBG0K_8ao/hqdefault.jpg,Not Applicable
iZfhYlLH7F0,I FAILED,11/3/2021,3:07:27,1:42:33,6153,464922,15951,949,3.43,0.2,,Variety Stream,Stream,True,https://i.ytimg.com/vi/iZfhYlLH7F0/hqdefault.jpg,Not Applicable
YHzKINFGad8,HAPPY HALLOWEEN,11/1/2021,4:46:21,2:49:01,10141,1389845,43739,2234,3.15,0.16,,Variety Stream,Stream,True,https://i.ytimg.com/vi/YHzKINFGad8/hqdefault.jpg,Not Applicable
27rQ86ZyS-U,blind date,10/29/2021,2:12:44,1:16:37,4597,405551,14934,1915,3.68,0.47,,Variety Stream,Stream,True,https://i.ytimg.com/vi/27rQ86ZyS-U/hqdefault.jpg,Not Applicable
_Jq0R1OqlzY,cooking stream,10/28/2021,2:38:51,36:55:00,2215,321561,13191,857,4.1,0.27,,Gaming,Stream,True,https://i.ytimg.com/vi/_Jq0R1OqlzY/hqdefault.jpg,Not Applicable
6tvRv7N1E_c,FIRST GTA RP STREAM,10/27/2021,2:39:16,1:36:03,5763,2671728,55314,2051,2.07,0.08,,Gaming,Stream,True,https://i.ytimg.com/vi/6tvRv7N1E_c/hqdefault.jpg,Not Applicable
HLfnXkIatVY,i gotta stop💔,10/27/2021,2:26:30,1:06,66,533225,34581,6911,6.49,1.3,,Misc,Regular Video,False,https://i.ytimg.com/vi/HLfnXkIatVY/hqdefault.jpg,Not Applicable
4waTOANVSYg,L SPEEED,10/26/2021,3:49:28,2:26:01,8761,372994,14542,438,3.9,0.12,,Variety Stream,Stream,True,https://i.ytimg.com/vi/4waTOANVSYg/hqdefault.jpg,Not Applicable
hbU85Yx7AVU,going on a blind date,10/26/2021,1:04:06,1:05:31,3931,348433,13511,2008,3.88,0.58,,Variety Stream,Stream,True,https://i.ytimg.com/vi/hbU85Yx7AVU/hqdefault.jpg,Not Applicable
T6naKsxk8OA,scary game stream,10/25/2021,4:07:07,2:41:34,9694,1354938,26762,773,1.98,0.06,,Gaming,Stream,True,https://i.ytimg.com/vi/T6naKsxk8OA/hqdefault.jpg,Not Applicable
3pYoacEkAC0,my ex comin over kinda nervous,10/22/2021,4:18:59,3:52:08,13928,912650,36577,2124,4.01,0.23,,Variety Stream,Stream,True,https://i.ytimg.com/vi/3pYoacEkAC0/hqdefault.jpg,Not Applicable
MqdCyVpY5As,announcement.....,10/21/2021,2:55:43,1:58:08,7088,374066,14402,894,3.85,0.24,,Variety Stream,Stream,True,https://i.ytimg.com/vi/MqdCyVpY5As/hqdefault.jpg,Not Applicable
pEZCaFR-bNY,speed back + Poppys Playtime,10/20/2021,3:05:24,1:50:45,6645,751546,28129,1713,3.74,0.23,,Gaming,Stream,True,https://i.ytimg.com/vi/pEZCaFR-bNY/hqdefault.jpg,Not Applicable
vQVZmotqN6E,couples  therapy,10/19/2021,4:07:44,2:31:17,9077,1396445,53415,5035,3.83,0.36,,Music,Stream,True,https://i.ytimg.com/vi/vQVZmotqN6E/hqdefault.jpg,Not Applicable
hTJZ9cj7w_Q,IShowSpeed - NFL Freestyle (Official Music Video) @StreetShark00,10/16/2021,20:30:09,2:58,178,3189437,129347,7203,4.06,0.23,,Music,Stream,True,https://i.ytimg.com/vi/hTJZ9cj7w_Q/hqdefault.jpg,Not Applicable
Ib2eJ8AAtwU,IShowSpeed - One More Chance (Official Audio),10/16/2021,3:59:43,2:25,145,762377,45434,6581,5.96,0.86,,Music,Regular Video,False,https://i.ytimg.com/vi/Ib2eJ8AAtwU/hqdefault.jpg,Not Applicable
WLj1oJV381U,.,10/15/2021,1:42:07,2:16,136,601545,39324,11699,6.54,1.94,,Misc,Regular Video,False,https://i.ytimg.com/vi/WLj1oJV381U/hqdefault.jpg,Not Applicable
NM65ikXiaP8,did i lose my v card?,10/15/2021,1:28:37,42:30:00,2550,662074,30298,5905,4.58,0.89,,Variety Stream,Stream,True,https://i.ytimg.com/vi/NM65ikXiaP8/hqdefault.jpg,Not Applicable
qiQPiLGxpy4,IShowSpeed Vs Power DF $500 POT WAGER RIGHT NOW $$$! NBA 2K22  LIVE STREAM NOW!!!,10/14/2021,4:29:39,3:17:02,11822,423070,13461,731,3.18,0.17,,Gaming,Stream,True,https://i.ytimg.com/vi/qiQPiLGxpy4/hqdefault.jpg,Not Applicable
9TnGLMZV1Qs,yooooooo,10/13/2021,2:49:38,1:41:00,6060,603877,24369,1391,4.04,0.23,,Variety Stream,Stream,True,https://i.ytimg.com/vi/9TnGLMZV1Qs/hqdefault.jpg,Not Applicable
Crdt5p2bYK0,roblox live stream,10/12/2021,4:08:43,1:27:59,5279,418899,13066,977,3.12,0.23,,IRL / Vlog,Stream,True,https://i.ytimg.com/vi/Crdt5p2bYK0/hqdefault.jpg,Not Applicable
uNlVJbYLuJQ,new dog + sleep steam,10/11/2021,5:44:28,3:28:46,12526,5911582,116254,8694,1.97,0.15,,IRL / Vlog,Stream,True,https://i.ytimg.com/vi/uNlVJbYLuJQ/hqdefault.jpg,Not Applicable
ppsX65vMnF0,fortnite with dream,10/9/2021,4:44:48,1:34:06,5646,420111,19417,1292,4.62,0.31,,Gaming,Stream,True,https://i.ytimg.com/vi/ppsX65vMnF0/hqdefault.jpg,Not Applicable
oR4FsMfjT8M,7-Oct-21,10/8/2021,2:26:30,1:01,61,7779705,371731,12390,4.78,0.16,,Misc,Regular Video,False,https://i.ytimg.com/vi/oR4FsMfjT8M/hqdefault.jpg,Not Applicable
rB6WAuX4ae0,ROBLOX LIVE STREAM,10/8/2021,1:56:57,41:24:00,2484,227673,10400,685,4.57,0.3,,IRL / Vlog,Stream,True,https://i.ytimg.com/vi/rB6WAuX4ae0/hqdefault.jpg,Not Applicable
uBeQjk8B_sY,proposing to dream live on stream,10/7/2021,2:51:54,2:21:28,8488,800925,31051,1555,3.88,0.19,,Music,Stream,True,https://i.ytimg.com/vi/uBeQjk8B_sY/hqdefault.jpg,Not Applicable
NTyK-dFMJno,gettin a tatoo live on stream,10/6/2021,22:36:19,2:03:17,7397,355964,14619,844,4.11,0.24,,IRL / Vlog,Stream,True,https://i.ytimg.com/vi/NTyK-dFMJno/hqdefault.jpg,Not Applicable
cH4mrYa91GA,im quitting basketball,10/5/2021,20:04:02,15:11,911,274845,12282,1889,4.47,0.69,,Gaming,Regular Video,False,https://i.ytimg.com/vi/cH4mrYa91GA/hqdefault.jpg,Not Applicable
l4rZlizOiEw,tryna get my ex back,10/4/2021,2:38:16,2:07:11,7631,1293381,42990,4441,3.32,0.34,,Variety Stream,Stream,True,https://i.ytimg.com/vi/l4rZlizOiEw/hqdefault.jpg,Not Applicable
0IAIgb4NEnc,IShowSpeed Vs Faze Sway $5000 INTENSE WAGER  NOW! LIVE STREAM NOW!,10/2/2021,4:26:17,2:30:33,9033,519992,15635,900,3.01,0.17,"['Faze', 'Faze Sway']",IRL / Vlog,Stream,True,https://i.ytimg.com/vi/0IAIgb4NEnc/hqdefault.jpg,Not Applicable
qEdc5JsuTEk,asking her out live on stream *im nervous*,9/30/2021,3:35:34,47:58:00,2878,1372370,55981,6149,4.08,0.45,,IRL / Vlog,Stream,True,https://i.ytimg.com/vi/qEdc5JsuTEk/hqdefault.jpg,Not Applicable
WnrMV1p9LnU,gettin set up on my last blind date,9/28/2021,1:23:15,36:45:00,2205,1060677,56889,7751,5.36,0.73,,IRL / Vlog,Stream,True,https://i.ytimg.com/vi/WnrMV1p9LnU/hqdefault.jpg,Not Applicable
UbeKx5s3RGU,bald,9/26/2021,3:54:12,1:01,61,1013999,43635,9578,4.3,0.94,,Misc,Regular Video,False,https://i.ytimg.com/vi/UbeKx5s3RGU/hqdefault.jpg,Not Applicable
FpiQZe1bRqo,🔴 GET ON NBA 2K22 LIVE STREAM🔴 SCARY GAME LIVE STREAM🔴,9/25/2021,7:47:12,2:28:18,8898,362181,12314,401,3.4,0.11,,Gaming,Stream,True,https://i.ytimg.com/vi/FpiQZe1bRqo/hqdefault.jpg,Not Applicable
2IP1Q3qXHgk,irl stream,9/24/2021,23:23:36,1:03:28,3808,351027,16890,636,4.81,0.18,,IRL / Vlog,Stream,True,https://i.ytimg.com/vi/2IP1Q3qXHgk/hqdefault.jpg,Not Applicable
Ua5pzl5D-vs,IShowSpeed Vs NRG RONALDO  $1000 POT WAGER ON COD! CALL OF DUTY LIVE STREAM!,9/24/2021,4:34:02,56:55:00,3415,1323180,34530,2356,2.61,0.18,['Ronaldo'],IRL / Vlog,Stream,True,https://i.ytimg.com/vi/Ua5pzl5D-vs/hqdefault.jpg,Not Applicable
65ZbbS8Xa6w,IShowSpeed - Bounce That A$$ (Official Music Video),9/23/2021,4:00:12,1:57,117,24316946,694350,28553,2.86,0.12,,Music,Stream,True,https://i.ytimg.com/vi/65ZbbS8Xa6w/hqdefault.jpg,Not Applicable
tsPNG_uqAqc,💔,9/22/2021,4:04:16,1:31,91,1019600,87520,10882,8.58,1.07,,Misc,Regular Video,False,https://i.ytimg.com/vi/tsPNG_uqAqc/hqdefault.jpg,Not Applicable
U_U5kwSNAlo,scary late night game,9/22/2021,3:56:40,40:29:00,2429,5450414,152275,11462,2.79,0.21,,Gaming,Stream,True,https://i.ytimg.com/vi/U_U5kwSNAlo/hqdefault.jpg,Not Applicable
0YgVK3ht9Hw,IShowSpeed Vs NRG RONALDO $5000 POT WAGER FORTNITE NOW! FORTNITE LIVE STREAM!,9/21/2021,0:19:03,1:42:27,6147,1298213,34059,1826,2.62,0.14,['Ronaldo'],Gaming,Stream,True,https://i.ytimg.com/vi/0YgVK3ht9Hw/hqdefault.jpg,Not Applicable
B-fIkX8981I,irl stream,9/20/2021,4:47:38,1:43:03,6183,727754,34859,1083,4.79,0.15,,IRL / Vlog,Stream,True,https://i.ytimg.com/vi/B-fIkX8981I/hqdefault.jpg,Not Applicable
Z3Ci-zuW7kc,why i’m not dating no more…..💔,9/19/2021,1:33:37,22:58,1378,851524,33290,6075,3.91,0.71,,Misc,Regular Video,False,https://i.ytimg.com/vi/Z3Ci-zuW7kc/hqdefault.jpg,Not Applicable
rkhzFDnZNqQ,my last date,9/19/2021,1:20:23,44:11:00,2651,667533,25454,2178,3.81,0.33,,Variety Stream,Stream,True,https://i.ytimg.com/vi/rkhzFDnZNqQ/hqdefault.jpg,Not Applicable
1PnShprfudw,with ava,9/18/2021,0:55:21,1:38:37,5917,1444685,48061,5576,3.33,0.39,['Ava'],IRL / Vlog,Stream,True,https://i.ytimg.com/vi/1PnShprfudw/hqdefault.jpg,Not Applicable
qKgyHnDvDkU,IShowSpeed Vs Faze Sway $5000 POT WAGER FINALLE! FORTNITE LIVE STREAM WAGER!,9/17/2021,3:33:58,1:04:17,3857,841024,27408,1881,3.26,0.22,"['Faze', 'Faze Sway']",Gaming,Stream,True,https://i.ytimg.com/vi/qKgyHnDvDkU/hqdefault.jpg,Not Applicable
r2VeR2xx6qg,speed vs cash nasty irl basketball,9/16/2021,4:12:20,8:41,521,2565542,89189,3672,3.48,0.14,['Cash Nasty'],Gaming,Regular Video,False,https://i.ytimg.com/vi/r2VeR2xx6qg/hqdefault.jpg,Not Applicable
u3PHOPokvtw,irl stream,9/16/2021,3:54:02,15:56,956,272209,14722,1823,5.41,0.67,,IRL / Vlog,Stream,True,https://i.ytimg.com/vi/u3PHOPokvtw/hqdefault.jpg,Not Applicable
YVujqDyW-30,"speed x ski mask,",9/14/2021,5:27:07,31:56:00,1916,973345,49025,1679,5.04,0.17,['ski mask'],Sports,Stream,True,https://i.ytimg.com/vi/YVujqDyW-30/hqdefault.jpg,Not Applicable
HkAd-y8jTfY,gaming stream 2k/gta/rocket league/fortnite/scary,9/13/2021,5:17:38,2:10:45,7845,398677,19516,750,4.9,0.19,,Gaming,Stream,True,https://i.ytimg.com/vi/HkAd-y8jTfY/hqdefault.jpg,Not Applicable
AsCqq7hlgKE,ava came back 2,9/12/2021,1:59:28,17:44,1064,618950,25571,3952,4.13,0.64,['Ava'],IRL / Vlog,Stream,True,https://i.ytimg.com/vi/AsCqq7hlgKE/hqdefault.jpg,Not Applicable
ZAgBbAbpUJY,the truth…. am i homo,9/12/2021,1:58:54,1:30,90,1966689,123368,5260,6.27,0.27,,IRL / Vlog,Regular Video,False,https://i.ytimg.com/vi/ZAgBbAbpUJY/hqdefault.jpg,Not Applicable
ue1EUl9DwIQ,ava came back,9/12/2021,1:40:40,49:49:00,2989,864580,34455,3827,3.99,0.44,['Ava'],IRL / Vlog,Stream,True,https://i.ytimg.com/vi/ue1EUl9DwIQ/hqdefault.jpg,Not Applicable
QJJwquUIFQc,speed x nle choppa,9/11/2021,5:26:12,1:10:04,4204,6073385,182039,5116,3.0,0.08,,Variety Stream,Stream,True,https://i.ytimg.com/vi/QJJwquUIFQc/hqdefault.jpg,Not Applicable
bWbKg340wrk,with friends,9/10/2021,3:38:22,1:25:45,5145,709990,33989,2251,4.79,0.32,,IRL / Vlog,Stream,True,https://i.ytimg.com/vi/bWbKg340wrk/hqdefault.jpg,Not Applicable
zUlioNxzgZY,asking my crush out on stream,9/8/2021,6:04:21,1:22:42,4962,2128348,86160,7318,4.05,0.34,,Gaming,Stream,True,https://i.ytimg.com/vi/zUlioNxzgZY/hqdefault.jpg,Not Applicable
5W4aIKT5wkY,IShowSpeed Vs Tyceno $5000 POT WAGER RIGHT NOW  LIVE! NBA 2K2O LIVE STREAM!,9/6/2021,7:04:03,2:52:33,10353,1311740,29522,894,2.25,0.07,,Gaming,Stream,True,https://i.ytimg.com/vi/5W4aIKT5wkY/hqdefault.jpg,Not Applicable
CdOLwmQrwbY,my girlfriend is coming over,9/6/2021,0:58:46,45:14:00,2714,901011,43328,4345,4.81,0.48,,IRL / Vlog,Stream,True,https://i.ytimg.com/vi/CdOLwmQrwbY/hqdefault.jpg,Not Applicable
8noUhRt7HLQ,pool stream with adin and females,9/5/2021,5:03:04,47:32:00,2852,1443868,45887,1347,3.18,0.09,['Adin'],Gaming,Stream,True,https://i.ytimg.com/vi/8noUhRt7HLQ/hqdefault.jpg,Not Applicable
JDp5ejGBnkY,with ava,9/5/2021,3:59:56,4:27,267,919750,29045,3945,3.16,0.43,['Ava'],IRL / Vlog,Stream,True,https://i.ytimg.com/vi/JDp5ejGBnkY/hqdefault.jpg,Not Applicable
kNYQU8hUbDY,ouji board stream with adin  **scary**,9/4/2021,4:23:38,1:06:07,3967,456465,21084,2585,4.62,0.57,['Adin'],Gaming,Stream,True,https://i.ytimg.com/vi/kNYQU8hUbDY/hqdefault.jpg,Not Applicable
L0mQOCmeF2A,im moving again + barber cut stream,9/3/2021,2:37:09,2:10:07,7807,914013,33506,1010,3.67,0.11,,Gaming,Stream,True,https://i.ytimg.com/vi/L0mQOCmeF2A/hqdefault.jpg,Not Applicable
gVhApwl_p9k,streaming with my crush tee tee!,9/2/2021,1:05:53,8:11,491,687693,38552,0,5.61,0.0,,Gaming,Stream,True,https://i.ytimg.com/vi/gVhApwl_p9k/hqdefault.jpg,Not Applicable
iV381nBPL4Q,irl stream with speed & adin,9/1/2021,1:34:27,2:00:41,7241,5017762,135767,3323,2.71,0.07,['Adin'],IRL / Vlog,Stream,True,https://i.ytimg.com/vi/iV381nBPL4Q/hqdefault.jpg,Not Applicable
EjuCR9UilM0,speed x soulja boy,8/31/2021,3:54:25,1:47:24,6444,1133136,41167,1688,3.63,0.15,['soulja boy'],Variety Stream,Stream,True,https://i.ytimg.com/vi/EjuCR9UilM0/hqdefault.jpg,Not Applicable
KzuncBekJH0,getting set up on a blind date!!!! finnaly getting a gf,8/30/2021,3:50:03,2:01:56,7316,1224893,44692,3294,3.65,0.27,,Variety Stream,Stream,True,https://i.ytimg.com/vi/KzuncBekJH0/hqdefault.jpg,Not Applicable
_kGlS94F43U,forcing bronny into submission,8/29/2021,5:48:14,1:02,62,1241385,91063,2934,7.34,0.24,,Misc,Regular Video,False,https://i.ytimg.com/vi/_kGlS94F43U/hqdefault.jpg,Not Applicable
DArzL4tRt4c,surprise! speed x adin,8/28/2021,21:35:33,39:46:00,2386,770904,42802,2172,5.55,0.28,['Adin'],Variety Stream,Stream,True,https://i.ytimg.com/vi/DArzL4tRt4c/hqdefault.jpg,Not Applicable
IYEfMbeFddI,where did i move to? *airport vlog*,8/28/2021,0:37:01,54:08:00,3248,519398,30521,1068,5.88,0.21,,IRL / Vlog,Stream,True,https://i.ytimg.com/vi/IYEfMbeFddI/hqdefault.jpg,Not Applicable
HQr2hcgJ5ts,WERE MOVING,8/27/2021,3:43:11,2:45:32,9932,459931,20817,605,4.53,0.13,,IRL / Vlog,Stream,True,https://i.ytimg.com/vi/HQr2hcgJ5ts/hqdefault.jpg,Not Applicable
AKhIYIjhJGI,im leaving **serious fr**,8/26/2021,22:02:27,6:11,371,204795,16482,1721,8.05,0.84,,Variety Stream,Stream,True,https://i.ytimg.com/vi/AKhIYIjhJGI/hqdefault.jpg,Brazil
H4-EPbqExLA,IShowSpeed - Dooty Booty (Official Music Video) [Prod TgX],8/25/2021,1:00:11,2:24,144,7016753,287963,13954,4.1,0.2,,Music,Stream,True,https://i.ytimg.com/vi/H4-EPbqExLA/hqdefault.jpg,Not Applicable
QdyLWc9ovWI,worst sleep stream ever💔,8/23/2021,4:33:25,3:21:09,12069,523739,18791,1820,3.59,0.35,,Gaming,Stream,True,https://i.ytimg.com/vi/QdyLWc9ovWI/hqdefault.jpg,Not Applicable
0Of_Kv1aA6k,first irl stream,8/21/2021,22:30:57,2:00:53,7253,1839213,79838,3322,4.34,0.18,,IRL / Vlog,Stream,True,https://i.ytimg.com/vi/0Of_Kv1aA6k/hqdefault.jpg,Not Applicable
jJ467Xgq8bQ,ROBLOX LIVE STREAM! East Brickton RP + Mimic!,8/20/2021,2:57:24,1:49:13,6553,1153366,30872,1744,2.68,0.15,,IRL / Vlog,Stream,True,https://i.ytimg.com/vi/jJ467Xgq8bQ/hqdefault.jpg,Not Applicable
rwHPl8djuk4,IShowSpeed Vs. Faze Sway $2000 POT WAGER RIGHT NOW! **REMATCH** FORTNITE LIVE STREAM!,8/19/2021,3:49:52,2:43:20,9800,1288200,26558,1374,2.06,0.11,"['Faze', 'Faze Sway']",Gaming,Stream,True,https://i.ytimg.com/vi/rwHPl8djuk4/hqdefault.jpg,Not Applicable
QUqXLEL30G4,the booter is back,8/18/2021,2:50:07,40:09:00,2409,410310,22020,4084,5.37,1.0,,Variety Stream,Stream,True,https://i.ytimg.com/vi/QUqXLEL30G4/hqdefault.jpg,Not Applicable
ri3CjPXDUHc,we live!!,8/18/2021,1:53:33,14,14,226607,8460,835,3.73,0.37,,IRL / Vlog,Stream,True,https://i.ytimg.com/vi/ri3CjPXDUHc/hqdefault.jpg,Not Applicable
fiXhSNMZNm0,IShowSpeed Vs Adin $10000 WAGER RIGHT NOW! NBA 2K21 LIVE STREAM!,8/17/2021,4:55:26,1:53:59,6839,878512,28430,1444,3.24,0.16,['Adin'],Gaming,Stream,True,https://i.ytimg.com/vi/fiXhSNMZNm0/hqdefault.jpg,Not Applicable
jIZXndEs4Us,IShowSpeed Vs Faze Sway $1000 POT WAGER EIGHT NOW!!,8/15/2021,4:33:25,1:02:43,3763,2053586,51144,3975,2.49,0.19,"['Faze', 'Faze Sway']",Sports,Stream,True,https://i.ytimg.com/vi/jIZXndEs4Us/hqdefault.jpg,Not Applicable
0fYuTiakRDM,meet my new gf... *DELETED STREAM*,8/14/2021,4:22:11,1:41:59,6119,2281358,58258,3620,2.55,0.16,,Gaming,Regular Video,False,https://i.ytimg.com/vi/0fYuTiakRDM/hqdefault.jpg,Not Applicable
yeKnlzL0PHI,…..,8/8/2021,3:38:29,32:02:00,1922,484594,29485,3073,6.08,0.63,,Variety Stream,Stream,True,https://i.ytimg.com/vi/yeKnlzL0PHI/hqdefault.jpg,Not Applicable
CVKv9P-MDNg,i cant get booted no more!!!!!!!,8/8/2021,2:27:57,19:23,1163,278485,14503,1547,5.21,0.56,,Variety Stream,Stream,True,https://i.ytimg.com/vi/CVKv9P-MDNg/hqdefault.jpg,Not Applicable
GQ8onQfSwWE,just please stop💔 **serious**,8/7/2021,4:04:29,2:10,130,1143987,112146,13793,9.8,1.21,,Misc,Regular Video,False,https://i.ytimg.com/vi/GQ8onQfSwWE/hqdefault.jpg,Brazil
p-msbu0PX4g,IShowSpeed & Jay Cinco - Lying (Official Music Video),8/6/2021,4:00:09,2:20,140,4272595,247120,14497,5.78,0.34,['Jay Cinco'],Music,Stream,True,https://i.ytimg.com/vi/p-msbu0PX4g/hqdefault.jpg,Not Applicable
1N1NwDIEOO8,booted,8/5/2021,1:54:56,1:16,76,338161,29784,3716,8.81,1.1,,Misc,Regular Video,False,https://i.ytimg.com/vi/1N1NwDIEOO8/hqdefault.jpg,Not Applicable
Hvr8AZS0hUw,sorry i might have to move💔,8/3/2021,4:57:25,1:05,65,544232,53273,5281,9.79,0.97,,Misc,Regular Video,False,https://i.ytimg.com/vi/Hvr8AZS0hUw/hqdefault.jpg,Not Applicable
8BXsEzJGpb8,im back,8/3/2021,4:55:23,27:39:00,1659,386102,25518,2506,6.61,0.65,,Variety Stream,Stream,True,https://i.ytimg.com/vi/8BXsEzJGpb8/hqdefault.jpg,Not Applicable
4SjPRqXnkeA,omegle + kahoot,7/31/2021,4:43:09,2:17:06,8226,515798,20487,498,3.97,0.1,,Variety Stream,Stream,True,https://i.ytimg.com/vi/4SjPRqXnkeA/hqdefault.jpg,Not Applicable
H4z8y_2Ti50,speed vs adin & faze rug irl 1v1 basketball,7/29/2021,19:00:04,9:59,599,2492887,63621,2188,2.55,0.09,"['Adin', 'Faze', 'Faze Rug']",Gaming,Regular Video,False,https://i.ytimg.com/vi/H4z8y_2Ti50/hqdefault.jpg,Not Applicable
KxfjBS7fbac,speed x  kashdami **came back**,7/28/2021,5:57:18,1:05:56,3956,399191,22419,868,5.62,0.22,['Kashdami'],IRL / Vlog,Stream,True,https://i.ytimg.com/vi/KxfjBS7fbac/hqdefault.jpg,Not Applicable
QVVXJV9K35M,speed x  kashdami **left me**,7/28/2021,3:25:45,23:09,1389,239260,18291,805,7.64,0.34,['Kashdami'],Variety Stream,Stream,True,https://i.ytimg.com/vi/QVVXJV9K35M/hqdefault.jpg,Not Applicable
fTYx-lOn-u4,speed vs adin 1v1 basketball,7/24/2021,3:33:46,12:03,723,5965218,232618,6721,3.9,0.11,['Adin'],Gaming,Regular Video,False,https://i.ytimg.com/vi/fTYx-lOn-u4/hqdefault.jpg,Not Applicable
5KMT2OTBxHA,they really left me.....,7/24/2021,2:55:33,1:45:30,6330,603656,32775,873,5.43,0.14,,Variety Stream,Stream,True,https://i.ytimg.com/vi/5KMT2OTBxHA/hqdefault.jpg,Not Applicable
FVC7ogUxnmk,speed x adin,7/22/2021,0:51:25,52:44:00,3164,847477,55460,1506,6.54,0.18,['Adin'],Variety Stream,Stream,True,https://i.ytimg.com/vi/FVC7ogUxnmk/hqdefault.jpg,Not Applicable
pvXMZA5tqIs,first la stream,7/21/2021,8:13:58,11:05,665,368521,29499,1014,8.0,0.28,,Gaming,Stream,True,https://i.ytimg.com/vi/pvXMZA5tqIs/hqdefault.jpg,Not Applicable
vzI5Yo9C10k,im moving out.......💔,7/20/2021,3:34:39,1:18:00,4680,470126,24877,663,5.29,0.14,,IRL / Vlog,Stream,True,https://i.ytimg.com/vi/vzI5Yo9C10k/hqdefault.jpg,Not Applicable
YfYrwiNuXI4,"2 million.......,",7/19/2021,0:01:01,35:19:00,2119,612738,44433,2410,7.25,0.39,,Variety Stream,Stream,True,https://i.ytimg.com/vi/YfYrwiNuXI4/hqdefault.jpg,Not Applicable
8j7r91MXGU4,new confirmed roomate.......ft cuffem,7/18/2021,5:14:18,1:21:39,4899,433359,22556,1050,5.2,0.24,['cuffem'],Variety Stream,Stream,True,https://i.ytimg.com/vi/8j7r91MXGU4/hqdefault.jpg,Not Applicable
6mH5z_RF9kc,soon........,7/17/2021,6:41:51,2:05:06,7506,425600,22881,528,5.38,0.12,,Variety Stream,Stream,True,https://i.ytimg.com/vi/6mH5z_RF9kc/hqdefault.jpg,Not Applicable
j29Yn4TNlZE,im coming home!!,7/16/2021,5:06:02,2:18:25,8305,745722,35714,1160,4.79,0.16,,Variety Stream,Stream,True,https://i.ytimg.com/vi/j29Yn4TNlZE/hqdefault.jpg,Not Applicable
sAOe-h5vHLo,special guest today ft lil uzi vert !!,7/15/2021,4:25:12,57:50:00,3470,637481,33542,2365,5.26,0.37,,IRL / Vlog,Stream,True,https://i.ytimg.com/vi/sAOe-h5vHLo/hqdefault.jpg,Not Applicable
pMuL982Qe60,irl 1v1 basketball Vs my ex boyfriend girlfriend,7/14/2021,16:00:17,11:52,712,391377,21802,5695,5.57,1.46,,Gaming,Regular Video,False,https://i.ytimg.com/vi/pMuL982Qe60/hqdefault.jpg,Not Applicable
RJT1BnvG1ic,special guest today!!,7/14/2021,4:37:09,2:03:18,7398,622858,32964,835,5.29,0.13,,IRL / Vlog,Stream,True,https://i.ytimg.com/vi/RJT1BnvG1ic/hqdefault.jpg,Not Applicable
tgThwokY3kU,we gotta talk + sleep stream,7/12/2021,5:58:57,3:04:40,11080,1001604,41657,1716,4.16,0.17,,Gaming,Stream,True,https://i.ytimg.com/vi/tgThwokY3kU/hqdefault.jpg,Not Applicable
FC33nefuX1M,irl 1v1 basketball,7/11/2021,16:00:14,12:34,754,382274,27361,2124,7.16,0.56,,Gaming,Regular Video,False,https://i.ytimg.com/vi/FC33nefuX1M/hqdefault.jpg,Not Applicable
zot5BvpwKLY,booted,7/10/2021,6:35:29,2:08:27,7707,671379,31191,2061,4.65,0.31,,Variety Stream,Stream,True,https://i.ytimg.com/vi/zot5BvpwKLY/hqdefault.jpg,Not Applicable
yduJg0E2ZIg,1.9million pt 2 ......,7/10/2021,4:09:22,21:49,1309,292110,17209,594,5.89,0.2,,Variety Stream,Stream,True,https://i.ytimg.com/vi/yduJg0E2ZIg/hqdefault.jpg,Not Applicable
znWnQbb2CUI,i might be moving + prank calls,7/9/2021,4:43:37,2:41:15,9675,1222443,48118,1067,3.94,0.09,,IRL / Vlog,Stream,True,https://i.ytimg.com/vi/znWnQbb2CUI/hqdefault.jpg,Not Applicable
22VfBmUusTM,w,7/8/2021,4:20:51,3:26:07,12367,1394456,35868,534,2.57,0.04,,Variety Stream,Stream,True,https://i.ytimg.com/vi/22VfBmUusTM/hqdefault.jpg,Not Applicable
aJjftccXxtY,LA HERE WE COME........,7/7/2021,4:09:25,2:10:49,7849,683185,35824,933,5.24,0.14,,Variety Stream,Stream,True,https://i.ytimg.com/vi/aJjftccXxtY/hqdefault.jpg,Not Applicable
EPn7Ej7LR9Y,1.8 million..............,7/6/2021,0:58:39,51:17:00,3077,556125,37812,1477,6.8,0.27,,Variety Stream,Stream,True,https://i.ytimg.com/vi/EPn7Ej7LR9Y/hqdefault.jpg,Not Applicable
4NoEwYRd0-4,sleep stream,7/4/2021,10:44:49,4:56:21,17781,1741861,74623,2704,4.28,0.16,,Gaming,Stream,True,https://i.ytimg.com/vi/4NoEwYRd0-4/hqdefault.jpg,Not Applicable
eYF2pnEs9qA,1.7 million..............,7/3/2021,5:57:17,1:53:02,6782,1077572,63948,2922,5.93,0.27,,Variety Stream,Stream,True,https://i.ytimg.com/vi/eYF2pnEs9qA/hqdefault.jpg,Not Applicable
jNP3oMhzrGU,history..............,7/2/2021,4:30:27,2:28:17,8897,1980731,96208,3234,4.86,0.16,,Variety Stream,Stream,True,https://i.ytimg.com/vi/jNP3oMhzrGU/hqdefault.jpg,Not Applicable
6dpYBvfgdqs,1.5million..............,7/1/2021,4:57:00,1:20:43,4843,1499476,100130,5314,6.68,0.35,,Variety Stream,Stream,True,https://i.ytimg.com/vi/6dpYBvfgdqs/hqdefault.jpg,Not Applicable
rUeKnpLFS8M,1 million..............,6/30/2021,2:31:26,2:26:51,8811,5965962,285413,16120,4.78,0.27,,Variety Stream,Stream,True,https://i.ytimg.com/vi/rUeKnpLFS8M/hqdefault.jpg,Not Applicable
2SIvp4ww3YY,800k..............,6/29/2021,20:14:26,45:21:00,2721,662761,73181,6797,11.04,1.03,,Variety Stream,Stream,True,https://i.ytimg.com/vi/2SIvp4ww3YY/hqdefault.jpg,Not Applicable
u0g9OaiQbGs,700k..............,6/29/2021,5:45:39,1:46:21,6381,724998,60462,4623,8.34,0.64,,Variety Stream,Stream,True,https://i.ytimg.com/vi/u0g9OaiQbGs/hqdefault.jpg,Not Applicable
D5FYQQm7IYs,600k..............,6/28/2021,4:10:35,1:46:43,6403,906605,59531,5139,6.57,0.57,,Variety Stream,Stream,True,https://i.ytimg.com/vi/D5FYQQm7IYs/hqdefault.jpg,Not Applicable
iUOXEYhhOfU,i failed y’all💔,6/28/2021,4:04:08,1:02,62,889657,94313,9336,10.6,1.05,,Misc,Regular Video,False,https://i.ytimg.com/vi/iUOXEYhhOfU/hqdefault.jpg,Not Applicable
KYeaY_0_btU,we back,6/27/2021,9:14:36,3:02:00,10920,567026,22199,1296,3.91,0.23,,Variety Stream,Stream,True,https://i.ytimg.com/vi/KYeaY_0_btU/hqdefault.jpg,Not Applicable
5qHwW-3RNCA,friday..............,6/26/2021,4:58:35,3:29:42,12582,1138996,23891,1083,2.1,0.1,,IRL / Vlog,Stream,True,https://i.ytimg.com/vi/5qHwW-3RNCA/hqdefault.jpg,Not Applicable
GQFQaa8zzpA,i just caught a L,6/25/2021,4:16:56,2:41:47,9707,405400,20266,706,5.0,0.17,,Variety Stream,Stream,True,https://i.ytimg.com/vi/GQFQaa8zzpA/hqdefault.jpg,Not Applicable
9uVQ3eRZUuA,500k.....,6/24/2021,10:06:43,38:26:00,2306,290700,22681,2770,7.8,0.95,,Variety Stream,Stream,True,https://i.ytimg.com/vi/9uVQ3eRZUuA/hqdefault.jpg,Not Applicable
Ja0Y7lBdg1Y,its happening.....,6/24/2021,4:29:23,3:44:51,13491,2385251,31661,981,1.33,0.04,,Variety Stream,Stream,True,https://i.ytimg.com/vi/Ja0Y7lBdg1Y/hqdefault.jpg,Not Applicable
qSMRf4Z6wW0,400k.....,6/23/2021,2:12:24,1:17:50,4670,420174,31633,3873,7.53,0.92,,Variety Stream,Stream,True,https://i.ytimg.com/vi/qSMRf4Z6wW0/hqdefault.jpg,Not Applicable
WWLkr4HM3xI,IShowSpeed Vs AyCarti & Screenz DF $200 POT WAGER RIGHT NOW $$$! NBA 2K21 LIVE STREAM!,6/22/2021,4:32:13,2:45:15,9915,421396,11900,531,2.82,0.13,,Gaming,Stream,True,https://i.ytimg.com/vi/WWLkr4HM3xI/hqdefault.jpg,Not Applicable
aZLo9SNsCO4,late night,6/21/2021,8:58:42,2:20:07,8407,169049,8034,315,4.75,0.19,,Variety Stream,Stream,True,https://i.ytimg.com/vi/aZLo9SNsCO4/hqdefault.jpg,Not Applicable
9w2xW9-rFl4,W,6/20/2021,4:31:51,1:48:31,6511,259623,12161,944,4.68,0.36,,Variety Stream,Stream,True,https://i.ytimg.com/vi/9w2xW9-rFl4/hqdefault.jpg,Not Applicable
A2CSYgTSAxQ,logo speed? #LOGODAY #SORRYRONNIE #LOGOSPEED #NBA2K21,6/19/2021,0:43:52,1:54:04,6844,219948,9324,833,4.24,0.38,,Gaming,Stream,True,https://i.ytimg.com/vi/A2CSYgTSAxQ/hqdefault.jpg,Not Applicable
g-7-zhaozHs,L,6/18/2021,4:07:55,2:23:29,8609,258618,9153,777,3.54,0.3,,Variety Stream,Stream,True,https://i.ytimg.com/vi/g-7-zhaozHs/hqdefault.jpg,Not Applicable
j2LvFWXcf0k,imagine booting me,6/17/2021,3:52:28,1:48:44,6524,229788,10844,941,4.72,0.41,,Variety Stream,Stream,True,https://i.ytimg.com/vi/j2LvFWXcf0k/hqdefault.jpg,Not Applicable
4lwdKzUgC68,IShowSpeed Vs Luck DF $300 POT WAGER $$$! NBA 2K21 LIVE STREAM!,6/16/2021,3:03:22,2:09:09,7749,584894,14764,841,2.52,0.14,,Gaming,Stream,True,https://i.ytimg.com/vi/4lwdKzUgC68/hqdefault.jpg,Not Applicable
ppcMBgUjdrA,yoooooooooooooooooooo,6/15/2021,4:23:23,1:59:24,7164,199774,9488,316,4.75,0.16,,Variety Stream,Stream,True,https://i.ytimg.com/vi/ppcMBgUjdrA/hqdefault.jpg,Not Applicable
jYhxtic-m0Q,IShowSpeed Vs Alt2k $200 POT WAGER RIGHT NOW! NBA2K21 LIVE STREAM!,6/14/2021,3:42:51,2:14:54,8094,378608,12177,500,3.22,0.13,,Gaming,Stream,True,https://i.ytimg.com/vi/jYhxtic-m0Q/hqdefault.jpg,Not Applicable
F7h8DhFnoWc,this is crazy💔,6/14/2021,3:41:55,1:02,62,303883,20660,1618,6.8,0.53,,IRL / Vlog,Regular Video,False,https://i.ytimg.com/vi/F7h8DhFnoWc/hqdefault.jpg,Not Applicable
pVGcIeD5wQY,the time has come.......,6/12/2021,3:51:48,1:47:13,6433,206995,10599,307,5.12,0.15,,Variety Stream,Stream,True,https://i.ytimg.com/vi/pVGcIeD5wQY/hqdefault.jpg,Not Applicable
dKiv8oRYpgo,300k….,6/10/2021,3:00:44,1:46:10,6370,314974,20346,837,6.46,0.27,,Variety Stream,Stream,True,https://i.ytimg.com/vi/dKiv8oRYpgo/hqdefault.jpg,Not Applicable
HqfHFqxDZHU,stop booting me.....,6/9/2021,3:54:28,1:03:46,3826,292870,12325,1552,4.21,0.53,,Variety Stream,Stream,True,https://i.ytimg.com/vi/HqfHFqxDZHU/hqdefault.jpg,Not Applicable
JmAXFntd8TI,IShowSpeed Vs POWER DF $400 POT WAGER RIGHT NOW $$$! NBA 2K21 LIVE STREAM!,6/8/2021,2:55:04,2:15:32,8132,514016,16449,728,3.2,0.14,,Gaming,Stream,True,https://i.ytimg.com/vi/JmAXFntd8TI/hqdefault.jpg,Not Applicable
QeJPqM4LqxY,IShowSpeed Vs YO G CHILL  (#1 CLAN) BO5 $500 POT WAGER $$$! NBA 2K21 LIVE STREAM!,6/7/2021,6:57:59,2:33:56,9236,409729,9298,305,2.27,0.07,,Gaming,Stream,True,https://i.ytimg.com/vi/QeJPqM4LqxY/hqdefault.jpg,Not Applicable
7GZRancLir4,are we done........,6/6/2021,3:48:34,1:20:57,4857,144935,7443,283,5.14,0.2,,Variety Stream,Stream,True,https://i.ytimg.com/vi/7GZRancLir4/hqdefault.jpg,Not Applicable
pvSw43eO9EE,SURPRISE💔!!!!!!!!!!!!!!! NBA 2K21 LIVE STREAM!,6/5/2021,1:48:00,47:19:00,2839,116825,5653,556,4.84,0.48,,Gaming,Stream,True,https://i.ytimg.com/vi/pvSw43eO9EE/hqdefault.jpg,Not Applicable
UODHvtZk_f8,THEY HACKED MY ACCOUNT (DAY 2)💔! NBA 2K21 LIVE STREAM!,6/4/2021,2:31:29,1:25:53,5153,163319,7165,895,4.39,0.55,,Gaming,Stream,True,https://i.ytimg.com/vi/UODHvtZk_f8/hqdefault.jpg,Not Applicable
Jo31eYl9pDs,THEY HACKED MY ACCOUNT💔! NBA 2K21 LIVE STREAM!,6/3/2021,3:09:31,1:50:10,6610,156341,7158,264,4.58,0.17,,Gaming,Stream,True,https://i.ytimg.com/vi/Jo31eYl9pDs/hqdefault.jpg,Not Applicable
nH8pgLCYTlY,this is really the end💔.....i just can’t mono,6/2/2021,7:02:07,1:13,73,248368,15870,961,6.39,0.39,,Misc,Regular Video,False,https://i.ytimg.com/vi/nH8pgLCYTlY/hqdefault.jpg,Not Applicable
hDG9AfjfLTg,SCARY GAMES LATE NIGHT!!!!!!,6/2/2021,5:25:08,26:35:00,1595,214327,7405,332,3.46,0.15,,Gaming,Stream,True,https://i.ytimg.com/vi/hDG9AfjfLTg/hqdefault.jpg,Not Applicable
BLBQGIStuhQ,IShowSpeed Vs Drew $500 POT BO5 WAGER $$$! NBA 2K21 LIVESTREAM,6/2/2021,3:22:42,1:24:55,5095,155084,6443,315,4.15,0.2,,Gaming,Stream,True,https://i.ytimg.com/vi/BLBQGIStuhQ/hqdefault.jpg,Not Applicable
HfZ5YHiwtsw,my dad got exposed💔,6/1/2021,20:32:45,2:17,137,709288,29866,2352,4.21,0.33,,Misc,Regular Video,False,https://i.ytimg.com/vi/HfZ5YHiwtsw/hqdefault.jpg,Not Applicable
tMClw2bpNMM,SCARY GAMES!!!!!!,6/1/2021,6:02:01,1:56:40,7000,1227026,32730,791,2.67,0.06,,Gaming,Stream,True,https://i.ytimg.com/vi/tMClw2bpNMM/hqdefault.jpg,Not Applicable
vd0ygjneCAM,SCARY GAME,6/1/2021,1:58:26,1:54:06,6846,162536,5701,141,3.51,0.09,,Gaming,Stream,True,https://i.ytimg.com/vi/vd0ygjneCAM/hqdefault.jpg,Not Applicable
NiCL0e-UFUc,i’m sorry💔 **update**,5/30/2021,2:09:23,1:15,75,165045,14071,1495,8.53,0.91,,Misc,Regular Video,False,https://i.ytimg.com/vi/NiCL0e-UFUc/hqdefault.jpg,Not Applicable
pR0xR82RToU,🔴TOXIC COMP STAGE IN NBA2K21! NBA 2K21 LIVE STREAM🔴,5/30/2021,1:58:17,29:07:00,1747,71974,3485,237,4.84,0.33,,Gaming,Stream,True,https://i.ytimg.com/vi/pR0xR82RToU/hqdefault.jpg,Not Applicable
InKc2_Kg1x4,goodbye👋🏽,5/29/2021,3:09:47,1:10,70,292040,25923,3391,8.88,1.16,,Misc,Regular Video,False,https://i.ytimg.com/vi/InKc2_Kg1x4/hqdefault.jpg,Not Applicable
UTxc2jpbRRg,🔴TOXIC COMP STAGE IN NBA2K21! NBA 2K21 LIVE STREAM🔴,5/29/2021,1:47:44,2:18:43,8323,121561,4360,103,3.59,0.08,,Gaming,Stream,True,https://i.ytimg.com/vi/UTxc2jpbRRg/hqdefault.jpg,Not Applicable
Tl4uBUZgpNw,SCARY GAME!!! **WARNING**,5/28/2021,7:00:39,1:36:59,5819,165165,5983,174,3.62,0.11,,Gaming,Stream,True,https://i.ytimg.com/vi/Tl4uBUZgpNw/hqdefault.jpg,Not Applicable
KZ81hmRb8C0,🔴TOXIC COMP STAGE IN NBA2K21! NBA 2K21 LIVE STREAM🔴,5/27/2021,3:10:17,2:07:50,7670,118291,5118,334,4.33,0.28,,Gaming,Stream,True,https://i.ytimg.com/vi/KZ81hmRb8C0/hqdefault.jpg,Not Applicable
8NB5N23DMcc,let my aunt rest in peace🕊💔,5/27/2021,2:26:10,1:22,82,255200,22865,3700,8.96,1.45,,Misc,Regular Video,False,https://i.ytimg.com/vi/8NB5N23DMcc/hqdefault.jpg,Not Applicable
YlS1NAwoBwU,🔴TOXIC COMP STAGE IN NBA2K21! NBA 2K21 LIVE STREAM🔴,5/26/2021,3:01:08,1:57:18,7038,106531,4990,83,4.68,0.08,,Gaming,Stream,True,https://i.ytimg.com/vi/YlS1NAwoBwU/hqdefault.jpg,Not Applicable
BA8ATs7Dbps,🔴TOXIC COMP STAGE IN NBA2K21! NBA 2K21 LIVE STREAM🔴,5/25/2021,9:43:10,2:52:21,10341,746254,9506,202,1.27,0.03,,Gaming,Stream,True,https://i.ytimg.com/vi/BA8ATs7Dbps/hqdefault.jpg,Not Applicable
uTEbNWh2w94,i just found out i’m a famous meme on tiktok..💔 “JUST GIVE IT TO ME”,5/25/2021,6:14:54,1:39,99,585312,45441,1701,7.76,0.29,,IRL / Vlog,Regular Video,False,https://i.ytimg.com/vi/uTEbNWh2w94/hqdefault.jpg,Not Applicable
bOQ8LyZiTlE,MY $10000 GAMING SETUP TOUR👾 + ROOM TOUR🛏! **room reveal**,5/22/2021,6:38:01,3:38,218,2223463,100376,4274,4.51,0.19,,Gaming,Regular Video,False,https://i.ytimg.com/vi/bOQ8LyZiTlE/hqdefault.jpg,Not Applicable
1YHzcfUQVc0,🔴TOXIC COMP STAGE IN NBA2K21! NBA 2K21 LIVE STREAM🔴,5/22/2021,5:19:23,3:37:19,13039,938395,9855,200,1.05,0.02,,Gaming,Stream,True,https://i.ytimg.com/vi/1YHzcfUQVc0/hqdefault.jpg,Not Applicable
r4Mdba7BBko,🔴TOXIC COMP STAGE IN NBA2K21! NBA 2K21 LIVE STREAM🔴,5/21/2021,4:21:02,2:00:16,7216,110228,5161,155,4.68,0.14,,Gaming,Stream,True,https://i.ytimg.com/vi/r4Mdba7BBko/hqdefault.jpg,Not Applicable
OSFzegWheik,🔴TOXIC COMP STAGE IN NBA2K21! NBA 2K21 LIVE STREAM🔴,5/20/2021,2:29:18,1:54:13,6853,110156,5793,286,5.26,0.26,,Gaming,Stream,True,https://i.ytimg.com/vi/OSFzegWheik/hqdefault.jpg,Not Applicable
1-neUvMyGNs,bald,5/18/2021,2:33:30,1:01,61,15325792,151606,16235,0.99,0.11,,Misc,Regular Video,False,https://i.ytimg.com/vi/1-neUvMyGNs/hqdefault.jpg,Not Applicable
A5nfC2lkOPk,IShowSpeed Shaves His Head For 200K Special 🤦🏾‍♂️,5/18/2021,2:14:38,1:00:09,3609,123895,10295,368,8.31,0.3,,Variety Stream,Stream,True,https://i.ytimg.com/vi/A5nfC2lkOPk/hqdefault.jpg,Not Applicable
P8jvbFWyJo4,🔴TOXIC PARK 2S LIVE🔴 NBA 2K21 LIVE STREAM 🔴,5/17/2021,3:48:07,1:40:30,6030,114228,4240,169,3.71,0.15,,Gaming,Stream,True,https://i.ytimg.com/vi/P8jvbFWyJo4/hqdefault.jpg,Not Applicable
qw-HTm4MnnI,🔵WINNING RUSH 2v2 LIVE🔵BEST WINNING THE EVENT IN NBA 2K21 LIVE STREAM🔵,5/16/2021,5:09:24,2:09:02,7742,105661,4776,257,4.52,0.24,,Gaming,Stream,True,https://i.ytimg.com/vi/qw-HTm4MnnI/hqdefault.jpg,Not Applicable
2jL5Vg36Ey0,somebody just came up to me......,5/16/2021,2:25:23,1:04,64,165680,16321,1084,9.85,0.65,,Misc,Regular Video,False,https://i.ytimg.com/vi/2jL5Vg36Ey0/hqdefault.jpg,Not Applicable
MSkB6a4T30c,🔴TOXIC COMP STAGE IN NBA2K21! NBA 2K21 LIVE STREAM🔴,5/14/2021,4:35:07,1:42:19,6139,121103,6437,200,5.32,0.17,,Gaming,Stream,True,https://i.ytimg.com/vi/MSkB6a4T30c/hqdefault.jpg,Not Applicable
6MHv7nglljc,TOXIC REC ROOM LIVE STREAM😂😂!,5/13/2021,2:10:59,1:44:25,6265,111691,5465,193,4.89,0.17,,IRL / Vlog,Stream,True,https://i.ytimg.com/vi/6MHv7nglljc/hqdefault.jpg,Not Applicable
D1wPEz_QMJk,🔴TOXIC COMP STAGE IN NBA2K21! NBA 2K21 LIVE STREAM🔴,5/12/2021,3:00:02,1:36:56,5816,116136,6089,136,5.24,0.12,,Gaming,Stream,True,https://i.ytimg.com/vi/D1wPEz_QMJk/hqdefault.jpg,Not Applicable
lUWYaJN7wMo,🔴TOXIC COMP STAGE IN NBA2K21! NBA 2K21 LIVE STREAM🔴,5/11/2021,1:38:02,1:30:40,5440,118010,5748,254,4.87,0.22,,Gaming,Stream,True,https://i.ytimg.com/vi/lUWYaJN7wMo/hqdefault.jpg,Not Applicable
bEwAGukBg0U,people pullin up to my house💔,5/11/2021,1:32:30,3:02,182,600965,47133,3543,7.84,0.59,,IRL / Vlog,Regular Video,False,https://i.ytimg.com/vi/bEwAGukBg0U/hqdefault.jpg,Not Applicable
6Wes5O_HeHc,🔴TOXIC COMP STAGE IN NBA2K21! NBA 2K21 LIVE STREAM🔴,5/10/2021,2:42:06,2:42:15,9735,164139,6571,692,4.0,0.42,,Gaming,Stream,True,https://i.ytimg.com/vi/6Wes5O_HeHc/hqdefault.jpg,Not Applicable
LpkRGnB-Ies,i had to leave the house.....,5/9/2021,0:37:17,1:15,75,210476,20411,1428,9.7,0.68,,IRL / Vlog,Regular Video,False,https://i.ytimg.com/vi/LpkRGnB-Ies/hqdefault.jpg,Not Applicable
8j6ShMIanfs,takin it too far,5/8/2021,2:16:53,25,25,3544283,233168,0,6.58,0.0,,Misc,Shorts,False,https://i.ytimg.com/vi/8j6ShMIanfs/hqdefault.jpg,Not Applicable
ib89wJNiRDQ,🔴TOXIC COMP STAGE IN NBA2K21! NBA 2K21 LIVE STREAM🔴,5/7/2021,1:54:02,1:53:35,6815,141379,6214,239,4.4,0.17,,Gaming,Stream,True,https://i.ytimg.com/vi/ib89wJNiRDQ/hqdefault.jpg,Not Applicable
iQKuP3OQNuw,🔴TOXIC COMP STAGE IN NBA2K21! NBA 2K21 LIVE STREAM🔴,5/6/2021,2:50:41,1:53:05,6785,111404,5519,261,4.95,0.23,,Gaming,Stream,True,https://i.ytimg.com/vi/iQKuP3OQNuw/hqdefault.jpg,Not Applicable
s2dVgfZkAdo,🔴TOXIC COMP STAGE IN NBA2K21! NBA 2K21 LIVE STREAM🔴,5/5/2021,2:55:05,1:21:00,4860,111579,5613,565,5.03,0.51,,Gaming,Stream,True,https://i.ytimg.com/vi/s2dVgfZkAdo/hqdefault.jpg,Not Applicable
CQn11P46BEw,she cheated on me......💔,5/5/2021,2:54:57,6:00,360,674247,61847,5083,9.17,0.75,,Misc,Regular Video,False,https://i.ytimg.com/vi/CQn11P46BEw/hqdefault.jpg,Not Applicable
84GfndAWOlQ,FALL GUYS LIVE STREAM!,5/4/2021,3:39:22,51:18:00,3078,155819,5254,230,3.37,0.15,,IRL / Vlog,Stream,True,https://i.ytimg.com/vi/84GfndAWOlQ/hqdefault.jpg,Not Applicable
QrsSnUjDEb8,(xbox day 2)🔴 TOXIC COMP STAGE IN NBA 2K21! NBA 2K21 LIVE STREAM!🔴,5/4/2021,2:21:55,2:26:52,8812,117898,4254,125,3.61,0.11,,Gaming,Stream,True,https://i.ytimg.com/vi/QrsSnUjDEb8/hqdefault.jpg,Not Applicable
d2k3PIHNgcM,(XBOX DAY 1) 🔴TOXIC COMP STAGE IN NBA 2K21! NBA 2K21 LIVE STREAM!🔴,5/3/2021,2:52:01,3:02:19,10939,478933,8790,323,1.84,0.07,,Gaming,Stream,True,https://i.ytimg.com/vi/d2k3PIHNgcM/hqdefault.jpg,Not Applicable
7ZHTg_bpK44,they think i’m crazy now✌🏽 **cops called**,5/3/2021,2:42:04,47,47,164685,10221,1157,6.21,0.7,,IRL / Vlog,Shorts,False,https://i.ytimg.com/vi/7ZHTg_bpK44/hqdefault.jpg,Not Applicable
mzmK0qPxU9M,they say speed don’t get girls💔 **gf reveal**,5/1/2021,11:45:01,8,8,308859,8677,0,2.81,0.0,,IRL / Vlog,Shorts,False,https://i.ytimg.com/vi/mzmK0qPxU9M/hqdefault.jpg,Not Applicable
lEXNgv-iXT8,🔴 99.9% PERCENT TO SS3 ! NBA 2K21 LIVE STREAM!🔴,5/1/2021,2:38:16,2:47:05,10025,173085,6716,251,3.88,0.15,,Gaming,Stream,True,https://i.ytimg.com/vi/lEXNgv-iXT8/hqdefault.jpg,Not Applicable
w5XmhObteHE,🔴 98% PERCENT TO SS3 ! NBA 2K21 LIVE STREAM!🔴,4/30/2021,2:15:20,2:27:43,8863,140532,8019,120,5.71,0.09,,Gaming,Stream,True,https://i.ytimg.com/vi/w5XmhObteHE/hqdefault.jpg,Not Applicable
hifOtgtB88s,🔴 97% PERCENT TO SS3 ! NBA 2K21 LIVE STREAM!🔴,4/29/2021,1:09:10,1:14:44,4484,111731,6513,561,5.83,0.5,,Gaming,Stream,True,https://i.ytimg.com/vi/hifOtgtB88s/hqdefault.jpg,Not Applicable
VcV1U1HMPh4,🔴 REC ROOM LIVE STREAM 🔴,4/28/2021,3:00:05,1:53:46,6826,123216,6523,442,5.29,0.36,,IRL / Vlog,Stream,True,https://i.ytimg.com/vi/VcV1U1HMPh4/hqdefault.jpg,Not Applicable
jDjz6qkRSFc,y’all really gotta chill💔,4/27/2021,2:16:14,29,29,6307096,432995,8869,6.87,0.14,,Misc,Shorts,False,https://i.ytimg.com/vi/jDjz6qkRSFc/hqdefault.jpg,Not Applicable
uzAYMW9Dt80,🔴 95% PERCENT TO SS3 ! NBA 2K21 LIVE STREAM!🔴,4/27/2021,1:47:32,1:53:57,6837,125688,7205,554,5.73,0.44,,Gaming,Stream,True,https://i.ytimg.com/vi/uzAYMW9Dt80/hqdefault.jpg,Not Applicable
o7aZWkESPqE,🔴2x REP 95% PERCENT TO SS3 ! NBA 2K21 LIVE STREAM!🔴,4/26/2021,2:11:22,2:00:23,7223,122275,5790,156,4.74,0.13,,Gaming,Stream,True,https://i.ytimg.com/vi/o7aZWkESPqE/hqdefault.jpg,Not Applicable
fuYlumDzCSU,i got doxxed💔,4/25/2021,2:29:58,58,58,370373,18994,1983,5.13,0.54,,Misc,Shorts,False,https://i.ytimg.com/vi/fuYlumDzCSU/hqdefault.jpg,Not Applicable
N5d5N_Y-3HI,TOXIC REC ROOM😂! REC ROOM LIVE STREAM!,4/25/2021,2:21:43,1:38:57,5937,103863,4239,209,4.08,0.2,,IRL / Vlog,Stream,True,https://i.ytimg.com/vi/N5d5N_Y-3HI/hqdefault.jpg,Not Applicable
NZHI41EeV1c,Q&A.......? WHAT HAPPENED TO MY AUNT💔? HOW OLD ARE YOU?,4/23/2021,11:45:03,12:20,740,410790,27857,2180,6.78,0.53,,Misc,Regular Video,False,https://i.ytimg.com/vi/NZHI41EeV1c/hqdefault.jpg,Not Applicable
piNhY4OTDdU,🔴TOXIC COMP STAGE IN NBA2K21! NBA 2K21 LIVE STREAM🔴,4/23/2021,4:01:24,3:31:31,12691,964603,12327,234,1.28,0.02,,Gaming,Stream,True,https://i.ytimg.com/vi/piNhY4OTDdU/hqdefault.jpg,Not Applicable
qKJwrz0lqMk,i might have to leave🤦🏽‍♂️,4/22/2021,1:26:17,18,18,3494095,264761,0,7.58,0.0,,Misc,Shorts,False,https://i.ytimg.com/vi/qKJwrz0lqMk/hqdefault.jpg,Not Applicable
TgAVhcKA080,TOXIC REC ROOM  😂😂! REC ROOM LIVE STREAM!,4/22/2021,1:03:07,1:33:22,5602,111596,5485,0,4.92,0.0,,IRL / Vlog,Stream,True,https://i.ytimg.com/vi/TgAVhcKA080/hqdefault.jpg,Not Applicable
pJEeiw8ZSek,TOXIC REC ROOM 😂😂! REC ROOM LIVE STREAM!,4/21/2021,1:41:58,2:13:10,7990,431023,10444,403,2.42,0.09,,IRL / Vlog,Stream,True,https://i.ytimg.com/vi/pJEeiw8ZSek/hqdefault.jpg,Not Applicable
Hs5E-t-pwRg,100k.......💔,4/20/2021,3:11:29,45,45,4977348,285156,8724,5.73,0.18,,Misc,Shorts,False,https://i.ytimg.com/vi/Hs5E-t-pwRg/hqdefault.jpg,Not Applicable
Oxpxtrzc-xM,100K SUBS LETS GOOO,4/20/2021,3:03:33,1:46:41,6401,182674,11403,780,6.24,0.43,,Gaming,Stream,True,https://i.ytimg.com/vi/Oxpxtrzc-xM/hqdefault.jpg,Not Applicable
JAeSIWqq6wo,🔴TOXIC COMP STAGE IN NBA2K21! NBA 2K21 LIVE STREAM🔴,4/19/2021,2:38:37,1:42:32,6152,113088,6116,153,5.41,0.14,,Gaming,Stream,True,https://i.ytimg.com/vi/JAeSIWqq6wo/hqdefault.jpg,Not Applicable
NRIPl3VhcV8,🔴TOXIC COMP STAGE IN NBA2K21! NBA 2K21 LIVE STREAM🔴,4/18/2021,1:31:54,2:01:39,7299,108190,5387,299,4.98,0.28,,Gaming,Stream,True,https://i.ytimg.com/vi/NRIPl3VhcV8/hqdefault.jpg,Not Applicable
I028ErI-5BQ,i don’t have roaches,4/18/2021,1:21:05,26,26,1058112,65542,1603,6.19,0.15,,Misc,Shorts,False,https://i.ytimg.com/vi/I028ErI-5BQ/hqdefault.jpg,Not Applicable
AgpgXANzRGE,i been having this problem since i was little......💔,4/17/2021,12:00:08,1:10,70,935789,17732,821,1.89,0.09,,Misc,Regular Video,False,https://i.ytimg.com/vi/AgpgXANzRGE/hqdefault.jpg,Not Applicable
RfGg89mxJGQ,🔴 NBA 2k20 STREAM PULL UP!!!🔵,4/17/2021,2:50:33,2:51:51,10311,110523,4331,89,3.92,0.08,,Gaming,Stream,True,https://i.ytimg.com/vi/RfGg89mxJGQ/hqdefault.jpg,Not Applicable
_JQwmUIRL9U,🔴 TOXIC COMP PARK BEST GUARD WITH THE BEST JUMPSHOT IN NBA 2K21 🔴,4/16/2021,2:39:57,2:50:30,10230,307414,7378,510,2.4,0.17,,Gaming,Stream,True,https://i.ytimg.com/vi/_JQwmUIRL9U/hqdefault.jpg,Not Applicable
eT2YfYQNqVc,i finnaly met ADIN ROSS💔! **EMOTINAL**,4/15/2021,5:42:24,1:13,73,227770,8195,582,3.6,0.26,['Adin'],IRL / Vlog,Regular Video,False,https://i.ytimg.com/vi/eT2YfYQNqVc/hqdefault.jpg,Not Applicable
ZvdzF0uqFvA,DOWNFALL OF POSTSCORERS DAY 2....💔! NBA2K21 LIVE STREAM!,4/15/2021,2:28:22,2:50:37,10237,130559,5725,117,4.38,0.09,,Gaming,Stream,True,https://i.ytimg.com/vi/ZvdzF0uqFvA/hqdefault.jpg,Not Applicable
7hZuccAB9Mo,DOWNFALL OF POSTSCORERS DAY 1....💔! NBA2K21 LIVE STREAM!,4/14/2021,2:55:14,3:02:27,10947,145811,5887,240,4.04,0.16,,Gaming,Stream,True,https://i.ytimg.com/vi/7hZuccAB9Mo/hqdefault.jpg,Not Applicable
i_wffQ8S4bQ,goodbye youtube💔,4/14/2021,2:21:19,43,43,2907377,187631,5868,6.45,0.2,,Misc,Shorts,False,https://i.ytimg.com/vi/i_wffQ8S4bQ/hqdefault.jpg,Not Applicable
a8OfANLOdbI,RIP POSTSCORERS AND ZENS....💔! NBA2K21 LIVE STREAM!,4/13/2021,1:34:03,1:54:09,6849,143145,5994,296,4.19,0.21,,Gaming,Stream,True,https://i.ytimg.com/vi/a8OfANLOdbI/hqdefault.jpg,Not Applicable
rBgWIGShBSk,my message.....✌🏽,4/13/2021,1:09:09,1:15,75,107156,6281,924,5.86,0.86,,Misc,Regular Video,False,https://i.ytimg.com/vi/rBgWIGShBSk/hqdefault.jpg,Not Applicable
pA6ArcBWIns,🔵WINNING RUSH 1v1 LIVE🔵BEST  WINNING THE EVENT IN NBA 2K21 LIVE STREAM🔵,4/12/2021,3:10:30,2:03:19,7399,84103,4132,228,4.91,0.27,,Gaming,Stream,True,https://i.ytimg.com/vi/pA6ArcBWIns/hqdefault.jpg,Not Applicable
ab9nQcIZSUQ,am i better than you at basketball🏀? **PROOF**,4/11/2021,20:14:06,1:24,84,272867,10523,687,3.86,0.25,,Gaming,Regular Video,False,https://i.ytimg.com/vi/ab9nQcIZSUQ/hqdefault.jpg,Not Applicable
APOVj8NNlLM,🔵WINNING RUSH 1v1 LIVE🔵BEST  WINNING THE EVENT IN NBA 2K21 LIVE STREAM🔵,4/11/2021,3:06:18,3:35:21,12921,854656,9548,217,1.12,0.03,,Gaming,Stream,True,https://i.ytimg.com/vi/APOVj8NNlLM/hqdefault.jpg,Not Applicable
aJ1f6sqz1ac,do i stank💔,4/10/2021,5:39:44,10,10,8736480,497501,4311,5.69,0.05,,Misc,Shorts,False,https://i.ytimg.com/vi/aJ1f6sqz1ac/hqdefault.jpg,Not Applicable
9OUiTkA1pYM,🔴TOXIC COMP STAGE IN NBA2K21! NBA 2K21 LIVE STREAM🔴,4/10/2021,3:34:57,2:34:05,9245,89352,4107,67,4.6,0.07,,Gaming,Stream,True,https://i.ytimg.com/vi/9OUiTkA1pYM/hqdefault.jpg,Not Applicable
9jfv1m1Nfkg,🔴TOXIC COMP STAGE IN NBA2K21! NBA 2K21 LIVE STREAM🔴,4/9/2021,2:33:44,2:25:55,8755,75964,3397,60,4.47,0.08,,Gaming,Stream,True,https://i.ytimg.com/vi/9jfv1m1Nfkg/hqdefault.jpg,Not Applicable
aaEVotmd-5g,🔴TOXIC COMP STAGE IN NBA2K21! NBA 2K21 LIVE STREAM🔴,4/8/2021,2:33:27,1:20:08,4808,62708,2935,155,4.68,0.25,,Gaming,Stream,True,https://i.ytimg.com/vi/aaEVotmd-5g/hqdefault.jpg,Not Applicable
FaHh5vllyRg,this what y’all wanted✌🏽,4/8/2021,2:24:55,34,34,5124108,260248,6449,5.08,0.13,,Misc,Shorts,False,https://i.ytimg.com/vi/FaHh5vllyRg/hqdefault.jpg,Not Applicable
hTkR7fpgW1A,y’all gotta chill🤦🏽‍♂️,4/7/2021,3:46:14,53,53,5965258,472544,10547,7.92,0.18,,Misc,Shorts,False,https://i.ytimg.com/vi/hTkR7fpgW1A/hqdefault.jpg,Not Applicable
AcwikxYuDk8,🔴TOXIC COMP STAGE IN NBA2K21! NBA 2K21 LIVE STREAM🔴,4/7/2021,2:26:26,2:29:29,8969,70504,3064,50,4.35,0.07,,Gaming,Stream,True,https://i.ytimg.com/vi/AcwikxYuDk8/hqdefault.jpg,Not Applicable
Ngvv2BWU1-0,🔴TOXIC COMP STAGE IN NBA2K21! NBA 2K21 LIVE STREAM🔴,4/6/2021,4:05:34,3:35:50,12950,590657,7242,285,1.23,0.05,,Gaming,Stream,True,https://i.ytimg.com/vi/Ngvv2BWU1-0/hqdefault.jpg,Not Applicable
Kz04xFynVgA,why💔,4/6/2021,2:57:23,1:22,82,159583,9333,1374,5.85,0.86,,Misc,Regular Video,False,https://i.ytimg.com/vi/Kz04xFynVgA/hqdefault.jpg,Not Applicable
DY1DFrFpH4M,🔴TOXIC COMP STAGE IN NBA2K21! NBA 2K21 LIVE STREAM🔴,4/5/2021,2:30:39,2:02:38,7358,56937,2509,75,4.41,0.13,,Gaming,Stream,True,https://i.ytimg.com/vi/DY1DFrFpH4M/hqdefault.jpg,Not Applicable
LLbS77lkPeY,are you stronger than me💪🏽?,4/5/2021,2:07:58,15,15,1897333,63025,2891,3.32,0.15,,Misc,Shorts,False,https://i.ytimg.com/vi/LLbS77lkPeY/hqdefault.jpg,Not Applicable
CKiaYmzzOkg,🔴TOXIC COMP STAGE IN NBA2K21! NBA 2K21 LIVE STREAM🔴,4/4/2021,2:45:05,2:56:19,10579,134537,2652,56,1.97,0.04,,Gaming,Stream,True,https://i.ytimg.com/vi/CKiaYmzzOkg/hqdefault.jpg,Not Applicable
uksZiy_rYLw,**HURRY BEFORE ITS PATCHED** RONNIE PUT A *NEW* VC GLITCH IN NBA2K21🧀! NEW UNLIMITED VC GLITCH NOW!,4/3/2021,13:45:04,4:54,294,57741,2078,247,3.6,0.43,,Gaming,Regular Video,False,https://i.ytimg.com/vi/uksZiy_rYLw/hqdefault.jpg,Not Applicable
I7yZW11tv70,the reason why i didn’t get a logo💔,4/2/2021,23:50:00,29,29,4583394,311242,4637,6.79,0.1,,Misc,Shorts,False,https://i.ytimg.com/vi/I7yZW11tv70/hqdefault.jpg,Not Applicable
1qzWKRuPBU4,#LOGOSPEED 🔴 FIRST POSTSCORER TO GET A LOGO IN NBA2K21! MAKING HISTORY LIVE ! #RONNIE2K #LOGODAY 🔴,4/2/2021,23:30:54,2:54:39,10479,73392,3292,49,4.49,0.07,,Gaming,Stream,True,https://i.ytimg.com/vi/1qzWKRuPBU4/hqdefault.jpg,Not Applicable
gHAQUhmWag0,name reveal😢,4/2/2021,3:10:00,11,11,34625285,1909703,57769,5.52,0.17,,Misc,Shorts,False,https://i.ytimg.com/vi/gHAQUhmWag0/hqdefault.jpg,Not Applicable
mWZ_CK3Bdcc,🔴TOXIC COMP STAGE IN NBA2K21! NBA 2K21 LIVE STREAM🔴,4/2/2021,1:18:42,1:18:16,4696,35489,1476,79,4.16,0.22,,Gaming,Stream,True,https://i.ytimg.com/vi/mWZ_CK3Bdcc/hqdefault.jpg,Not Applicable
zsuLE6BoLpg,i gotta quit youtube💔,4/1/2021,4:25:00,8,8,4444983,257192,8685,5.79,0.2,,Misc,Shorts,False,https://i.ytimg.com/vi/zsuLE6BoLpg/hqdefault.jpg,Not Applicable
Xx2vnEn8Gm8,🔴TOXIC COMP STAGE IN NBA2K21! NBA 2K21 LIVE STREAM🔴,4/1/2021,4:04:48,3:09:06,11346,141760,2337,53,1.65,0.04,,Gaming,Stream,True,https://i.ytimg.com/vi/Xx2vnEn8Gm8/hqdefault.jpg,Not Applicable
NMN_SCsrEF4,my backflip💔 **sorry**,3/31/2021,2:33:31,43,43,454800,12019,649,2.64,0.14,,Misc,Shorts,False,https://i.ytimg.com/vi/NMN_SCsrEF4/hqdefault.jpg,Not Applicable
nFcfJO1gYVU,THEY GOT YOUR IP PRANK ON LITTLE BROTHER PRANK! **HE CRIED**,3/30/2021,14:45:01,37,37,2884267,119535,4625,4.14,0.16,,IRL / Vlog,Shorts,False,https://i.ytimg.com/vi/nFcfJO1gYVU/hqdefault.jpg,Not Applicable
ebo6SWOVCSM,🔴TOXIC COMP STAGE IN NBA2K21! NBA 2K21 LIVE STREAM🔴,3/30/2021,2:36:47,2:00:57,7257,47656,1857,30,3.9,0.06,,Gaming,Stream,True,https://i.ytimg.com/vi/ebo6SWOVCSM/hqdefault.jpg,Not Applicable
LqYlYrIg7KM,I MADE HIM CRY😢! 1v1 MY BROTHER FOR TALKINH SH*T (irl basketball)! **INTENSE**,3/29/2021,14:45:00,4:30,270,436787,19050,1071,4.36,0.25,,Gaming,Regular Video,False,https://i.ytimg.com/vi/LqYlYrIg7KM/hqdefault.jpg,Not Applicable
_1r8tomZ11E,TOXIC RUNNING PARK WITH SUBS,3/29/2021,4:48:03,3:13:29,11609,262349,3675,63,1.4,0.02,,IRL / Vlog,Stream,True,https://i.ytimg.com/vi/_1r8tomZ11E/hqdefault.jpg,Not Applicable
1dC6wp1LZxw,🟡WINNING BASKETBALL GODZ LIVE IN NBA 2K21🟡 WINNING THE NEW EVENT NBA2K21 LIVE STREAM🟡,3/28/2021,2:30:16,1:59:21,7161,45732,1709,68,3.74,0.15,,Gaming,Stream,True,https://i.ytimg.com/vi/1dC6wp1LZxw/hqdefault.jpg,Not Applicable
0jNPujTHvH4,weirdos booting  me💔,3/28/2021,1:55:08,31,31,562175,28500,563,5.07,0.1,,Misc,Shorts,False,https://i.ytimg.com/vi/0jNPujTHvH4/hqdefault.jpg,Not Applicable
zjzDAI5M7Xg,🔴TOXIC COMP STAGE IN NBA2K21! NBA 2K21 LIVE STREAM🔴,3/27/2021,1:20:56,2:12:50,7970,42495,1545,48,3.64,0.11,,Gaming,Stream,True,https://i.ytimg.com/vi/zjzDAI5M7Xg/hqdefault.jpg,Not Applicable
3kmgPDrstL0,again😡,3/27/2021,1:07:46,13,13,1463999,60795,2206,4.15,0.15,,Misc,Shorts,False,https://i.ytimg.com/vi/3kmgPDrstL0/hqdefault.jpg,Not Applicable
BFOdZotsZZM,pulling a famous tiktok girl number🥰 **proof**,3/26/2021,15:45:01,2:41,161,84717,3015,298,3.56,0.35,,IRL / Vlog,Regular Video,False,https://i.ytimg.com/vi/BFOdZotsZZM/hqdefault.jpg,Not Applicable
5Vw_YWuwoVk,🔴TOXIC COMP STAGE IN NBA2K21! NBA 2K21 LIVE STREAM🔴,3/26/2021,2:09:35,2:09:45,7785,42531,1761,24,4.14,0.06,,Gaming,Stream,True,https://i.ytimg.com/vi/5Vw_YWuwoVk/hqdefault.jpg,Not Applicable
M6CdBwf2wUo,i tested positive💔,3/25/2021,17:15:01,29,29,1276769,81432,3106,6.38,0.24,,Misc,Shorts,False,https://i.ytimg.com/vi/M6CdBwf2wUo/hqdefault.jpg,Not Applicable
_xat8BC58mQ,🔴TOXIC COMP STAGE IN NBA2K21! NBA 2K21 LIVE STREAM🔴,3/25/2021,2:27:53,3:18:19,11899,266413,3398,59,1.28,0.02,,Gaming,Stream,True,https://i.ytimg.com/vi/_xat8BC58mQ/hqdefault.jpg,Not Applicable
5rMcY05lf0c,Mike Wang TOOK MY 50 GAME STREAK IN NBA2K21! I GOT BANNED BECAUSE OF THIS😔! **LIVE REACTION**,3/23/2021,18:00:01,7:43,463,39483,1604,236,4.06,0.6,,Gaming,Regular Video,False,https://i.ytimg.com/vi/5rMcY05lf0c/hqdefault.jpg,Not Applicable
Ons6CSqp7Bs,🔴TOXIC COMP STAGE IN NBA2K21! NBA 2K21 LIVE STREAM🔴,3/23/2021,2:51:02,2:13:29,8009,48545,2079,36,4.28,0.07,,Gaming,Stream,True,https://i.ytimg.com/vi/Ons6CSqp7Bs/hqdefault.jpg,Not Applicable
9u6Kmos17eo,the day i made somebody quit football💔? **sad**,3/22/2021,15:45:30,1:20,80,681295,13721,839,2.01,0.12,,Gaming,Regular Video,False,https://i.ytimg.com/vi/9u6Kmos17eo/hqdefault.jpg,Not Applicable
YBZRBKfS3Nc,🔴TOXIC COMP STAGE IN NBA2K21! NBA 2K21 LIVE STREAM🔴,3/21/2021,2:19:18,2:38:12,9492,50051,1648,67,3.29,0.13,,Gaming,Stream,True,https://i.ytimg.com/vi/YBZRBKfS3Nc/hqdefault.jpg,Not Applicable
9awzWnAvRBk,i took a shower😢,3/20/2021,15:45:00,1:08,68,169627,6806,750,4.01,0.44,,Misc,Regular Video,False,https://i.ytimg.com/vi/9awzWnAvRBk/hqdefault.jpg,Not Applicable
ejfppE7D8bA,🔴TOXIC COMP STAGE IN NBA2K21! NBA 2K21 LIVE STREAM🔴,3/20/2021,2:19:25,2:43:49,9829,35365,1390,17,3.93,0.05,,Gaming,Stream,True,https://i.ytimg.com/vi/ejfppE7D8bA/hqdefault.jpg,Not Applicable
JcMPPcRPNfM,🔴TOXIC COMP STAGE IN NBA2K21! NBA 2K21 LIVE STREAM🔴,3/19/2021,2:55:28,2:08:11,7691,38649,1691,23,4.38,0.06,,Gaming,Stream,True,https://i.ytimg.com/vi/JcMPPcRPNfM/hqdefault.jpg,Not Applicable
TUOblrjxWxQ,i can’t believe i dunked😳! **EMOTIONAL**,3/17/2021,15:45:02,2:52,172,561006,41798,1547,7.45,0.28,,Misc,Regular Video,False,https://i.ytimg.com/vi/TUOblrjxWxQ/hqdefault.jpg,Not Applicable
jmXnxXuGatM,🔴TOXIC COMP STAGE IN NBA2K21! NBA 2K21 LIVE STREAM🔴,3/17/2021,1:55:51,2:31:54,9114,52593,2072,43,3.94,0.08,,Gaming,Stream,True,https://i.ytimg.com/vi/jmXnxXuGatM/hqdefault.jpg,Not Applicable
BuGZl83PSwI,MY $10000 GAMING SETUP👾 + HOUSE TOUR🛏!,3/16/2021,15:45:00,2:41,161,200680,7733,489,3.85,0.24,,Gaming,Regular Video,False,https://i.ytimg.com/vi/BuGZl83PSwI/hqdefault.jpg,Not Applicable
XheQX6DNfLk,🔴NBA2K20 LIVE STREAM🔴,3/16/2021,2:19:16,2:36:01,9361,44198,1866,53,4.22,0.12,,Gaming,Stream,True,https://i.ytimg.com/vi/XheQX6DNfLk/hqdefault.jpg,Not Applicable
6njKZyb6frQ,IShowSpeed Vs SantannaDiffernt 1v1 WAGER $$$! SantannaDifffernt EXPOSED💔?  **INTENSE**,3/15/2021,15:45:00,4:24,264,43851,1392,205,3.17,0.47,,Gaming,Regular Video,False,https://i.ytimg.com/vi/6njKZyb6frQ/hqdefault.jpg,Not Applicable
hJK3sIcjL3E,🔴TOXIC COMP STAGE IN NBA2K21! NBA 2K21 LIVE STREAM🔴,3/15/2021,3:51:28,2:06:05,7565,43061,1932,34,4.49,0.08,,Gaming,Stream,True,https://i.ytimg.com/vi/hJK3sIcjL3E/hqdefault.jpg,Not Applicable
rrVyB7o2hhc,they say speed cant hoop🏀?,3/14/2021,15:45:01,36,36,1277493,26652,1649,2.09,0.13,,Misc,Shorts,False,https://i.ytimg.com/vi/rrVyB7o2hhc/hqdefault.jpg,Not Applicable
w_gJlZXqXo0,🔴PLAYING IN THE COMP STAGE WIT SANTANADIFFERENT AND THE BEST FEMALE ON 2K 🔴,3/14/2021,4:39:36,4:04:09,14649,50144,1842,14,3.67,0.03,,Gaming,Stream,True,https://i.ytimg.com/vi/w_gJlZXqXo0/hqdefault.jpg,Not Applicable
vioTSEzXTbk,PRANK CALLS NOW!!!!,3/13/2021,3:03:35,2:44:15,9855,114703,2338,53,2.04,0.05,,IRL / Vlog,Stream,True,https://i.ytimg.com/vi/vioTSEzXTbk/hqdefault.jpg,Not Applicable
dWCDYrTRbSQ,THEY SCAMMED ME OUT MY $1000 PS5.....💔! CONFRONTED THE SCAMMER (LIVE)! **COPS CAME**,3/12/2021,16:45:01,8:00,480,68575,2678,264,3.91,0.38,,IRL / Vlog,Regular Video,False,https://i.ytimg.com/vi/dWCDYrTRbSQ/hqdefault.jpg,Not Applicable
_N-jOHR2oJg,IShowSpeed Vs StageBeKillin WAGER $$$ NOW!!!!,3/12/2021,3:24:24,2:37:29,9449,63586,2220,31,3.49,0.05,,Sports,Stream,True,https://i.ytimg.com/vi/_N-jOHR2oJg/hqdefault.jpg,Not Applicable
y5i4z0e1cro,I BEEN EXPOSED BY (TRULY BLESSED)........💔! EXPOSING WHY I CRIED😔! **RAGE**,3/11/2021,20:15:02,10:53,653,27660,1020,0,3.69,0.0,,Gaming,Regular Video,False,https://i.ytimg.com/vi/y5i4z0e1cro/hqdefault.jpg,Not Applicable
waGtk4sW4lw,ISHOWSPEED VS STAGEBEKILLIN WAGER SANTANA WANT NEXT,3/11/2021,4:41:31,1:26:19,5179,51648,1718,41,3.33,0.08,,Sports,Stream,True,https://i.ytimg.com/vi/waGtk4sW4lw/hqdefault.jpg,Not Applicable
jnWMrljTyCQ,BO7 WAGER $$$ VS PROCHECY RIGHT NOW!!!!!!,3/11/2021,1:57:43,1:34:18,5658,48922,1660,111,3.39,0.23,,Sports,Stream,True,https://i.ytimg.com/vi/jnWMrljTyCQ/hqdefault.jpg,Not Applicable
3zyjRVrqg5k,DOING POST HOOKS IN REAL LIFE! POSTSCORES IN REAL LIFE irl NBA2K21  💔! **REAL LIFE GAMEPLAY**,3/10/2021,16:45:01,2:06,126,89012,3486,332,3.92,0.37,,Gaming,Regular Video,False,https://i.ytimg.com/vi/3zyjRVrqg5k/hqdefault.jpg,Not Applicable
qUb4Gly6hvw,🔵 BEAT ME TWICE GET A PRIZE $$$🔴#1 RANKED IN COMP STAGE ON 100 GAME NBA 2K21! NBA2K21 LIVE STREAM🔵,3/10/2021,2:20:53,2:53:43,10423,38304,1742,25,4.55,0.07,,Gaming,Stream,True,https://i.ytimg.com/vi/qUb4Gly6hvw/hqdefault.jpg,Not Applicable
GVidhJB1tV8,🔵 BEAT ME TWICE GET A PRIZE $$$🔴#1 RANKED IN COMP STAGE ON 100 GAME NBA 2K21! NBA2K21 LIVE STREAM🔵,3/2/2021,1:52:25,1:50:34,6634,38857,1600,117,4.12,0.3,,Gaming,Stream,True,https://i.ytimg.com/vi/GVidhJB1tV8/hqdefault.jpg,Not Applicable
k-O3XVxrUYg,my girlfriend broke up with me💔 **LEAKED**,3/1/2021,16:45:00,1:20,80,69119,1924,502,2.78,0.73,,IRL / Vlog,Regular Video,False,https://i.ytimg.com/vi/k-O3XVxrUYg/hqdefault.jpg,Not Applicable
fAXMglits3Q,🔴BEST GUARD RUNNIN 3’s IN COMP STAGE PULL UP N 0 W!,3/1/2021,3:10:11,2:10:09,7809,34692,1158,25,3.34,0.07,,Variety Stream,Stream,True,https://i.ytimg.com/vi/fAXMglits3Q/hqdefault.jpg,Not Applicable
UmPGSaZbvL4,they say speed dont get girls💔 **PROOF**,2/28/2021,16:45:03,49,49,154999,3558,336,2.3,0.22,,IRL / Vlog,Shorts,False,https://i.ytimg.com/vi/UmPGSaZbvL4/hqdefault.jpg,Not Applicable
y7_hwpM2h2o,#BESTPOSTSCORER,2/28/2021,5:13:42,4:31:07,16267,40308,1388,23,3.44,0.06,,Variety Stream,Stream,True,https://i.ytimg.com/vi/y7_hwpM2h2o/hqdefault.jpg,Not Applicable
A62q6j0MTzA,I GOT KICKED OUT THE XBOX COMMUNITY AFTER THIS IN NBA2K21💔! THEY MADE ME BREAK MY XBOX😡! **RAGE**,2/27/2021,20:30:01,8:34,514,35398,950,95,2.68,0.27,,Gaming,Regular Video,False,https://i.ytimg.com/vi/A62q6j0MTzA/hqdefault.jpg,Not Applicable
J2XqXpAEhDQ,UNBOXING MY NEW $5000 GAMING PC! (THEY SCAMMED ME)😔!,2/26/2021,20:30:00,8:00,480,188061,6091,561,3.24,0.3,,Gaming,Regular Video,False,https://i.ytimg.com/vi/J2XqXpAEhDQ/hqdefault.jpg,Not Applicable
5s_H-rZGZsM,I BROKE MY PC💔,2/26/2021,4:55:00,40,40,3072293,191699,12529,6.24,0.41,,Misc,Shorts,False,https://i.ytimg.com/vi/5s_H-rZGZsM/hqdefault.jpg,Not Applicable
YTTHjCXQ4iU,🔵 BEAT ME GET A PRIZE $$$🔴#1 RANKED IN COMP STAGE ON 100 GAME NBA 2K21! NBA2K21 LIVE STREAM🔵,2/26/2021,4:40:53,4:20:16,15616,40593,1378,27,3.39,0.07,,Gaming,Stream,True,https://i.ytimg.com/vi/YTTHjCXQ4iU/hqdefault.jpg,Not Applicable
DNiOLSkH94Q,Q&A........HOW MUCH MONEY I MAKE? **DAUGHTER REVEAL💔**,2/25/2021,15:45:01,7:34,454,148475,5804,438,3.91,0.29,,Misc,Regular Video,False,https://i.ytimg.com/vi/DNiOLSkH94Q/hqdefault.jpg,Not Applicable
7YUHrN589UE,🔴NBA 2K20 BEST COMP STAGE GUARD LIVE IN NBA 2K20!! PULL UP DROP ME OFF!! 🔴,2/25/2021,2:28:53,2:26:22,8782,28993,1017,31,3.51,0.11,,Gaming,Stream,True,https://i.ytimg.com/vi/7YUHrN589UE/hqdefault.jpg,Not Applicable
4NZG7O63VOk,IShowSpeed Vs THE BEST POSTSCORER ON XBOX (Drew) BO5 WAGER IN NBA2K21! XBOX Vs PLAYSTATION💔!,2/23/2021,19:55:02,11:39,699,20054,643,175,3.21,0.87,,Gaming,Regular Video,False,https://i.ytimg.com/vi/4NZG7O63VOk/hqdefault.jpg,Not Applicable
ihqt1SOx9NQ,🔵🟢IShowSpeed Vs THE BEST POSTSCORER ON XBOX (Drew) BO5 SERIES $$$! XBOX VS PLAYSTATION!🔵🟢,2/23/2021,2:17:21,2:03:46,7426,36408,1240,93,3.41,0.26,,Gaming,Stream,True,https://i.ytimg.com/vi/ihqt1SOx9NQ/hqdefault.jpg,Not Applicable
9ysAd6G8iWQ,*NEW* ANIMATION CANCEL GLITCH IN NBA2K21! *NEW* TUTORIAL ON ANIMATION GLITCH🧀!,2/22/2021,15:45:00,8:32,512,21870,832,0,3.8,0.0,,Gaming,Regular Video,False,https://i.ytimg.com/vi/9ysAd6G8iWQ/hqdefault.jpg,Not Applicable
7GW9Abyexjg,I WENT TO XBOX AS A POSTSCORER IN NBA2K21! XBOX HAS NO COMP OVER THERE💔! **THEY BOOTED ME**,2/21/2021,17:35:00,8:15,495,27918,702,199,2.51,0.71,,Gaming,Regular Video,False,https://i.ytimg.com/vi/7GW9Abyexjg/hqdefault.jpg,Not Applicable
ZJEfqOR_xQU,🔴WE HERE ON XBOX!!! BEST POST SCORER ON HERE!!?🔴,2/21/2021,2:46:17,2:05:39,7539,30905,1204,50,3.9,0.16,,Variety Stream,Stream,True,https://i.ytimg.com/vi/ZJEfqOR_xQU/hqdefault.jpg,Not Applicable
ieoKvREOWFI,XBOX WE HERE!!!!!!,2/21/2021,0:14:57,7:54,474,8798,304,29,3.46,0.33,,Variety Stream,Stream,True,https://i.ytimg.com/vi/ieoKvREOWFI/hqdefault.jpg,Not Applicable
qvjUUbT37sY,I LET MY LITTLE BROTHER USE MY MODDED POSTSCORER ACCOUNT IN NBA2K21! **HE CRIED**😔,2/19/2021,17:25:00,8:13,493,56109,2003,216,3.57,0.38,,Gaming,Regular Video,False,https://i.ytimg.com/vi/qvjUUbT37sY/hqdefault.jpg,Not Applicable
hoBaZg0yZ3o,THE REAL REASON WHY I GOT KICKED OUT THE HOUSE...💔!,2/18/2021,16:05:00,3:03,183,41754,1399,197,3.35,0.47,,IRL / Vlog,Regular Video,False,https://i.ytimg.com/vi/hoBaZg0yZ3o/hqdefault.jpg,Not Applicable
RvsapJ59oo8,ONG THEY KEEP BOOTING ME🤮,2/18/2021,1:01:51,1:12:33,4353,23237,962,37,4.14,0.16,,Variety Stream,Stream,True,https://i.ytimg.com/vi/RvsapJ59oo8/hqdefault.jpg,Not Applicable
_u407XcDpF4,I LOST $500 DOLLARS FOR WAGERING ON MY GUARD IN NBA2K21💔! GUARD MIGHT TAKE SKILL😔! **EMOTIONAL**,2/17/2021,15:45:03,8:05,485,27989,787,105,2.81,0.38,,Gaming,Regular Video,False,https://i.ytimg.com/vi/_u407XcDpF4/hqdefault.jpg,Not Applicable
470XMcHd9iM,🔵 BEAT ME GET A PRIZE $$$🔴#1 RANKED IN COMP STAGE ON 100 GAME NBA 2K21! NBA2K21 LIVE STREAM🔵,2/17/2021,4:14:41,4:43:01,16981,39613,1443,21,3.64,0.05,,Gaming,Stream,True,https://i.ytimg.com/vi/470XMcHd9iM/hqdefault.jpg,Not Applicable
xXNa1eKYZS8,YOUTUBE TRYIN BANNED ME💔,2/16/2021,7:05:00,44,44,599016,34884,0,5.82,0.0,,Misc,Shorts,False,https://i.ytimg.com/vi/xXNa1eKYZS8/hqdefault.jpg,Not Applicable
SBzREf56Ygs,#WAGER,2/16/2021,4:15:51,1:10:24,4224,20000,750,43,3.75,0.22,,Variety Stream,Stream,True,https://i.ytimg.com/vi/SBzREf56Ygs/hqdefault.jpg,Not Applicable
W4kfTSj2q18,THE FIRST LEGEND SLASHER TO DO THIS IN NBA2K21🧀! THIS *NEW* GLITCH IS GOING TO MAKE ME DO IT💔!,2/15/2021,21:35:04,8:05,485,23364,863,98,3.69,0.42,,Gaming,Regular Video,False,https://i.ytimg.com/vi/W4kfTSj2q18/hqdefault.jpg,Not Applicable
2py66fI_cRQ,#STOPBOOTINGME,2/15/2021,7:19:25,2:20:37,8437,22630,812,24,3.59,0.11,,Variety Stream,Stream,True,https://i.ytimg.com/vi/2py66fI_cRQ/hqdefault.jpg,Not Applicable
WfxFpUthhgU,EXPOSING MY SECRET........💔 (REACTION),2/14/2021,18:00:04,4:01,241,28987,1324,0,4.57,0.0,,Misc,Regular Video,False,https://i.ytimg.com/vi/WfxFpUthhgU/hqdefault.jpg,Not Applicable
xuWAsPbZQSs,I DID A $400 WAGER ON MY GUARD NBA2K21😔! I MIGHT HAVE TO QUIT GUARD AFTER THAN THIS💔! (EMOTIONAL),2/13/2021,15:45:01,21:58,1318,16207,513,81,3.17,0.5,,Gaming,Regular Video,False,https://i.ytimg.com/vi/xuWAsPbZQSs/hqdefault.jpg,Not Applicable
2lMYelfdPts,MY IP GOT LEAKED💔,2/12/2021,3:05:31,38,38,1589040,113452,3793,7.14,0.24,,Misc,Shorts,False,https://i.ytimg.com/vi/2lMYelfdPts/hqdefault.jpg,Not Applicable
Mf2MZms0T1Q,BYE BYE ZENS💔,2/12/2021,2:59:18,2:07:22,7642,30456,989,35,3.25,0.11,,Variety Stream,Stream,True,https://i.ytimg.com/vi/Mf2MZms0T1Q/hqdefault.jpg,Not Applicable
Asu3cXkL9gM,BYE BYE ZENS💔,2/12/2021,0:38:11,2:01,121,8030,243,32,3.03,0.4,,Variety Stream,Stream,True,https://i.ytimg.com/vi/Asu3cXkL9gM/hqdefault.jpg,Not Applicable
QBCQ9czjoMQ,NAME REVEAL💔.........SORRY😔,2/11/2021,15:45:00,59,59,142915,5131,555,3.59,0.39,,Misc,Shorts,False,https://i.ytimg.com/vi/QBCQ9czjoMQ/hqdefault.jpg,Not Applicable
U1hM7JNEVHs,🔴⚪️$400 POT CURRENT GEN BO5 SERIES WAGER WON 3-1🔴⚪️GGs TO MOOK 🥱💪🏾🚑,2/11/2021,2:30:36,2:08:30,7710,26965,897,20,3.33,0.07,,Variety Stream,Stream,True,https://i.ytimg.com/vi/U1hM7JNEVHs/hqdefault.jpg,Not Applicable
MwyOkF69M6A,THE DAY I QUIT POSTSCORER....💔! POSTSCORERS OFFICALY TAKE NO SKILL!,2/10/2021,15:45:03,11:23,683,23427,879,150,3.75,0.64,,IRL / Vlog,Regular Video,False,https://i.ytimg.com/vi/MwyOkF69M6A/hqdefault.jpg,Not Applicable
AgZ9umSwp-g,#BOYKINS,2/9/2021,3:19:42,3:49:41,13781,250541,2125,77,0.85,0.03,,Variety Stream,Stream,True,https://i.ytimg.com/vi/AgZ9umSwp-g/hqdefault.jpg,Not Applicable
086kp9BJr1k,2K LIED.........💔! ZENS ARE BACK AND BETTER IN NBA2K21! NEW ZEN SCRIPT IS A CHEAT CODE🧀!,2/8/2021,15:45:00,8:05,485,43348,1303,189,3.01,0.44,,Gaming,Regular Video,False,https://i.ytimg.com/vi/086kp9BJr1k/hqdefault.jpg,Not Applicable
I_vcFMy4l7g,THEY FINNALY PATCHED POSTSCORERS IN NBA2K21💔! RONNIE **CONFIRMED** THIS PATCH MADE ME QUIT😢!,2/6/2021,20:15:00,8:05,485,16399,546,103,3.33,0.63,,Gaming,Regular Video,False,https://i.ytimg.com/vi/I_vcFMy4l7g/hqdefault.jpg,Not Applicable
J4AXhwNfpDw,HURRY💔,2/5/2021,2:38:57,9,9,799812,40713,1094,5.09,0.14,,Misc,Shorts,False,https://i.ytimg.com/vi/J4AXhwNfpDw/hqdefault.jpg,Not Applicable
EtgGLT72WkQ,I GOT TO QUIT YOUTUBE💔 (IShowSpeed EXSPOSED) **REACTION**,2/4/2021,18:15:00,11:27,687,20111,695,148,3.46,0.74,,Misc,Regular Video,False,https://i.ytimg.com/vi/EtgGLT72WkQ/hqdefault.jpg,Not Applicable
EKVhhA10LoQ,*NEW* SELF ALLY-OOP GLITCH ON THE 1s COURT IN NBA2K21! SLASHERS HAVE A NEW GAME BREAKING MOVE 🧀!,2/3/2021,21:00:03,5:09,309,18606,618,85,3.32,0.46,,Gaming,Regular Video,False,https://i.ytimg.com/vi/EKVhhA10LoQ/hqdefault.jpg,Not Applicable
ZAh2XGRuuCU,*NEW* PURE RED POSTSCORER BUILD IS A CHEAT CODE IN NBA2K21! THIS GLITCH NEEDS TO GET PATCHED NOW🧀!,2/2/2021,21:00:08,8:05,485,16905,431,0,2.55,0.0,,Gaming,Regular Video,False,https://i.ytimg.com/vi/ZAh2XGRuuCU/hqdefault.jpg,Not Applicable
MegYWTrdE_4,#SHRIMPSPEED,2/2/2021,4:55:50,3:26:26,12386,182706,1954,74,1.07,0.04,,Variety Stream,Stream,True,https://i.ytimg.com/vi/MegYWTrdE_4/hqdefault.jpg,Not Applicable
w901aaMkVa4,IShowSpeed RAGETAGE #2 NBA 2K21!,2/1/2021,16:45:02,3:49,229,145379,3484,235,2.4,0.16,,Gaming,Regular Video,False,https://i.ytimg.com/vi/w901aaMkVa4/hqdefault.jpg,Not Applicable
1D8qYc3BcR8,🔵 BEAT ME GET A PRIZE $$$🔴BEST POSTSCORER ON 100 GAME NBA 2K21! NBA2K21 LIVE STREAM🔵,2/1/2021,4:50:15,4:46:02,17162,31192,1139,48,3.65,0.15,,Gaming,Stream,True,https://i.ytimg.com/vi/1D8qYc3BcR8/hqdefault.jpg,Not Applicable
OJY8aVCJVQU,THE SAD TRUTH WHY I DONT PLAY GUARD...💔 **EMOTIONAL**,1/31/2021,21:15:01,8:07,487,19199,879,0,4.58,0.0,,Gaming,Regular Video,False,https://i.ytimg.com/vi/OJY8aVCJVQU/hqdefault.jpg,Not Applicable
qu57Mk0o5cQ,🔵WINNING RUSH 1v1 LIVE🔵BEST POSTSCORER WINNING THE EVENT IN NBA 2K21 LIVE STREAM🔵,1/31/2021,1:09:56,1:45:00,6300,22703,1002,33,4.41,0.15,,Gaming,Stream,True,https://i.ytimg.com/vi/qu57Mk0o5cQ/hqdefault.jpg,Not Applicable
cxEmvbtzuJM,HOW I LOST MY V CARD STORYTIME👀 (VIDEO INCLUDED),1/30/2021,17:50:01,8:01,481,124013,4980,400,4.02,0.32,,Misc,Regular Video,False,https://i.ytimg.com/vi/cxEmvbtzuJM/hqdefault.jpg,Not Applicable
V5g2Hpes74s,#LOGOSPEED,1/30/2021,8:19:37,7:49:27,28167,32118,950,21,2.96,0.07,,Variety Stream,Stream,True,https://i.ytimg.com/vi/V5g2Hpes74s/hqdefault.jpg,Not Applicable
BN-BudwG6hQ,Ronnie GAVE A POSTSCORER A LOGO IN NBA2K21 LIVE ON STREAM ! #1 FIRST POSTSCORER TO GET A LOGO!,1/29/2021,15:45:00,9:18,558,48734,1876,236,3.85,0.48,,Gaming,Regular Video,False,https://i.ytimg.com/vi/BN-BudwG6hQ/hqdefault.jpg,Not Applicable
4ZIOqTwXcmk,#SPEEDCANFIGHT,1/29/2021,7:58:04,8:02:20,28940,33453,991,34,2.96,0.1,,Variety Stream,Stream,True,https://i.ytimg.com/vi/4ZIOqTwXcmk/hqdefault.jpg,Not Applicable
w36dVxLu7Vw,🔴99.9% PERCENT TO SS2 NOW! BEST POSTSCORER HITTING SS2  RIGHNT NOW! NBA 2K21 LIVE STREAM!🔵,1/28/2021,1:42:09,2:25:57,8757,23799,915,73,3.84,0.31,,Gaming,Stream,True,https://i.ytimg.com/vi/w36dVxLu7Vw/hqdefault.jpg,Not Applicable
tTXeqLEuAX4,I WENT VIRAL ON WORLDSTAR & GOT KICKED OUT THE HOUSE💔 (STORYTIME)!  *VIDEO INCLUDED*,1/27/2021,16:45:04,8:01,481,95399,3990,308,4.18,0.32,,IRL / Vlog,Regular Video,False,https://i.ytimg.com/vi/tTXeqLEuAX4/hqdefault.jpg,Not Applicable
toikPAwM7K8,🟣🟡ATTEMPTING 81 GAME WIN STREAK FOR KOBE🟣🟡 BEST POSTSCORER IN NBA 2K21 LIVE STREAM🟣🟡 #RIPKOBE,1/27/2021,5:02:37,5:17:06,19026,30458,1219,33,4.0,0.11,,Gaming,Stream,True,https://i.ytimg.com/vi/toikPAwM7K8/hqdefault.jpg,Not Applicable
cKc7BvCLDIU,IM THINKING ABOUT DOING IT...💔,1/26/2021,20:15:01,10:49,649,17640,663,182,3.76,1.03,,Misc,Regular Video,False,https://i.ytimg.com/vi/cKc7BvCLDIU/hqdefault.jpg,Not Applicable
nthzMzSCI4Y,🔵FIRST ONE TO BEAT ME GET $20 PSN CARD🔴BEST POSTSCORER ON 100 GAME NBA 2K21! NBA2K21 LIVE STREAM🔵,1/26/2021,3:22:51,3:11:50,11510,21627,787,46,3.64,0.21,,Gaming,Stream,True,https://i.ytimg.com/vi/nthzMzSCI4Y/hqdefault.jpg,Not Applicable
srWJ_F5hMDI,MY GAMING SETUP TOUR👾+ ROOM TOUR🛌,1/25/2021,19:55:00,2:54,174,54136,1644,0,3.04,0.0,,Gaming,Regular Video,False,https://i.ytimg.com/vi/srWJ_F5hMDI/hqdefault.jpg,Not Applicable
EeD3DhHYgoo,I GOT SCAMMED BECAUSE IM A POSTSCORER💔! THIS MADE ME QUIT POSTSCORER IN NBA2K21😡! #SCAMMER,1/24/2021,19:55:02,7:10,430,17325,507,84,2.93,0.48,,Gaming,Regular Video,False,https://i.ytimg.com/vi/EeD3DhHYgoo/hqdefault.jpg,Not Applicable
OtL0hH2TMUU,🔴BEST POSTSCORER ON 100 GAME NBA 2K21! NBA 2K21 LIVE STREAM🔵,1/24/2021,6:09:32,6:01:08,21668,22613,721,28,3.19,0.12,,Gaming,Stream,True,https://i.ytimg.com/vi/OtL0hH2TMUU/hqdefault.jpg,Not Applicable
cO83B8IO5Io,HE HAD A UNDERCOVER ZEN IN NBA2K21! THE MOST UNKOWN ZEN SCRIPT NOBODY HAS EVER SEEN THIS SCRIPT🧀!,1/23/2021,17:40:00,8:26,506,19911,447,93,2.24,0.47,,Gaming,Regular Video,False,https://i.ytimg.com/vi/cO83B8IO5Io/hqdefault.jpg,Not Applicable
N352cc1Bku0,LOGO ME RONNIE!! 🔴PLAYING GUARD FOR THE FIRST TIME🔵NBA2K21 LIVE STREAM! #RONNIE2K #MITCHEL #lLOGO,1/23/2021,3:28:50,5:13:43,18823,22838,854,24,3.74,0.11,,Gaming,Stream,True,https://i.ytimg.com/vi/N352cc1Bku0/hqdefault.jpg,Not Applicable
S2NHZEOm98c,LOSE I LEFT THE COMMUNITY & QUIT POSTSCORER NBA2K21...💔!   **CRIED**,1/22/2021,17:50:01,10:16,616,21443,491,83,2.29,0.39,,Gaming,Regular Video,False,https://i.ytimg.com/vi/S2NHZEOm98c/hqdefault.jpg,Not Applicable
Ye7mC4nVpkY,🔵FIRST ONE TO BEAT ME GET $10 PSN CARD🔴BEST POSTSCORER ON 100 GAME NBA 2K21! NBA2K21 LIVE STREAM🔵,1/22/2021,6:49:08,6:33:53,23633,25359,991,29,3.91,0.11,,Gaming,Stream,True,https://i.ytimg.com/vi/Ye7mC4nVpkY/hqdefault.jpg,Not Applicable
BgO9W8ilYoY,🔵FIRST ONE TO BEAT ME GET $20 PSN CARD🔴BEST POSTSCORER ON 100 GAME NBA 2K21! NBA 2K21 LIVE STREAM🔵,1/21/2021,2:36:46,3:09:59,11399,19283,696,72,3.61,0.37,,Gaming,Stream,True,https://i.ytimg.com/vi/BgO9W8ilYoY/hqdefault.jpg,Not Applicable
BPXO0Y8wqsA,IM DONE YALL SICK ASF OMM💔! **PROOF**,1/21/2021,2:24:52,48,48,114591,2541,307,2.22,0.27,,Misc,Shorts,False,https://i.ytimg.com/vi/BPXO0Y8wqsA/hqdefault.jpg,Not Applicable
2T5QDG5J81E,THE BEST CRONUS *ZEN* SCRIPT I HAVE EVER SEEN  NBA2K21! EXCELLENT + DEFENSE SCRIPT IS UNSTOPPABLE🧀!,1/20/2021,16:45:00,12:22,742,16010,300,82,1.87,0.51,,Gaming,Regular Video,False,https://i.ytimg.com/vi/2T5QDG5J81E/hqdefault.jpg,Not Applicable
k05Qv8jXe4I,🔵FIRST ONE TO BEAT ME GET $20 PSN CARD🔴BEST POSTSCORER ON 100 GAME NBA 2K21! NBA 2K21 LIVE STREAM🔵,1/20/2021,2:48:56,3:23:55,12235,38681,652,42,1.69,0.11,,Gaming,Stream,True,https://i.ytimg.com/vi/k05Qv8jXe4I/hqdefault.jpg,Not Applicable
E2W2q2ADE_o,MY LAST POSTSCORER BUILD IN NBA2K21💔! **VERY EMOTIONAL**,1/19/2021,16:45:00,10:52,652,13580,477,68,3.51,0.5,,Gaming,Regular Video,False,https://i.ytimg.com/vi/E2W2q2ADE_o/hqdefault.jpg,Not Applicable
ysB2wjF0o1E,WE BACK! 🔴BEST POSTSCORER ON 100 GAME STREAK NOW IN NBA 2K21! NBA 2K21 LIVE STREAM🔵,1/19/2021,2:33:15,2:15:42,8142,12635,418,37,3.31,0.29,,Gaming,Stream,True,https://i.ytimg.com/vi/ysB2wjF0o1E/hqdefault.jpg,Not Applicable
M6niHjlr2T8,THIS *NEW* PLAYMAKING POSTSCORER IS UNSTOPPABLE🧀 IN NBA2K21! SPEEDBOOSTING POSTSCORER 99 SPEED🧀!,1/18/2021,16:45:01,8:00,480,11185,317,63,2.83,0.56,,Gaming,Regular Video,False,https://i.ytimg.com/vi/M6niHjlr2T8/hqdefault.jpg,Not Applicable
dh7WylGJq5Q,WE BACK! 🔴BEST POSTSCORER ON 100 GAME STREAK NOW IN NBA 2K21! NBA 2K21 LIVE STREAM🔵,1/18/2021,6:14:09,5:46:29,20789,18610,551,29,2.96,0.16,,Gaming,Stream,True,https://i.ytimg.com/vi/dh7WylGJq5Q/hqdefault.jpg,Not Applicable
ppnM0OXoTXw,I GOT DOXXED💔,1/17/2021,4:41:35,21,21,2459761,177689,3977,7.22,0.16,,Misc,Shorts,False,https://i.ytimg.com/vi/ppnM0OXoTXw/hqdefault.jpg,Not Applicable
QQ8u8ZcCi-0,I GOT EXPOSED........😢?,1/16/2021,22:00:12,9:06,546,10670,318,66,2.98,0.62,,Misc,Regular Video,False,https://i.ytimg.com/vi/QQ8u8ZcCi-0/hqdefault.jpg,Not Applicable
npG0_1etzo8,🔴BEST POSTSCORER ON 100 GAME STREAK NOW IN NBA 2K21! NBA 2K21 LIVE STREAM🔵,1/16/2021,9:01:51,8:46:44,31604,23985,679,42,2.83,0.18,,Gaming,Stream,True,https://i.ytimg.com/vi/npG0_1etzo8/hqdefault.jpg,Not Applicable
q_qVIebFRBI,*NEW* DOUBLE POSTHOOK GLITCH IN NBA 2K21! 2 POSTHOOKS AT THE SAME TIME! POSTSCORER ARE NOW BROKEN🧀!,1/15/2021,16:45:03,10:22,622,10232,232,62,2.27,0.61,,Gaming,Regular Video,False,https://i.ytimg.com/vi/q_qVIebFRBI/hqdefault.jpg,Not Applicable
Ec2wP6Tz0jM,🟠BEST POSTSCORER ON A 100 GAME WIN STREAK NOW NBA 2K21 LIVE STREAM !BEAT ME YOU GET .........🟠,1/15/2021,3:44:11,4:09:36,14976,16138,500,18,3.1,0.11,,Gaming,Stream,True,https://i.ytimg.com/vi/Ec2wP6Tz0jM/hqdefault.jpg,Not Applicable
CAsw8mnknAk,THE CRONUS ZEN IS NOW WORKING ON POSTSCORERS IN NBA 2K21! THIS SECRET POSTSCORER SCRIPT IS CHEESY🧀!,1/14/2021,18:00:08,8:00,480,15231,310,89,2.04,0.58,,Gaming,Regular Video,False,https://i.ytimg.com/vi/CAsw8mnknAk/hqdefault.jpg,Not Applicable
sUgyqeS7upA,🟡FORTNITE GAMEPLAY ON PS5 !PLAYING WITH SUBS NOW !BEAT ME FOR CASH APP 50$,1/14/2021,4:48:48,3:59:55,14395,144669,1227,49,0.85,0.03,,Gaming,Stream,True,https://i.ytimg.com/vi/sUgyqeS7upA/hqdefault.jpg,Not Applicable
qBTrw0vRgq0,I PULLED UP ON A STEAMER USING THE HOMEMADE ZEN IN NBA2K21! RUBBERBAND ZEN METHOD CANT BE STOPPED🧀!,1/13/2021,18:00:32,8:02,482,36821,918,0,2.49,0.0,,Gaming,Regular Video,False,https://i.ytimg.com/vi/qBTrw0vRgq0/hqdefault.jpg,Not Applicable
zKn6J_gCj8U,🔵BEST POSTSCORER ISO SESSION IN PARK🔵 GUARDS ONLY🔵PARK LIVE STREAM🔵,1/13/2021,4:47:32,3:32:02,12722,68464,956,41,1.4,0.06,,IRL / Vlog,Stream,True,https://i.ytimg.com/vi/zKn6J_gCj8U/hqdefault.jpg,Not Applicable
liwcniJ2zIE,THIS *NEW* SLITHERY (GLITCH) NEEDS TO GET PATCHED IN NBA2K21! EVREY SLASHER IS DOING THIS GLITCH🧀!,1/12/2021,17:10:00,12:30,750,8404,206,0,2.45,0.0,,Gaming,Regular Video,False,https://i.ytimg.com/vi/liwcniJ2zIE/hqdefault.jpg,Not Applicable
yZqG--WUGbc,🔴BEST POSTSCORER ON 100 GAME STREAK NOW IN NBA 2K21! NBA 2K21 LIVE STREAM🔵,1/12/2021,3:57:19,3:40:44,13244,63444,781,27,1.23,0.04,,Gaming,Stream,True,https://i.ytimg.com/vi/yZqG--WUGbc/hqdefault.jpg,Not Applicable
NTmUh8fVrFM,*NEW* JUMPSHOT GLITCH FOR POSTSCORERS IN NBA2K21! *NO ZEN NEEDED* THIS GLITCH NEED TO GET PATCHED🧀!,1/11/2021,16:45:00,8:16,496,15381,483,0,3.14,0.0,,Gaming,Regular Video,False,https://i.ytimg.com/vi/NTmUh8fVrFM/hqdefault.jpg,Not Applicable
e1LHWBTpTdk,POSTSCORER & ZEN USER GOES TO THE COMP STAGE IN NBA2K21! MODDED CONTROLLER & POSTHOOKS *GLITCH🧀,1/10/2021,16:45:01,8:02,482,6806,250,56,3.67,0.82,,Gaming,Regular Video,False,https://i.ytimg.com/vi/e1LHWBTpTdk/hqdefault.jpg,Not Applicable
N77-fy2VLeE,🔴BEST POSTSCORER ON 100 GAME STREAK NOW IN NBA 2K21! NBA 2K21 LIVE STREAM🔵,1/10/2021,4:17:51,4:42:40,16960,15055,479,0,3.18,0.0,,Gaming,Stream,True,https://i.ytimg.com/vi/N77-fy2VLeE/hqdefault.jpg,Not Applicable
2FTIpdYlKWk,THIS POSTSCORER DID THE *NEW* HOP STEP (GLITCH) IN NBA2K21! THIS MOVE IS UNSTOPPABLE🧀!,1/9/2021,16:45:01,8:05,485,7322,229,0,3.13,0.0,,Gaming,Regular Video,False,https://i.ytimg.com/vi/2FTIpdYlKWk/hqdefault.jpg,Not Applicable
Diq5ft6VJNo,POSTSCORERS ARE NOT GOOD ANYMORE...💔! THIS UKNOWN BUILD IS TAKING OVER POSTSCORERS IN NBA 2K21🧀!,1/8/2021,16:45:00,8:11,491,10407,322,64,3.09,0.61,,Gaming,Regular Video,False,https://i.ytimg.com/vi/Diq5ft6VJNo/hqdefault.jpg,Not Applicable
xta-28k-wvw,i’m sorry💔,1/8/2021,4:50:09,48,48,1419413,58083,1895,4.09,0.13,,Misc,Shorts,False,https://i.ytimg.com/vi/xta-28k-wvw/hqdefault.jpg,Not Applicable
KSHgkq7UNPQ,🔴BEST POSTSCORER ON 100 GAME STREAK NOW IN NBA 2K21! NBA 2K21 LIVE STREAM🔵,1/8/2021,2:21:17,3:14:03,11643,15198,474,10,3.12,0.07,,Gaming,Stream,True,https://i.ytimg.com/vi/KSHgkq7UNPQ/hqdefault.jpg,Not Applicable
Ee8BJQOKRrE,🔴BEST POSTSCORER ON 100 GAME STREAK NOW IN NBA 2K21! NBA 2K21 LIVE STREAM🔵,1/7/2021,22:45:00,2:13:29,8009,13523,480,14,3.55,0.1,,Gaming,Stream,True,https://i.ytimg.com/vi/Ee8BJQOKRrE/hqdefault.jpg,Not Applicable
kZU8nIl45uE,MOST CHEAPEST CONSOLE STREAMING PC FOR ONLY $200 IN 2021! BEST STREAMING SET UP FOR PS4/XBOX/PS5/!,1/7/2021,16:45:03,2:49,169,47459,1659,0,3.5,0.0,,Gaming,Regular Video,False,https://i.ytimg.com/vi/kZU8nIl45uE/hqdefault.jpg,Not Applicable
KxWDv2OiJ4M,🔴WE BACK ON 2K20🔴 NBA 2K20 LIVE STREAM🔴,1/7/2021,5:45:56,4:02:21,14541,20636,530,17,2.57,0.08,,Gaming,Stream,True,https://i.ytimg.com/vi/KxWDv2OiJ4M/hqdefault.jpg,Not Applicable
dcylDYpBGK4,NO NOTI💔🔴BEST POSTSCORER ON 100 GAME STREAK NOW IN NBA 2K21! NBA 2K21 LIVE STREAM🔵,1/6/2021,4:51:38,3:55:44,14144,285501,2639,151,0.92,0.05,,Gaming,Stream,True,https://i.ytimg.com/vi/dcylDYpBGK4/hqdefault.jpg,Not Applicable
198gZeFWRHE,FIRST EVER DEMIGOD POSTSCORER BUILD IN NBA2K21! THIS POSTSCORER IS A CHEAT CODE🧀! *ZEN GAMEPLAY*,1/5/2021,16:45:00,8:00,480,7584,238,96,3.14,1.27,,Gaming,Regular Video,False,https://i.ytimg.com/vi/198gZeFWRHE/hqdefault.jpg,Not Applicable
Am38dD748sg,TESTSING FIRST PC STREAMMMMMMMM!!!!!,1/5/2021,1:25:22,7:35,455,29768,669,63,2.25,0.21,,Music,Stream,True,https://i.ytimg.com/vi/Am38dD748sg/hqdefault.jpg,Not Applicable
QiUFReWf8xY,THIS 6’5 MIDGET POSTSCORER IS A GLITCH IN NBA2K21! SPEEDBOOSTING POSTSCORER ARE BACK IN NBA2K21!,1/4/2021,16:45:01,8:01,481,13009,357,61,2.74,0.47,,Gaming,Regular Video,False,https://i.ytimg.com/vi/QiUFReWf8xY/hqdefault.jpg,Not Applicable
ZMRx-uBpMpY,*NEW* BUILD THATS MORE TOXIC THAN A POSTSCORER IN NBA2K21! POSTSCORERS ARE USELESS ON THE 1s COURT!,1/3/2021,16:45:04,8:17,497,7569,232,39,3.07,0.52,,Gaming,Regular Video,False,https://i.ytimg.com/vi/ZMRx-uBpMpY/hqdefault.jpg,Not Applicable
iUKUcPQYwME,🔴BEST POSTSCORER ON 100 GAME STREAK NOW IN NBA 2K21! NBA 2K21 LIVE STREAM🔵,1/3/2021,7:04:33,5:36:55,20215,16189,492,23,3.04,0.14,,Gaming,Stream,True,https://i.ytimg.com/vi/iUKUcPQYwME/hqdefault.jpg,Not Applicable
0PgrreNhyG4,NBA 2K21 POSTSCORER MIXTAPE #1🏳️‍🌈! BEST POSTSCORER ON NBA 2K21😈BEST POSTSCORER ANIMATIONS *ZEN*!,1/3/2021,6:45:01,2:19,139,9596,143,44,1.49,0.46,,Gaming,Regular Video,False,https://i.ytimg.com/vi/0PgrreNhyG4/hqdefault.jpg,Not Applicable
q9LhJ3W9UAo,I MADE A HOMEMADE ZEN AND USED IT ON MY POSTSCORER IN NBA2K21! THIS RUBBERBAND METHOD TUTORIAL🧀!,1/2/2021,16:45:01,8:01,481,165478,4153,265,2.51,0.16,,Gaming,Regular Video,False,https://i.ytimg.com/vi/q9LhJ3W9UAo/hqdefault.jpg,Not Applicable
YwrBAbmP-O8,🔴BEST POSTSCORER ON 100 GAME STREAK NOW IN NBA 2K21! NBA 2K21 LIVE STREAM🔵,1/1/2021,9:06:16,5:57:14,21434,20837,740,17,3.55,0.08,,Gaming,Stream,True,https://i.ytimg.com/vi/YwrBAbmP-O8/hqdefault.jpg,Not Applicable
EUEN6t5wX7U,I WENT BACK TO THE COMPSTAGE ON NBA2K19 ON MY 98 OVERALL 7’3 POSTSCORER SLASHER! COMPSTAGE GAMEPLAY!,12/31/2020,19:55:00,8:02,482,6751,203,43,3.01,0.64,,Gaming,Regular Video,False,https://i.ytimg.com/vi/EUEN6t5wX7U/hqdefault.jpg,Not Applicable
9B-DuZas_rA,🔴LAST DAY OF NBA 2K19 BEFORE SERVERS SHUTS DOWN 🔴 NBA 2K19 LIVE STREAM🔴,12/31/2020,13:02:27,28:59:00,1739,7894,269,12,3.41,0.15,,Gaming,Stream,True,https://i.ytimg.com/vi/9B-DuZas_rA/hqdefault.jpg,Not Applicable
R41ZPAY_hZM,🔵LATE NIGHT FORTNITE VIBEZ🔵 FORTNITE CUSTOUMS AND CREATIVE🔵 FORTNITE LIVE STREAM🔵,12/31/2020,8:00:37,2:06:31,7591,18063,490,27,2.71,0.15,,Gaming,Stream,True,https://i.ytimg.com/vi/R41ZPAY_hZM/hqdefault.jpg,Not Applicable
GMgJ8WirDnQ,🔴LAST DAY OF NBA 2K19 BEFORE SERVERS SHUTS DOWN 🔴 NBA 2K19 LIVE STREAM🔴,12/31/2020,4:17:34,3:00:16,10816,18301,523,23,2.86,0.13,,Gaming,Stream,True,https://i.ytimg.com/vi/GMgJ8WirDnQ/hqdefault.jpg,Not Applicable
Ec3xgYyHw3g,TROLLING TOXIC 9 YEAR OLD STREAMER USING A MODDED POSTSCORER ACCOUNT IN NBA2K21! THE ACCOUNT HACKED!,12/30/2020,19:35:00,11:09,669,7739,196,48,2.53,0.62,,Gaming,Regular Video,False,https://i.ytimg.com/vi/Ec3xgYyHw3g/hqdefault.jpg,Not Applicable
j8W-WQg3LfQ,🔴1# POST SCORER BACK ON NBA2K19 BEFORE SERVER'S SHUT DOWN🔴,12/30/2020,9:39:17,2:04:03,7443,11611,319,15,2.75,0.13,,Gaming,Stream,True,https://i.ytimg.com/vi/j8W-WQg3LfQ/hqdefault.jpg,Not Applicable
OyJFA8lvdLY,🔴🔴Best PostScorer attempting a 100 game streak in stage!!,12/30/2020,6:23:23,2:48:17,10097,11966,428,13,3.58,0.11,,Gaming,Stream,True,https://i.ytimg.com/vi/OyJFA8lvdLY/hqdefault.jpg,Not Applicable
edoDmzWMmxY,TOP REP LEGEND POSTSCORER GETS EXPOSED IN NBA2K21? FIRST LEGEND POSTSCORER PULLS UP ON 50 STREAK!,12/29/2020,16:45:01,8:01,481,6365,204,46,3.21,0.72,,Gaming,Regular Video,False,https://i.ytimg.com/vi/edoDmzWMmxY/hqdefault.jpg,Not Applicable
ggNVEwNbNyU,🔴BEST POSTSCORER ON 100 GAME STREAK NOW IN NBA 2K21! NBA 2K21 LIVE STREAM🔵,12/29/2020,5:28:53,4:43:32,17012,13788,516,24,3.74,0.17,,Gaming,Stream,True,https://i.ytimg.com/vi/ggNVEwNbNyU/hqdefault.jpg,Not Applicable
A6dasMKWR2A,THE SHARPSHOOTING POSTSCORER BUILD IS BACK IN NBA 2K21! MIGHT BE THE BEST POSTSCORER BUILD EVER!,12/28/2020,18:45:00,8:01,481,6537,206,46,3.15,0.7,,Gaming,Regular Video,False,https://i.ytimg.com/vi/A6dasMKWR2A/hqdefault.jpg,Not Applicable
7cYpN-K8gXo,🔴BEST POSTSCORER ON 100 GAME STREAK NOW IN NBA 2K21! NBA 2K21 LIVE STREAM🔵,12/28/2020,0:07:26,3:54:52,14092,29501,533,13,1.81,0.04,,Gaming,Stream,True,https://i.ytimg.com/vi/7cYpN-K8gXo/hqdefault.jpg,Not Applicable
B7rc0eFNtn4,THIS *NEW* GLITCH LETS YOU HAVE A ZEN FOR FREE IN NBA2K21! MODDED CONTROLLER ON LAYUPS GLITCH🧀!,12/26/2020,16:45:01,8:00,480,7760,197,54,2.54,0.7,,Gaming,Regular Video,False,https://i.ytimg.com/vi/B7rc0eFNtn4/hqdefault.jpg,Not Applicable
tirDUzxXKss,THIS 5’7 POSTSCORER BUILD IS A CHEAT CODE IN NBA2K21! MIDGET POSTSCORER GLITCH IS UNSTOPPABLE!,12/25/2020,16:45:01,13:23,803,7619,205,26,2.69,0.34,,Gaming,Regular Video,False,https://i.ytimg.com/vi/tirDUzxXKss/hqdefault.jpg,Not Applicable
3gg8X_v-Fzw,👻EMILY WANTS TO PLAY LIVE STREAM! 😱SCARIEST GAME ALIVE👻,12/25/2020,14:47:22,45:46:00,2746,53587,1544,65,2.88,0.12,['Emily'],IRL / Vlog,Stream,True,https://i.ytimg.com/vi/3gg8X_v-Fzw/hqdefault.jpg,Not Applicable
GafmA1bkw8w,🔵WINNING RUSH 1v1 LIVE🔵BEST POSTSCORER WINNING THE EVENT IN NBA 2K21🔵,12/25/2020,13:54:20,1:37:05,5825,10250,398,22,3.88,0.21,,Gaming,Stream,True,https://i.ytimg.com/vi/GafmA1bkw8w/hqdefault.jpg,Not Applicable
_YiVaP-yOcM,THE SAD TRUTH ABOUT POSTSCORERS IN NBA2K21💔! I QUIT BEING A POSTSCORER IN NBA2K21😪! *SECRET TRUTH*,12/24/2020,16:45:03,8:45,525,6119,278,64,4.54,1.05,,Gaming,Regular Video,False,https://i.ytimg.com/vi/_YiVaP-yOcM/hqdefault.jpg,Not Applicable
OcADUPf_U4A,👻EMILY WANTS TO PLAY LIVE STREAM! 😱SCARIEST GAME ALIVE👻,12/24/2020,14:56:03,32:08:00,1928,15114,420,32,2.78,0.21,['Emily'],IRL / Vlog,Stream,True,https://i.ytimg.com/vi/OcADUPf_U4A/hqdefault.jpg,Not Applicable
2q7u3NsSLfA,🔴#1 POSTSCORER RUNNING 3'S IN NBA 2K21 LIVE STREAM! LOSE I END STREAM !IN PARK🔴,12/24/2020,3:03:10,2:06:06,7566,10658,481,14,4.51,0.13,,Gaming,Stream,True,https://i.ytimg.com/vi/2q7u3NsSLfA/hqdefault.jpg,Not Applicable
RCqwaJvwxGQ,I USED A MODDED POSTSCORER ACCOUNT TO DROP A 100 GAME STREAK IN NBA2K21! USING A ZEN ON  POSTSCORER!,12/23/2020,16:45:00,8:54,534,11834,305,80,2.58,0.68,,Gaming,Regular Video,False,https://i.ytimg.com/vi/RCqwaJvwxGQ/hqdefault.jpg,Not Applicable
MP7AFQsv1XY,🔴BEST POSTSCORER HITTING SS1 NOW IN NBA 2K21! NBA 2K21 LIVE STREAM🔴IN 2K BEACH🔴,12/23/2020,4:03:07,3:19:12,11952,18466,559,17,3.03,0.09,,Gaming,Stream,True,https://i.ytimg.com/vi/MP7AFQsv1XY/hqdefault.jpg,Not Applicable
axZgwO8Z2vg,IShowSpeed Vs PostHooking $500 POT WAGER IN NBA 2K21! DID HE REALLY LEAVE THE 2K COMMUNITY?,12/22/2020,19:20:01,20:43,1243,67101,2072,116,3.09,0.17,,Gaming,Regular Video,False,https://i.ytimg.com/vi/axZgwO8Z2vg/hqdefault.jpg,Not Applicable
BZHs_9JdvNI,🚨IShowSpeed Vs PostHooking $500 POT WAGER IN NBA 2K21! WHO IS THE BEST POSTSCORER?🚨 #FREECASH,12/22/2020,4:05:39,3:02:14,10934,21980,643,36,2.93,0.16,,Gaming,Stream,True,https://i.ytimg.com/vi/BZHs_9JdvNI/hqdefault.jpg,Not Applicable
OMvPUvVks1g,Q&A........AM I A VIRGIN? HOW OLD ARE YOU? ARE POSTSCORERS GAY🏳️‍🌈?,12/21/2020,17:00:08,8:01,481,148715,5133,542,3.45,0.36,,Misc,Regular Video,False,https://i.ytimg.com/vi/OMvPUvVks1g/hqdefault.jpg,Not Applicable
R8y0jKeU1T8,👻EMILY WANTS TO PLAY LIVE STREAM! SCARIEST GAME ALIVE👻,12/21/2020,15:01:50,22:43,1363,58198,1896,90,3.26,0.15,['Emily'],IRL / Vlog,Stream,True,https://i.ytimg.com/vi/R8y0jKeU1T8/hqdefault.jpg,Not Applicable
sPNVjNOzd7Y,🔵#1 POST SCORER STREAKING UP ON IN COMP STAGE ON A NEW BUILD! PULL UP ADDER AFierceVoid🔴,12/21/2020,14:44:37,1:55:14,6914,8886,343,16,3.86,0.18,,Variety Stream,Stream,True,https://i.ytimg.com/vi/sPNVjNOzd7Y/hqdefault.jpg,Not Applicable
HLf77K2epG8,I UNLOCKED A SECRET POST HOOK GLITCH IN NBA 2K21! WHY HAS NOBODY BEEN USING THIS GLITCHY POSTHOOK!,12/20/2020,16:45:01,8:04,484,8126,182,47,2.24,0.58,,Gaming,Regular Video,False,https://i.ytimg.com/vi/HLf77K2epG8/hqdefault.jpg,Not Applicable
8SECtG4k0sI,STREAMER GETS CAUGHT USING A ZEN SO I PULLED UP ON MY MODDED POSTSCORER IN NBA 2K21!,12/18/2020,17:55:01,8:03,483,15690,386,80,2.46,0.51,,Gaming,Regular Video,False,https://i.ytimg.com/vi/8SECtG4k0sI/hqdefault.jpg,Not Applicable
Fyh8lkc-WtE,So The BEST 9 Year Old POSTSCORER Challenged me to a 1v1 in NBA 2K21 TOXIC! (HIS DAD CAME IN)..!,12/17/2020,16:55:00,8:42,522,8171,229,41,2.8,0.5,,Gaming,Regular Video,False,https://i.ytimg.com/vi/Fyh8lkc-WtE/hqdefault.jpg,Not Applicable
hvh4kPslfuQ,🔵#1 POST SCORER STREAKING UP ON 2S PULL UP ADDER AFierceVoid🔴,12/17/2020,3:24:08,2:40:34,9634,11099,566,18,5.1,0.16,,Variety Stream,Stream,True,https://i.ytimg.com/vi/hvh4kPslfuQ/hqdefault.jpg,Not Applicable
fOwRHiAxFjk,HE MIGHT BE THE BEST POSTSCORER! THE MOST COMP POSTSCORER I’VE PLAYED IN NBA 2K21 (70 STREAK)!,12/16/2020,17:05:01,6:20,380,5896,162,51,2.75,0.86,,Gaming,Regular Video,False,https://i.ytimg.com/vi/fOwRHiAxFjk/hqdefault.jpg,Not Applicable
xuWZDFtxNFI,SPEED NOT THE SCAMMER🤣🤣🤣 #,12/16/2020,3:11:09,2:48:53,10133,15082,436,24,2.89,0.16,,Variety Stream,Stream,True,https://i.ytimg.com/vi/xuWZDFtxNFI/hqdefault.jpg,Not Applicable
AvNAUb5x3M8,MO BUCKETS EXSPOSED! BEST POSTSCORER DROPPS OFF THE BEST OLD HEAD IN NEXT GEN NBA 2K21!,12/15/2020,17:00:03,8:35,515,8783,194,46,2.21,0.52,,Gaming,Regular Video,False,https://i.ytimg.com/vi/AvNAUb5x3M8/hqdefault.jpg,Not Applicable
vYaqqviA95s,🔴#1 POSTSCORER ON NEXT GEN NBA 2K21! BEST POSTSCORER BUILD! NBA 2K21 LIVE STREAM🔴,12/15/2020,1:45:21,2:07:18,7638,8497,315,18,3.71,0.21,,Gaming,Stream,True,https://i.ytimg.com/vi/vYaqqviA95s/hqdefault.jpg,Not Applicable
nHFf13bZmLM,I PLAYED GUARD FOR THE FIRST TIME IN NBA 2K21! POSTSCORER TAKES MORE SKILL THAN GUARD IN NBA 2K21!,12/14/2020,17:00:31,8:02,482,5986,142,39,2.37,0.65,,Gaming,Regular Video,False,https://i.ytimg.com/vi/nHFf13bZmLM/hqdefault.jpg,Not Applicable
gpCrBGhJZm0,🚨 FIRST TIME PLAYING GUARD IN NBA 2K21! 🚨NBA 2K21 LIVE STREM!🚨,12/14/2020,14:11:22,1:52:37,6757,7272,249,16,3.42,0.22,,Gaming,Stream,True,https://i.ytimg.com/vi/gpCrBGhJZm0/hqdefault.jpg,Not Applicable
2v65wJVeygo,POSTSCORER GUARD BUILD THAN CAN SPEEDBOOST IN NEXT GEN NBA 2K21🧀! BEST POSTSCORER BUILD IN NEXT GEN,12/13/2020,17:00:01,8:02,482,7629,180,36,2.36,0.47,,Gaming,Regular Video,False,https://i.ytimg.com/vi/2v65wJVeygo/hqdefault.jpg,Not Applicable
cn_egfT_TX8,THIS POSTSCORER DID THE *NEW* SCREEN GLITCH IN NBA 2K21! POSTSCORERS ARE USING SCREEENS NOW *TOXIC*!,12/12/2020,19:20:02,5:45,345,7821,128,74,1.64,0.95,,Gaming,Regular Video,False,https://i.ytimg.com/vi/cn_egfT_TX8/hqdefault.jpg,Not Applicable
tbUUv-ZFuls,🔴LAST DAY OF CLAN TRYOUTS🔴 ADDER JFB1117🔴 WEAR RED🔴 NBA 2K21 LIVE STREAM🔴,12/12/2020,14:29:57,1:59:28,7168,7165,244,18,3.41,0.25,,Gaming,Stream,True,https://i.ytimg.com/vi/tbUUv-ZFuls/hqdefault.jpg,Not Applicable
SZyd2tZMUrM,🔵LATE NIGHT FORTNITE STREAM! 2K DEAD HOP ON FORTNITE! FORTNITE  LIVE STREAM🔵,12/12/2020,5:00:20,2:06:47,7607,24436,648,30,2.65,0.12,,Gaming,Stream,True,https://i.ytimg.com/vi/SZyd2tZMUrM/hqdefault.jpg,Not Applicable
TT1KH-Enjgc,SantanaDifferent EXSPOSED? TOP CLAN (SMG) PULLED UP ON THE BEST POSTSCORER IN NBA 2K21!,12/11/2020,17:00:10,8:00,480,8357,222,67,2.66,0.8,,Gaming,Regular Video,False,https://i.ytimg.com/vi/TT1KH-Enjgc/hqdefault.jpg,Not Applicable
8S5flgKB7EE,🔴CLAN TRYOUTS🔴 ADDER SHE3ENVYMAGIC-_-🔴 WEAR RED🔴 NBA 2K21 LIVE STREAM🔴,12/11/2020,2:35:07,2:09:14,7754,10128,443,12,4.37,0.12,,Gaming,Stream,True,https://i.ytimg.com/vi/8S5flgKB7EE/hqdefault.jpg,Not Applicable
9lQYL9VcskI,MIDGET POSTSCORER GLITCH IS BACK IN NEXT GEN NBA 2K21! THIS MIGHT BE THE BEST POSTSCORER BUILD!,12/10/2020,17:10:00,8:01,481,6783,307,39,4.53,0.57,,Gaming,Regular Video,False,https://i.ytimg.com/vi/9lQYL9VcskI/hqdefault.jpg,Not Applicable
YheOUw8Kk7g,🔴BEST GUARD/LEGEND IN 2K20💪🏾 NBA 2K20🏀,12/10/2020,2:44:41,2:11:48,7908,9196,311,11,3.38,0.12,,Gaming,Stream,True,https://i.ytimg.com/vi/YheOUw8Kk7g/hqdefault.jpg,Not Applicable
TywzZXKBqSU,I WENT BACK TO NBA 2K19 AS A POSTSCORER AND THIS HAPPENED! ARE POSTHOOKS STILL GOOD UN NBA 2K19?,12/9/2020,17:05:00,5:18,318,5919,128,28,2.16,0.47,,Gaming,Regular Video,False,https://i.ytimg.com/vi/TywzZXKBqSU/hqdefault.jpg,Not Applicable
BjeTjG8Ra-k,TROLLING THIS 40 YEAR OLD DAD IN NBA 2K21! IM NOT THE BEST POSTSCORER ANYMORE💔!,12/8/2020,17:00:06,8:08,488,6556,186,35,2.84,0.53,,Gaming,Regular Video,False,https://i.ytimg.com/vi/BjeTjG8Ra-k/hqdefault.jpg,Not Applicable
fbSPrxVY3H4,🔴WE BACK ON  2K19🔴 NBA 2K19 LIVESTREAM🔴,12/8/2020,13:52:04,1:28:28,5308,10745,348,10,3.24,0.09,,Gaming,Stream,True,https://i.ytimg.com/vi/fbSPrxVY3H4/hqdefault.jpg,Not Applicable
FufUpwUvgEs,I TRIED OUT FOR THE  #1 TIK TOK CLAN ON A POSTSCORER IN NBA 2K21!,12/7/2020,17:00:04,6:19,379,6051,153,46,2.53,0.76,,Gaming,Regular Video,False,https://i.ytimg.com/vi/FufUpwUvgEs/hqdefault.jpg,Not Applicable
Abk_E_dShy4,THIS MAKES ME WANT TO QUIT POSTSCORER IN NBA 2K21..........💔! #stopbullying,12/6/2020,20:05:00,4:30,270,6703,181,42,2.7,0.63,,Gaming,Regular Video,False,https://i.ytimg.com/vi/Abk_E_dShy4/hqdefault.jpg,Not Applicable
UZqw8ddtQZ4,"🔴(REAL) NA-EAST CUSTOM MATCHMAKING SOLO/DUO/SQUAD SCRIMS FORTNITE LIVE/PS4,XBOX,PC,MOBILE,SWITCH!",12/6/2020,14:14:44,1:36:52,5812,16968,399,18,2.35,0.11,,Gaming,Stream,True,https://i.ytimg.com/vi/UZqw8ddtQZ4/hqdefault.jpg,Not Applicable
nXyY3zaBFe4,I TROLLED STREAMERS USING A MODDED POSTSCORER ACCOUNT IN NBA 2K21! USING A ZEN FOR POSTHOOKS IN NBA!,12/5/2020,17:00:30,9:49,589,9654,305,60,3.16,0.62,,Gaming,Regular Video,False,https://i.ytimg.com/vi/nXyY3zaBFe4/hqdefault.jpg,Not Applicable
5sMgViZu3io,THIS MIGHT BE THE MOST TOXIC BUILD IN NBA 2K21! *NEVER SEEN BEFORE BUILD* IN NBA 2K21!,12/4/2020,17:10:00,8:02,482,7798,215,63,2.76,0.81,,Gaming,Regular Video,False,https://i.ytimg.com/vi/5sMgViZu3io/hqdefault.jpg,Not Applicable
9fyoZl1t32E,PRANK CALLS LIVEEE!!!!!!,12/4/2020,13:55:06,1:21:30,4890,15105,524,28,3.47,0.19,,IRL / Vlog,Stream,True,https://i.ytimg.com/vi/9fyoZl1t32E/hqdefault.jpg,Not Applicable
7QvRh45Upjk,🔴GOING FOR 100 GAME STREAK WITH POST SCORING/SLASHER #1 POST SCORER ALSO DOING PRANK CALLS🔴📞,12/4/2020,12:29:53,1:03:26,3806,6255,285,15,4.56,0.24,,Gaming,Stream,True,https://i.ytimg.com/vi/7QvRh45Upjk/hqdefault.jpg,Not Applicable
bOKhaA4KVf4,PEOPLE ARE STILL DOING THIS GLITCH IN NBA 2K21! ITS UNGUARDABLE IN CURRENT GEN NBA 2K21!,12/3/2020,17:00:10,8:02,482,5946,154,42,2.59,0.71,,Gaming,Regular Video,False,https://i.ytimg.com/vi/bOKhaA4KVf4/hqdefault.jpg,Not Applicable
GtRfw2O675c,HITTING 10k SUBS LIVE NOW JOIN UP!!!!!!NBA2K20 LIVE STREAM!,12/3/2020,13:54:12,1:26:46,5206,13046,630,88,4.83,0.67,,Gaming,Stream,True,https://i.ytimg.com/vi/GtRfw2O675c/hqdefault.jpg,Not Applicable
sF18dxR-FrQ,I MIGHT QUIT POSTSCORER AFTER THIS GAME IN NEXT GEN NBA 2K21...😪! I CANT NEVER GET RESPECT!,12/2/2020,17:05:01,8:01,481,5318,161,102,3.03,1.92,,Gaming,Regular Video,False,https://i.ytimg.com/vi/sF18dxR-FrQ/hqdefault.jpg,Not Applicable
y6PNj49XdPA,GUARDS ARE BETTER THAN POSTSCORER ON THE 1s COURT IN NEXT GEN NBA 2K21!,12/2/2020,2:50:29,8:02,482,4231,139,37,3.29,0.87,,Gaming,Regular Video,False,https://i.ytimg.com/vi/y6PNj49XdPA/hqdefault.jpg,Not Applicable
IETO0ULyML4,🟡#1 POSTSCORER IN ANTE UP 1s COURT GOING FOR 100 STREAK IN NEXT GEN! BUILD! NBA 2K21 LIVE STREAM!🟡,12/2/2020,1:25:48,2:29:56,8996,12005,438,17,3.65,0.14,,Gaming,Stream,True,https://i.ytimg.com/vi/IETO0ULyML4/hqdefault.jpg,Not Applicable
JI-2jk9NmSA,PLAYING ON A LEGEND POST SCORER/SLASHER ON 2K20 PRANK CALLS DROP REAL NUMBERS 🔥💪🏾,12/1/2020,3:25:31,2:30:31,9031,12001,512,20,4.27,0.17,,Gaming,Stream,True,https://i.ytimg.com/vi/JI-2jk9NmSA/hqdefault.jpg,Not Applicable
lcPnihSTDzY,STREAMER BREAKS CONTROLLER  BECAUSE OF MY POSTSCORER IN NEXT GEN NBA 2K21! MOST TOXIC STREAMER EVER!,11/30/2020,17:00:11,6:26,386,9593,222,40,2.31,0.42,,Gaming,Regular Video,False,https://i.ytimg.com/vi/lcPnihSTDzY/hqdefault.jpg,Not Applicable
jSVOeRty6k0,THIS 6’7 DEMIGOD BUILD NEEDS TO GET PATCHED NEXT GEN NBA 2K21 NOW😤! THIS BUILD CANT BE GUARDED!,11/29/2020,17:00:42,10:59,659,4530,123,34,2.72,0.75,,Gaming,Regular Video,False,https://i.ytimg.com/vi/jSVOeRty6k0/hqdefault.jpg,Not Applicable
stDdKf_o1C8,FORTNITE LIVE STREAM!!!SQUADS CUSTOM MATCH MAKING CODE : ispeed JOIN UP ON THE ROAD TO 10k 👀💪🏾🔥,11/29/2020,14:24:50,1:44:36,6276,21538,634,29,2.94,0.13,,Gaming,Stream,True,https://i.ytimg.com/vi/stDdKf_o1C8/hqdefault.jpg,Not Applicable
ubz2lbF15B4,I RETURNED TO NBA2K20 AS A LEGEND POSTSCORER AND THIS HAPPENED! THIS BUILD NEVER TOOK SKILL IN 2K20!,11/28/2020,17:00:11,13:42,822,8717,225,24,2.58,0.28,,Gaming,Regular Video,False,https://i.ytimg.com/vi/ubz2lbF15B4/hqdefault.jpg,Not Applicable
ePcQhuLziZE,POSTSCORERS GOT PATCHED IN NEXT GEN NBA 2K21💔! POSTSCORERS ARE USELESS ON THE 1s COURT IN NBA 2K21!,11/27/2020,18:00:16,8:02,482,5295,167,78,3.15,1.47,,Gaming,Regular Video,False,https://i.ytimg.com/vi/ePcQhuLziZE/hqdefault.jpg,Not Applicable
i5PJxIlVAd4,HOW TO BECOME A COMP POSTSCORER IN NEXT GEN NBA2K21!BEST POSTHOOK! *HANDCAM* + BEST POST ANIMATIONS!,11/27/2020,2:45:00,9:07,547,14698,338,38,2.3,0.26,,Gaming,Regular Video,False,https://i.ytimg.com/vi/i5PJxIlVAd4/hqdefault.jpg,Not Applicable
w90BkP9HpsM,2K ADDED THIS GLITCH FOR POSTSCORERS IN NBA 2K21! CURRENT GEN POSTSCORERS TAKE NO SKILL AFTER THIS!,11/26/2020,17:00:29,5:45,345,8231,215,60,2.61,0.73,,Gaming,Regular Video,False,https://i.ytimg.com/vi/w90BkP9HpsM/hqdefault.jpg,Not Applicable
aBUL4uPdrBE,POST SCORER STREAKING UP ON CURRENT GEN AND PRANK CALLING 🚨🚑💪🏾,11/26/2020,13:25:59,1:34:10,5650,8705,372,11,4.27,0.13,,Gaming,Stream,True,https://i.ytimg.com/vi/aBUL4uPdrBE/hqdefault.jpg,Not Applicable
yMbsMXYnFlk,TOXIC STREAMER COULDNT BELIEVE MY POST HOOKS! I WAS USING A MODDED CONTROLLER IN NBA 2K21 *RAGE* !,11/25/2020,17:15:02,8:02,482,7073,204,37,2.88,0.52,,Gaming,Regular Video,False,https://i.ytimg.com/vi/yMbsMXYnFlk/hqdefault.jpg,Not Applicable
UoMIGdbnj1w,$$$ IF YOU BEAT ME 2 TIMES  YOU GET ONETRY! ADDER JOSHGETBOARDZ-_- ! NBA 2K21 LIVE STREAM!,11/25/2020,14:17:30,1:58:55,7135,10975,396,13,3.61,0.12,,Gaming,Stream,True,https://i.ytimg.com/vi/UoMIGdbnj1w/hqdefault.jpg,Not Applicable
heLsaiqKdjw,I WENT BACK TO CURRENT GEN AND PLAYED THE TOP TOP POSCORER IN NBA 2K21! THE FIRST LEGEND POSTSCORER!,11/24/2020,17:00:32,8:02,482,6936,275,43,3.96,0.62,,Gaming,Regular Video,False,https://i.ytimg.com/vi/heLsaiqKdjw/hqdefault.jpg,Not Applicable
xXpRzD4LO78,$$$ IF YOU BEAT ME YOU GET ONETRY! NBA 2K21 LIVE STREAM! BEST POSTSCORER IN THE WORLD ON COMP STAGE!,11/24/2020,13:38:22,1:27:39,5259,12016,441,12,3.67,0.1,,Gaming,Stream,True,https://i.ytimg.com/vi/xXpRzD4LO78/hqdefault.jpg,Not Applicable
mbwBAYD38NU,iRunYew EXSPOSED “DRIBBLE GOD”! BEST POSTSCORER DROPPS OFF THE BEST DRIBBLER IN NEXT GEN NBA 2K21!,11/23/2020,17:00:45,8:01,481,9219,260,89,2.82,0.97,,Gaming,Regular Video,False,https://i.ytimg.com/vi/mbwBAYD38NU/hqdefault.jpg,Not Applicable
N5a4sm2XUws,I WAGERED A POSTSCORER IN NEXT GEN NBA 2K21 FOR $500💔! WHY YOU SHOULD NEVER WAGER POSTSCORERS!,11/23/2020,4:30:00,9:24,564,4723,170,69,3.6,1.46,,Gaming,Regular Video,False,https://i.ytimg.com/vi/N5a4sm2XUws/hqdefault.jpg,Not Applicable
A1KkJo1HXaQ,$500 POT WAGER RIGHT NOW! FIRST WAGER IN NBA 2K21 NEXT GEN! NBA 2K21 LIVE STREAM!,11/23/2020,2:09:19,2:00:57,7257,12063,419,39,3.47,0.32,,Gaming,Stream,True,https://i.ytimg.com/vi/A1KkJo1HXaQ/hqdefault.jpg,Not Applicable
CIeaZemTI2A,🔴BACK ON CURRENT GEN NBA 2K20🔴 BEST POSTSCORER IN NBA 2K21! NBA 2K21 LIVE STREAM🔴,11/22/2020,19:10:50,1:58:09,7089,12072,438,18,3.63,0.15,,Gaming,Stream,True,https://i.ytimg.com/vi/CIeaZemTI2A/hqdefault.jpg,Not Applicable
7JDNwG__0ak,IM QUITTING💔💔,11/22/2020,3:20:00,8:20,500,19765,548,201,2.77,1.02,,Misc,Regular Video,False,https://i.ytimg.com/vi/7JDNwG__0ak/hqdefault.jpg,Not Applicable
ZHOe8w58cyg,🔴#1 POSTSCORER ON NEXT GEN NBA 2K21! BEST POSTSCORER BUILD! NBA 2K21 LIVE STREAM🔴,11/22/2020,1:55:09,2:12:50,7970,8655,284,15,3.28,0.17,,Gaming,Stream,True,https://i.ytimg.com/vi/ZHOe8w58cyg/hqdefault.jpg,Not Applicable
cPSAHObT3ac,POSTHOOKS ARE USELESS NOW! THIS SECRET BADGE IS THE NEW META FOR POSTSCORERS IN NEXT GEN NBA 2K21!,11/20/2020,4:35:00,2:05,125,6514,130,22,2.0,0.34,,Gaming,Regular Video,False,https://i.ytimg.com/vi/cPSAHObT3ac/hqdefault.jpg,Not Applicable
PE1spahlaPc,THIS GLITCH NEEDS TO GET PATCHED NOW IN NBA 2K21 NEXT GEN! IT TAKES NO SKILL TO DO THIS NBA 2K21 NG!,11/20/2020,3:30:01,8:50,530,4201,101,64,2.4,1.52,,Gaming,Regular Video,False,https://i.ytimg.com/vi/PE1spahlaPc/hqdefault.jpg,Not Applicable
x9NAnt9zOjY,🔴#1 POSTSCORER ON NEXT GEN NBA 2K21! BEST POSTSCORER BUILD! NBA 2K21 LIVE STREAM!🔴,11/20/2020,2:59:48,2:55:59,10559,12742,472,6,3.7,0.05,,Gaming,Stream,True,https://i.ytimg.com/vi/x9NAnt9zOjY/hqdefault.jpg,Not Applicable
0OwRt4-18i0,MODDED CONTROLLERS ARE BACK IN NEXT GEN NBA 2K21! ZEN/STRIKEPACK CAN BE USED ON THE PS5/XBOX SERIES!,11/19/2020,4:30:00,8:01,481,43371,635,221,1.46,0.51,,Gaming,Regular Video,False,https://i.ytimg.com/vi/0OwRt4-18i0/hqdefault.jpg,Not Applicable
fkjdddlnMRg,🔴#1 POSTSCORER ON NEXT GEN NBA 2K21! BEST POSTSCORER BUILD! NBA 2K21 LIVE STREAM!🔴,11/19/2020,3:23:25,2:49:24,10164,12911,470,5,3.64,0.04,,Gaming,Stream,True,https://i.ytimg.com/vi/fkjdddlnMRg/hqdefault.jpg,Not Applicable
eWyuE_r9x20,🔴#1 POSTSCORER ON NEXT GEN NBA 2K21! BEST POSTSCORER BUILD! NBA 2K21 LIVE STREAM!🔴,11/18/2020,12:33:38,46:12:00,2772,6726,219,13,3.26,0.19,,Gaming,Stream,True,https://i.ytimg.com/vi/eWyuE_r9x20/hqdefault.jpg,Not Applicable
Qcu2pE6aKFg,WHY ISO TAKES NO SKILL IN NEXT GEN NBA 2K21! POST HOOKS VS ISO IN NBA 2K21 NEXT GEN!,11/17/2020,17:00:12,8:02,482,5126,154,92,3.0,1.79,,Gaming,Regular Video,False,https://i.ytimg.com/vi/Qcu2pE6aKFg/hqdefault.jpg,Not Applicable
BG18jBTkLDw,🔴#1 POSTSCORER ON NEXT GEN NBA 2K21! BEST POSTSCORER BUILD! NBA 2K21 LIVE STREAM!🔴,11/17/2020,13:10:49,49:53:00,2993,7351,313,12,4.26,0.16,,Gaming,Stream,True,https://i.ytimg.com/vi/BG18jBTkLDw/hqdefault.jpg,Not Applicable
HM9W--WDdUk,🔴#1 POSTSCORER ON NEXT GEN NBA 2K21! BEST POSTSCORER BUILD! NBA 2K21 LIVE STREAM!🔴,11/17/2020,6:42:36,5:01:07,18067,18723,312,15,1.67,0.08,,Gaming,Stream,True,https://i.ytimg.com/vi/HM9W--WDdUk/hqdefault.jpg,Not Applicable
Acw5Baxl0RM,BEST POSTSCORER BUILD FOR NEXT GEN NBA 2K21! NEVER MISS A POST HOOK WITH THIS BUILD!,11/16/2020,5:00:01,3:05,185,12897,242,23,1.88,0.18,,Gaming,Regular Video,False,https://i.ytimg.com/vi/Acw5Baxl0RM/hqdefault.jpg,Not Applicable
l07Ubns4XeQ,FIRST TIME PLAYING A POSTSCORER IN NEXT GEN NBA 2K21 ON THE NEW 1 s COURT! COMP 1v1 GAMEPLAY!,11/16/2020,3:45:01,8:32,512,6673,110,25,1.65,0.37,,Gaming,Regular Video,False,https://i.ytimg.com/vi/l07Ubns4XeQ/hqdefault.jpg,Not Applicable
9bjB-2lozjA,🔴#1 POSTSCORER ON NEXT GEN NBA 2K21! BEST POSTSCORER BUILD! NBA 2K21 LIVE STREAM!🔴,11/15/2020,15:07:04,1:37:06,5826,10821,305,17,2.82,0.16,,Gaming,Stream,True,https://i.ytimg.com/vi/9bjB-2lozjA/hqdefault.jpg,Not Applicable
ec_MTmA57zg,IM THE FIRST POSTSCORER TO DO THIS IN NEXT GEN NBA2K21! COMP POSTSCORER DROPP OFF STREAK IN NBA2K21!,11/15/2020,4:25:10,10:37,637,5914,154,42,2.6,0.71,,Gaming,Regular Video,False,https://i.ytimg.com/vi/ec_MTmA57zg/hqdefault.jpg,Not Applicable
vezODMofIMc,POSTSCORER IN NEXT GEN NBA 2K21........! ARE POST HOOKS STILL TOXIC?,11/14/2020,5:54:45,6:32,392,11659,268,57,2.3,0.49,,Gaming,Regular Video,False,https://i.ytimg.com/vi/vezODMofIMc/hqdefault.jpg,Not Applicable
AynhY5ViZi4,🔴#1 POSTSCORER ON NEXT GEN NBA 2K21! BEST POSTSCORER BUILD! NBA 2K21 LIVE STREAM!🔴,11/14/2020,5:49:15,3:28:07,12487,28159,612,14,2.17,0.05,,Gaming,Stream,True,https://i.ytimg.com/vi/AynhY5ViZi4/hqdefault.jpg,Not Applicable
tjilgehnkyg,LAST STREAM!!!!!!,11/13/2020,13:34:21,1:28:24,5304,8541,289,15,3.38,0.18,,Gaming,Stream,True,https://i.ytimg.com/vi/tjilgehnkyg/hqdefault.jpg,Not Applicable
AKuF45Ampdg,THIS MIGHT BE THE BEST POSTSCORER BUILD IN NEXT GEN NBA 2K21! NEW WAVE FOR POSTSCORERS IN NEXT GEN!,11/10/2020,19:50:01,1:17,77,7912,166,35,2.1,0.44,,Gaming,Regular Video,False,https://i.ytimg.com/vi/AKuF45Ampdg/hqdefault.jpg,Not Applicable
98TrQOt65eU,🔴NEXT GEN A W OR L??🔴NBA 2K21 LIVE STREAM🔴,11/10/2020,12:42:15,1:32:27,5547,8673,275,11,3.17,0.13,,Gaming,Stream,True,https://i.ytimg.com/vi/98TrQOt65eU/hqdefault.jpg,Not Applicable
C3PBqrg2ORM,GUARD USES MODDED CONTROLLER TO BEAT POSTSCORER IN NBA 2K21! GUARDS USES ZEN ON THE 1v1 COURT!,11/10/2020,3:30:00,4:48,288,4836,107,49,2.21,1.01,,Gaming,Regular Video,False,https://i.ytimg.com/vi/C3PBqrg2ORM/hqdefault.jpg,Not Applicable
9KB9I8aYS8k,🔴#1 POSTSCORER IN THE WORLD IN NBA2K21 COMP STAGE! NEW POSTSCORER BUILD! NBA2K21 LIVE STREAM!🔴,11/9/2020,14:05:27,1:37:13,5833,10484,365,12,3.48,0.11,,Gaming,Stream,True,https://i.ytimg.com/vi/9KB9I8aYS8k/hqdefault.jpg,Not Applicable
Y0DOdsLD4os,GUARDS ARE USING THIS GLITCH TO BEAT CENTERS IN NBA 2K21! GUARDS ARE TOXIC WITH THIS CHEESY MOVE!,11/9/2020,3:30:00,4:36,276,4200,142,51,3.38,1.21,,Gaming,Regular Video,False,https://i.ytimg.com/vi/Y0DOdsLD4os/hqdefault.jpg,Not Applicable
2JXRtssdR4k,🔴#1 POSTSCORER IN THE WORLD IN NBA2K21 COMP STAGE! NEW POSTSCORER BUILD! NBA2K21 LIVE STREAM!🔴,11/8/2020,13:18:33,58:45:00,3525,6211,234,6,3.77,0.1,,Gaming,Stream,True,https://i.ytimg.com/vi/2JXRtssdR4k/hqdefault.jpg,Not Applicable
3P40b7483H4,I PLAYED THE MOST UNDERRATED POSTSCORER IN NBA 2K21! BEST POSTSCORER HAD TO ACTUALLY TRY IN A GAME!,11/8/2020,3:30:01,5:48,348,4674,135,29,2.89,0.62,,Gaming,Regular Video,False,https://i.ytimg.com/vi/3P40b7483H4/hqdefault.jpg,Not Applicable
7sm010FScao,THIS POSTSCORER DID THE *NEW* FADE GLITCH IN NBA 2K21! FADE GLITCH IS UNSTOPPABLE IN NBA 2K21!,11/7/2020,2:30:01,9:26,566,8546,181,37,2.12,0.43,,Gaming,Regular Video,False,https://i.ytimg.com/vi/7sm010FScao/hqdefault.jpg,Not Applicable
aKqdcz0t0Y4,🔴#1 POSTSCORER IN THE WORLD IN NBA2K21 COMP STAGE! NEW POSTSCORER BUILD! NBA2K21 LIVE STREAM!🔴,11/6/2020,14:13:29,1:49:58,6598,8082,349,12,4.32,0.15,,Gaming,Stream,True,https://i.ytimg.com/vi/aKqdcz0t0Y4/hqdefault.jpg,Not Applicable
fZidyKsAwUI,THIS NEW SLAHER MOVE IS TOXIC IN NBA 2K21! SLASHERS ARE NOW UNSTOPPABLE ON THE 1v1 COURT!,11/6/2020,3:30:01,8:01,481,4517,128,40,2.83,0.89,,Gaming,Regular Video,False,https://i.ytimg.com/vi/fZidyKsAwUI/hqdefault.jpg,Not Applicable
oFpSphFMizc,🔴#1 POSTSCORER IN THE WORLD IN NBA2K21 COMP STAGE! NEW POSTSCORER BUILD! NBA2K21 LIVE STREAM!🔴,11/5/2020,14:19:41,1:35:16,5716,7989,342,10,4.28,0.13,,Gaming,Stream,True,https://i.ytimg.com/vi/oFpSphFMizc/hqdefault.jpg,Not Applicable
ek8hHwI0pDY,HES THE FIRST POSTSCORER TO MASTER POST HOOK 2 IN NBA 2K21! POSTSCORER USES RARE POST HOOK IN STAGE!,11/5/2020,3:35:00,5:23,323,5360,142,19,2.65,0.35,,Gaming,Regular Video,False,https://i.ytimg.com/vi/ek8hHwI0pDY/hqdefault.jpg,Not Applicable
KXR-eYJpOM4,THE BEST SLASHER I PLAYED IN NBA 2k21! NEVER SEEN A SLASHER DID THIS BEFORE!,11/4/2020,3:30:01,3:59,239,4766,147,35,3.08,0.73,,Gaming,Regular Video,False,https://i.ytimg.com/vi/KXR-eYJpOM4/hqdefault.jpg,Not Applicable
2YnCmp0o6Vg,🔴#1 POSTSCORER IN THE WORLD IN NBA2K21 COMP STAGE! +BEST BUILD🔴,11/3/2020,13:18:34,1:27:30,5250,7690,308,14,4.01,0.18,,Gaming,Stream,True,https://i.ytimg.com/vi/2YnCmp0o6Vg/hqdefault.jpg,Not Applicable
7VmijJMdN4s,DOES POSTSCORERS REALLY TAKE SKILL IN NBA 2K21? POSTSCORER HAS NO SKILL GAP!,11/3/2020,3:30:00,5:25,325,4198,126,31,3.0,0.74,,Gaming,Regular Video,False,https://i.ytimg.com/vi/7VmijJMdN4s/hqdefault.jpg,Not Applicable
5MJ0tu1OITc,🔴#1 POSTSCORER IN THE WORLD IN NBA2K21 COMP STAGE! NEW POSTSCORER BUILD! NBA2K21 LIVE STREAM!🔴,11/2/2020,13:51:10,1:42:20,6140,8069,296,7,3.67,0.09,,Gaming,Stream,True,https://i.ytimg.com/vi/5MJ0tu1OITc/hqdefault.jpg,Not Applicable
sm9b0Kik7wQ,THIS NEEDS TO GET NERFED IN NBA 2K21! THIS POSTSCORER FOUND A NEW META TO GREEN EVREYTIME!,11/2/2020,3:30:01,5:15,315,4200,141,56,3.36,1.33,,Gaming,Regular Video,False,https://i.ytimg.com/vi/sm9b0Kik7wQ/hqdefault.jpg,Not Applicable
eWLuEWb2UkE,🔵WINNING RUSH 2v2 LIVE🔵BEST POSTSCORER WINNING THE EVENT IN NBA 2K21🔵,11/1/2020,13:22:12,1:37:23,5843,8243,285,19,3.46,0.23,,Gaming,Stream,True,https://i.ytimg.com/vi/eWLuEWb2UkE/hqdefault.jpg,Not Applicable
YUxPkKlonVU,THE FISRT GUARD TO GO ON A HUGE WINSTREAK IN NBA 2K21! POSTSCORER DROPPS OF THE BEST 1s GUARD!,11/1/2020,2:30:01,4:26,266,4200,135,50,3.21,1.19,,Gaming,Regular Video,False,https://i.ytimg.com/vi/YUxPkKlonVU/hqdefault.jpg,Not Applicable
Njk6j0ef3QM,Q&A.........AM I A VIRGIN? WHY ARE YOU A POSTSCORER?,10/31/2020,1:30:01,6:13,373,120134,3797,347,3.16,0.29,,Misc,Regular Video,False,https://i.ytimg.com/vi/Njk6j0ef3QM/hqdefault.jpg,Not Applicable
tMS2Le5iews,🔴#1 POSTSCORER IN THE WORLD IN NBA2K21 COMP STAGE! NEW POSTSCORER BUILD! NBA2K21 LIVE STREAM!🔴,10/30/2020,12:57:45,1:51:09,6669,7311,325,12,4.45,0.16,,Gaming,Stream,True,https://i.ytimg.com/vi/tMS2Le5iews/hqdefault.jpg,Not Applicable
QGULhisgcOc,NEVER MISS A POST HOOK AFTER DOING THIS! WHY POST HOOKS NEED TO BE NERFED IN NBA 2K21!,10/30/2020,2:30:01,5:31,331,16037,333,38,2.08,0.24,,Gaming,Regular Video,False,https://i.ytimg.com/vi/QGULhisgcOc/hqdefault.jpg,Not Applicable
3r7nYs1aDlw,🔴#1 POSTSCORER IN THE WORLD IN NBA2K21 COMP STAGE! NEW POSTSCORER BUILD! NBA2K21 LIVE STREAM!🔴,10/29/2020,12:43:55,1:25:34,5134,6129,242,10,3.95,0.16,,Gaming,Stream,True,https://i.ytimg.com/vi/3r7nYs1aDlw/hqdefault.jpg,Not Applicable
NgWZH3KC85A,NO OTHER POSTSCORER CAN DO THIS IN NBA 2K21! THE BEST POST SCORER TO LOCK UP GUARDS IN 2K HISTORY!,10/29/2020,2:30:00,6:30,390,4197,144,54,3.43,1.29,,Gaming,Regular Video,False,https://i.ytimg.com/vi/NgWZH3KC85A/hqdefault.jpg,Not Applicable
q2p-g0kUQL4,ISO VS POSTHOOKS IN NBA 2K21! WHICH ONE TAKES MORE SKILL IN NBA 2K21!,10/28/2020,3:30:05,5:54,354,4198,121,66,2.88,1.57,,Gaming,Regular Video,False,https://i.ytimg.com/vi/q2p-g0kUQL4/hqdefault.jpg,Not Applicable
6i84csI4rsI,🔴WE BACK ON NBA 2K20! NBA 2K20 LIVESTREAM BEST POSTSCORER LEGEND!🔴 ADDER isnagvc_forfun🔴,10/28/2020,1:50:43,2:23:28,8608,12368,421,11,3.4,0.09,,Gaming,Stream,True,https://i.ytimg.com/vi/6i84csI4rsI/hqdefault.jpg,Not Applicable
uJQGceBYXbk,POSTHOOKS CAN BE STOPPED BY GUARDS NOW IN NBA 2K21! THIS BUILD CAN GUARD POST HOOKS BEING 6’4!,10/27/2020,2:30:04,5:37,337,6315,189,45,2.99,0.71,,Gaming,Regular Video,False,https://i.ytimg.com/vi/uJQGceBYXbk/hqdefault.jpg,Not Applicable
ZsKu0TA5meI,🔴#1 POSTSCORER IN THE WORLD IN NBA2K21 COMP STAGE! NEW POSTSCORER BUILD! NBA2K21 LIVE STREAM!🔴,10/27/2020,2:10:34,2:23:10,8590,9111,403,11,4.42,0.12,,Gaming,Stream,True,https://i.ytimg.com/vi/ZsKu0TA5meI/hqdefault.jpg,Not Applicable
OO5jyw1KOWY,POSTSCORING SERIES VS YUNKY🔴B05 SERIES🔴IN STAGE + BEST BUILD🔴,10/26/2020,12:11:55,54:55:00,3295,5903,222,36,3.76,0.61,,Sports,Stream,True,https://i.ytimg.com/vi/OO5jyw1KOWY/hqdefault.jpg,Not Applicable
PI3Yx23slEc,WHY YOU NEVER LET YOUR GUARD DOWN PLAYING A POSTSCORER IN NBA 2K21! FIRST TIME GETTIN OUTPLAYED!,10/26/2020,3:51:01,2:46,166,4201,116,73,2.76,1.74,,Gaming,Regular Video,False,https://i.ytimg.com/vi/PI3Yx23slEc/hqdefault.jpg,Not Applicable
f3wYASBnUsk,🟢WINNING BOOT CAMP LIVE NBA 2k21 LIVE STREAM! 75 OVERALL  OFFENSIVE THREAT NBA 2k EVENT🟢TOP 5 L,10/25/2020,13:32:09,1:50:17,6617,9442,265,7,2.81,0.07,['AMP'],Gaming,Stream,True,https://i.ytimg.com/vi/f3wYASBnUsk/hqdefault.jpg,Not Applicable
Q7Rv6u8R7Zw,THIS BUILD TAKES NO SKILL AT ALL IN NBA 2K21! POSTSCORERS TAKES MORW SKILL THAN THIS BUILD!,10/25/2020,2:57:01,8:01,481,8394,213,40,2.54,0.48,,Gaming,Regular Video,False,https://i.ytimg.com/vi/Q7Rv6u8R7Zw/hqdefault.jpg,Not Applicable
35_jKgFcFqw,🔴#1 POSTSCORER IN THE WORLD IN NBA2K21 COMP STAGE! NEW POSTSCORER BUILD! NBA2K21 LIVE STREAM!🔴,10/24/2020,15:54:43,1:05:32,3932,5903,214,17,3.63,0.29,,Gaming,Stream,True,https://i.ytimg.com/vi/35_jKgFcFqw/hqdefault.jpg,Not Applicable
dru6kj8JIdA,WHY GUARD HAVE A ADVANTAGE AGAINST POSTSCORERS IN NBA 2K21 1s COURT! GUARDS RUN THE 1v1 COURT!,10/24/2020,3:58:00,4:08,248,4201,126,38,3.0,0.9,,Gaming,Regular Video,False,https://i.ytimg.com/vi/dru6kj8JIdA/hqdefault.jpg,Not Applicable
KS10fJdo17U,🔴WE BACK ON NBA 2K20! NBA 2K20 LIVESTREAM BEST POSTSCORER LEGEND!🔴,10/23/2020,12:27:40,1:01:17,3677,7867,283,18,3.6,0.23,,Gaming,Stream,True,https://i.ytimg.com/vi/KS10fJdo17U/hqdefault.jpg,Not Applicable
JVNPyOrq-_s,I CAME BACK TO NBA 2K20 AS A POSTSCORER! WHY NBA 2K20 POSTSCORER IS BETTER THAN NBA 2K21!,10/23/2020,3:56:01,8:02,482,6042,171,52,2.83,0.86,,Gaming,Regular Video,False,https://i.ytimg.com/vi/JVNPyOrq-_s/hqdefault.jpg,Not Applicable
VKFCw4gm7x8,🔴#1 POSTSCORER IN THE WORLD IN NBA2K21 COMP STAGE! NEW POSTSCORER BUILD! NBA2K21 LIVE STREAM!🔴,10/22/2020,14:10:41,1:29:30,5370,10731,414,19,3.86,0.18,,Gaming,Stream,True,https://i.ytimg.com/vi/VKFCw4gm7x8/hqdefault.jpg,Not Applicable
I-zKqMMwyxc,HES THE FIRST POSTSCORER TO DO THIS IN NBA 2K21! NOBODY EVER DID THIS!,10/22/2020,3:40:00,5:56,356,7357,203,39,2.76,0.53,,Gaming,Regular Video,False,https://i.ytimg.com/vi/I-zKqMMwyxc/hqdefault.jpg,Not Applicable
83lCbLa5RNI,🔴#1 POSTSCORER IN THE WORLD IN NBA2K21 COMP STAGE! NEW POSTSCORER BUILD! NBA 2K21 LIVE STREAM!🔴,10/21/2020,12:04:37,59:08:00,3548,11534,344,13,2.98,0.11,,Gaming,Stream,True,https://i.ytimg.com/vi/83lCbLa5RNI/hqdefault.jpg,Not Applicable
f_LCpp8rTt4,THE ONLY GOOD POSTSCORER I PLAYED IN NBA 2K21! COMP STAGE GAMELAY 1v1 GAMPLAY IN NBA 2K21!,10/21/2020,2:30:03,8:01,481,4319,127,52,2.94,1.2,['AMP'],Gaming,Regular Video,False,https://i.ytimg.com/vi/f_LCpp8rTt4/hqdefault.jpg,Not Applicable
wU9SiuKZVb8,🔴#1 POSTSCORER IN THE WORLD IN NBA2K21 COMP STAGE! NEW POSTSCORER BUILD! NBA 2K21 LIVE STREAM!🔴,10/20/2020,12:46:03,1:21:03,4863,8565,229,10,2.67,0.12,,Gaming,Stream,True,https://i.ytimg.com/vi/wU9SiuKZVb8/hqdefault.jpg,Not Applicable
cMV3MaomicE,THE WORST POSTSCORER BUILD IN NBA 2K21! WHY YOU CANT WIN WITH THIS POSTSCORER BUILD!,10/20/2020,3:58:00,5:13,313,7756,163,20,2.1,0.26,,Gaming,Regular Video,False,https://i.ytimg.com/vi/cMV3MaomicE/hqdefault.jpg,Not Applicable
V33UDTnN_GQ,🔴#1 POSTSCORER IN THE WORLD IN NBA2K21 COMP STAGE! NEW POSTSCORER BUILD! NBA 2K21 LIVE STREAM!🔴,10/19/2020,11:51:34,1:52:40,6760,7863,223,15,2.84,0.19,,Gaming,Stream,True,https://i.ytimg.com/vi/V33UDTnN_GQ/hqdefault.jpg,Not Applicable
WSEm8jhsPqg,2K HAS TO PATCH THIS POSTSCORER BUILD IN NBA 2K21! THIS MIDGET POSTSCORER BUILD IS A OP IN NBA 2K21!,10/19/2020,3:30:02,8:02,482,9040,205,78,2.27,0.86,,Gaming,Regular Video,False,https://i.ytimg.com/vi/WSEm8jhsPqg/hqdefault.jpg,Not Applicable
uWQEyvRiSMo,IS THIS SKILL OR MODDED CONTROLLER!? PEOPLE USING ZEN DURING THE BASKETBALL GODZ EVENT!,10/19/2020,1:00:04,3:53,233,5033,110,79,2.19,1.57,,Gaming,Regular Video,False,https://i.ytimg.com/vi/uWQEyvRiSMo/hqdefault.jpg,Not Applicable
jqQK4Mg6gPE,HOW TO WIN BASKETBALL GODZ WITH A POSTSCORER IN NBA 2K21! BEST LINEUP YO WIN BBG IN NBA 2K21!,10/18/2020,3:30:01,5:35,335,4255,90,30,2.12,0.71,,Gaming,Regular Video,False,https://i.ytimg.com/vi/jqQK4Mg6gPE/hqdefault.jpg,Not Applicable
CB9x3fX3OyU,🟡WINNING BASKETBALL GODZ LIVE IN NBA 2K21🟡 WINNING THE NEW EVENT NBA2K21 LIVE STREAM🟡,10/18/2020,3:09:46,2:12:21,7941,10356,331,19,3.2,0.18,,Gaming,Stream,True,https://i.ytimg.com/vi/CB9x3fX3OyU/hqdefault.jpg,Not Applicable
TKPYU60diVk,WHY ITS A SKILL GAP PLAYING POSTSCORER IN NBA 2K21! FAKE COMP POSTSCORER GETS EXSPOSED UN NBA 2K21!,10/17/2020,3:40:00,4:20,260,4204,121,39,2.88,0.93,,Gaming,Regular Video,False,https://i.ytimg.com/vi/TKPYU60diVk/hqdefault.jpg,Not Applicable
7BLyAh0zLuA,🔴#1 POSTSCORER IN THE WORLD IN NBA2K21 COMP STAGE! NEW POSTSCORER BUILD! NBA 2K21 LIVE STREAM!🔴,10/16/2020,13:59:24,1:57:37,7057,8725,351,12,4.02,0.14,,Gaming,Stream,True,https://i.ytimg.com/vi/7BLyAh0zLuA/hqdefault.jpg,Not Applicable
YMaFxHWWm3A,POSTSCORER EXSPOSED FOR USING MODDED CONTROLLER! BEST POSTSCORER DROPPS OFF CHEATEE IN NBA 2K21!,10/16/2020,3:35:01,6:11,371,9420,216,54,2.29,0.57,,Gaming,Regular Video,False,https://i.ytimg.com/vi/YMaFxHWWm3A/hqdefault.jpg,Not Applicable
4mZin2GiWbE,THE ONLY BUILD THAT CAN STOP POSTSCORERS IN NBA 2K21! 99 INTERIOR DEFENSE HAS THE BEST DEFENSE!,10/15/2020,3:15:01,5:35,335,5530,119,36,2.15,0.65,,Gaming,Regular Video,False,https://i.ytimg.com/vi/4mZin2GiWbE/hqdefault.jpg,Brazil
7jifcEYdBmo,🔴#1 POSTSCORER IN THE WORLD IN NBA2K21 COMP STAGE! NEW POSTSCORER BUILD! NBA 2K21 LIVE STREAM!🔴,10/15/2020,1:55:03,2:14:56,8096,14389,528,14,3.67,0.1,,Gaming,Stream,True,https://i.ytimg.com/vi/7jifcEYdBmo/hqdefault.jpg,Not Applicable
QfiVYiM1-9E,DROPPED TOXIC POSTSCORER OFF A 55 GAME WIN STREAK! BEST POSTSCORER  DROPS A HUGE WIN STREAK OFF!,10/14/2020,3:35:00,6:33,393,6169,138,32,2.24,0.52,,Gaming,Regular Video,False,https://i.ytimg.com/vi/QfiVYiM1-9E/hqdefault.jpg,Not Applicable
mIUm_3__bPI,*BEST* LOCK BUILD  WHEN RUNNING POST-LOCK LINE UP ON NBA 2K21! BEST LOCK BUILD FOR COMP SATGE!,10/13/2020,3:50:00,3:33,213,5482,111,23,2.02,0.42,,Gaming,Regular Video,False,https://i.ytimg.com/vi/mIUm_3__bPI/hqdefault.jpg,Not Applicable
K73I7MJN-tg,TOXIC OLD HEAD SENEROUS EXSPOSED BY THE BEST POSTSCORER! DROPPS OF OLD HEAD IN NBA 2K21!,10/13/2020,3:30:00,6:00,360,7711,142,31,1.84,0.4,,Gaming,Regular Video,False,https://i.ytimg.com/vi/K73I7MJN-tg/hqdefault.jpg,Not Applicable
axkorssO_P8,*NEW* FREE TATTOO GLITCH IN NBA 2K21 AFTER PATCH 1.03! UNLIMITED TATTO GLITCH!,10/12/2020,3:35:00,3:17,197,7082,169,28,2.39,0.4,,Gaming,Regular Video,False,https://i.ytimg.com/vi/axkorssO_P8/hqdefault.jpg,Not Applicable
kqlhEJ1FKBk,I BEAT THE MOST TOXIC POSTSCORER BUILD IN NBA 2K21! COMP STAGE GAMEPLAY 1v1 IN NBA 2K21!,10/12/2020,3:00:05,5:46,346,4198,123,27,2.93,0.64,,Gaming,Regular Video,False,https://i.ytimg.com/vi/kqlhEJ1FKBk/hqdefault.jpg,Not Applicable
zGv96InK-DI,IShowSpeed vs Posthoooking B05! BEST POSTSCORER SERIES OF ALL TIME IN NBA 2K21!,10/11/2020,4:00:05,16:06,966,6080,202,34,3.32,0.56,,Gaming,Regular Video,False,https://i.ytimg.com/vi/zGv96InK-DI/hqdefault.jpg,Not Applicable
is4t78pnQM0,I GOT TERMINATED ON YOUTUBE💔! HELP RIGHT NOW!!!!!,10/11/2020,3:13:11,1:11,71,125269,2246,233,1.79,0.19,,Misc,Regular Video,False,https://i.ytimg.com/vi/is4t78pnQM0/hqdefault.jpg,Not Applicable
7IzBV2MUanU,FIRST TIME FEELING HOW IT FEELS TO GET POST HOOK TOXIC LINE UP EVER IN NBA 2K21! *TOXIC GAMEPLAY*,10/10/2020,3:58:00,8:01,481,12146,261,29,2.15,0.24,,Gaming,Regular Video,False,https://i.ytimg.com/vi/7IzBV2MUanU/hqdefault.jpg,Not Applicable
2jWHoOGszVo,🔴CLAN TRYOUTS🔴WEAR BLACK⚫ #1POSTCORER🔴,10/9/2020,13:15:34,1:22:51,4971,9165,264,23,2.88,0.25,,Variety Stream,Stream,True,https://i.ytimg.com/vi/2jWHoOGszVo/hqdefault.jpg,Not Applicable
nL47o6Su6iU,THE MOST TOXIC LINE UP ON 3s COURT IN NBA 2K21 NO SKILL! 3 CENTERS ON THE 3s COURT IN NBA 2K21!,10/9/2020,2:50:01,8:02,482,4967,145,31,2.92,0.62,,Gaming,Regular Video,False,https://i.ytimg.com/vi/nL47o6Su6iU/hqdefault.jpg,Not Applicable
cc3eFyVzh7Y,2k STILL HAVEN’T PATCH THESE BUILDS IN NBA 2K21! TAKES NO SKILL TO USE THIS BUILD IN MBA 2K21!,10/8/2020,2:55:00,5:50,350,4467,108,37,2.42,0.83,,Gaming,Regular Video,False,https://i.ytimg.com/vi/cc3eFyVzh7Y/hqdefault.jpg,Not Applicable
guh768wShcw,🔴CLAN TRYOUTS🔴ADDER SECUREBADGE🔴WEAR BLACK ⚫,10/8/2020,1:41:05,2:18:38,8318,10316,353,14,3.42,0.14,,Variety Stream,Stream,True,https://i.ytimg.com/vi/guh768wShcw/hqdefault.jpg,Not Applicable
Mb8539NKieg,🔴POSTSCORING SERIES RIGHT NOW BO5🔴 COMP STAGE IN NBA 2K21 LIVE STREAM🔴,10/7/2020,13:00:37,1:15:42,4542,9056,274,33,3.03,0.36,,Gaming,Stream,True,https://i.ytimg.com/vi/Mb8539NKieg/hqdefault.jpg,Not Applicable
28ncq613DMg,*NEW* BEST 6’9 POSTSCORER BULD WITH A 99 POST HOOK IN NBA 2K21! BEST POSTSCORER BUILD AFTER PATCH 4!,10/7/2020,3:00:01,4:24,264,7836,160,40,2.04,0.51,,Gaming,Regular Video,False,https://i.ytimg.com/vi/28ncq613DMg/hqdefault.jpg,Not Applicable
ANZ8GTzm2bo,STOPPING TOXIC POST HOOKS IN A COMP SERIES NBA2K21🔒! COMP STAGE POSTSCORER GAMEPLAY IN NBA 2K21!,10/7/2020,2:00:03,6:04,364,4199,116,58,2.76,1.38,,Gaming,Regular Video,False,https://i.ytimg.com/vi/ANZ8GTzm2bo/hqdefault.jpg,Not Applicable
kMcp4Al9bVY,HOW TO BEAT TOXIC LINE UPS IN STAGE NBA 2K21! COMP STAGE GAMEPLAY IN NBA 2K21!,10/6/2020,3:30:05,9:57,597,4199,108,40,2.57,0.95,,Gaming,Regular Video,False,https://i.ytimg.com/vi/kMcp4Al9bVY/hqdefault.jpg,Not Applicable
znEuvQpfN5c,🔴ISHOWSPEED VS POSTSCORING🔴B05 SERIES🟥,10/6/2020,2:38:02,2:43:56,9836,11919,397,15,3.33,0.13,,Sports,Stream,True,https://i.ytimg.com/vi/znEuvQpfN5c/hqdefault.jpg,Not Applicable
AmIkz-gcJqI,THIS SECRET POSTSCORER BUILD IS TOO OP IN NBA 2K21! THIS BUILD IS GOUNG TO TAKE OVER IN NBA 2K21!,10/5/2020,1:34:00,5:21,321,4463,116,30,2.6,0.67,,Gaming,Regular Video,False,https://i.ytimg.com/vi/AmIkz-gcJqI/hqdefault.jpg,Not Applicable
9H4ga6Z1qwk,🟡WINNING GOLD RUSH LIVE🟡NBA 2K21 LIVE STREAM🟡,10/5/2020,1:16:44,3:03:16,10996,9739,328,17,3.37,0.17,,Gaming,Stream,True,https://i.ytimg.com/vi/9H4ga6Z1qwk/hqdefault.jpg,Not Applicable
qNunJwiEy0w,🟡WINNING GOLD RUSH LIVE🟡NBA 2K21 LIVE STREAM🟡,10/4/2020,14:02:18,1:41:44,6104,9722,256,9,2.63,0.09,,Gaming,Stream,True,https://i.ytimg.com/vi/qNunJwiEy0w/hqdefault.jpg,Not Applicable
HG4bpFO2UPg,NEVER GIVE UP IN COMP STAGE 1v1 GAMEPLAY IN NBA 2K21! BEST COMEBACK IN POSTSCORER HISTORY EVER!,10/4/2020,3:29:00,8:04,484,4337,119,37,2.74,0.85,,Gaming,Regular Video,False,https://i.ytimg.com/vi/HG4bpFO2UPg/hqdefault.jpg,Not Applicable
2ltKrtp5Tmo,COMP POSTSCORER GETS COCKY AND IT BACKFIRES! BEST POSTSCORER IN NBA 2K21!,10/3/2020,6:17:49,5:41,341,6222,113,18,1.82,0.29,,Gaming,Regular Video,False,https://i.ytimg.com/vi/2ltKrtp5Tmo/hqdefault.jpg,Not Applicable
Ip_y_W_Rsqs,🔴#1 POSTSCORER IN THE WORLD IN NBA2K21 COMP STAGE! NEW POSTSCORER BUILD! NBA 2K21 LIVE STREAM! 🔴,10/3/2020,6:03:33,2:15:48,8148,8945,255,9,2.85,0.1,,Gaming,Stream,True,https://i.ytimg.com/vi/Ip_y_W_Rsqs/hqdefault.jpg,Not Applicable
zhWNYbmmrXk,2k NEED TO FIX INTERIOR DEFENSE IN NBA 2K21! POSTSCORERS ARE ABUSING THIS CHEESE IN NBA 2K21!,10/2/2020,16:00:17,5:56,356,4206,112,59,2.66,1.4,,Gaming,Regular Video,False,https://i.ytimg.com/vi/zhWNYbmmrXk/hqdefault.jpg,Brazil
XkGB1A9fT3g,ZULIEE EXSPOSED FOR USING MODDED CONTROLLER! BEST POSTSCORER GOES AGAINST HACKER ZULLIE IN NBA 2K21!,10/2/2020,2:35:01,8:01,481,8141,193,61,2.37,0.75,,Gaming,Regular Video,False,https://i.ytimg.com/vi/XkGB1A9fT3g/hqdefault.jpg,Not Applicable
miz02TIw0Sw,🔴#1 POSTSCORER IN THE WORLD IN NBA2K21 COMP STAGE! NEW POSTSCORER BUILD! NBA 2K21 LIVE STREAM!🔴,10/2/2020,1:14:01,2:11:02,7862,7044,254,15,3.61,0.21,,Gaming,Stream,True,https://i.ytimg.com/vi/miz02TIw0Sw/hqdefault.jpg,Not Applicable
fGusFovxeAU,AVERAGE POSTSCORER VS COMP POSTSCORER IN COMP STAGE 1v1! THE BEST POSTSCORER IN NBA 2K21!,10/1/2020,4:00:06,5:41,341,4205,123,38,2.93,0.9,,Gaming,Regular Video,False,https://i.ytimg.com/vi/fGusFovxeAU/hqdefault.jpg,Not Applicable
l30mBoR8cIg,🔴#1 POSTSCORER IN THE WORLD IN NBA2K21 COMP STAGE! NEW POSTSCORER BUILD! NBA 2K21 LIVE STREAM!🔴,9/30/2020,16:09:11,1:35:45,5745,10718,421,10,3.93,0.09,,Gaming,Stream,True,https://i.ytimg.com/vi/l30mBoR8cIg/hqdefault.jpg,Not Applicable
xvpI5emM6bg,MO BUCKETS EXSPOSED! BEST POSTSCORER DROPPS OFF THE BEST OLD HEAD IN NBA 2K21!,9/30/2020,3:51:05,5:24,324,10998,299,47,2.72,0.43,,Gaming,Regular Video,False,https://i.ytimg.com/vi/xvpI5emM6bg/hqdefault.jpg,Not Applicable
boQtDcqY0_c,THE TENDENCY GLITCH IN NBA 2K21! BEST POSTSCORER GOES AGAINT A CHEATER IN NBA 2K21!,9/29/2020,2:07:44,4:01,241,18829,296,72,1.57,0.38,,Gaming,Regular Video,False,https://i.ytimg.com/vi/boQtDcqY0_c/hqdefault.jpg,Not Applicable
t4QW81S73yM,🔴#1 POSTSCORER IN THE WORLD IN NBA2K21 COMP STAGE! NEW POSTSCORER BUILD! NBA 2K21 LIVE STREAM!🔴,9/29/2020,1:50:36,2:26:46,8806,11969,448,9,3.74,0.08,,Gaming,Stream,True,https://i.ytimg.com/vi/t4QW81S73yM/hqdefault.jpg,Not Applicable
dj6kb6rBFwg,🔴#1 POSTSCORER IN THE WORLD IN NBA2K21 COMP STAGE! NEW POSTSCORER BUILD! NBA 2K21 LIVE STREAM!🔴,9/28/2020,14:44:17,1:51:53,6713,11692,390,12,3.34,0.1,,Gaming,Stream,True,https://i.ytimg.com/vi/dj6kb6rBFwg/hqdefault.jpg,Not Applicable
aJB6IwBAcQ8,BEST POSTSCORER VS BEST SLASHER! WHICH ONE TAKES MORE SKILL IN NBA 2K21!,9/28/2020,3:06:47,5:59,359,4199,136,49,3.24,1.17,,Gaming,Regular Video,False,https://i.ytimg.com/vi/aJB6IwBAcQ8/hqdefault.jpg,Not Applicable
MYI40fiBqjs,🔴#1 POSTSCORER IN THE WORLD IN NBA2K21 COMP STAGE! NEW POSTSCORER BUILD! NBA 2K21 LIVE STREAM!🔴,9/27/2020,12:06:44,1:54:54,6894,7098,262,22,3.69,0.31,,Gaming,Stream,True,https://i.ytimg.com/vi/MYI40fiBqjs/hqdefault.jpg,Not Applicable
Ujp9vPB_MR4,*NEW* BEST POSTSCORER BUILD FOR THE COMP STAGE 1s COURT! UNSTOPPABLE 99 POST HOOKING CENTER NBA2K21!,9/27/2020,1:41:25,3:30,210,30510,767,75,2.51,0.25,,Gaming,Regular Video,False,https://i.ytimg.com/vi/Ujp9vPB_MR4/hqdefault.jpg,Not Applicable
JuvTFXfOAWo,HOP STEPS ARE STILL IN THE GAME🧀! HOP STEPS ARE MORE TOXIC THAN POST HOOKS!,9/27/2020,1:09:03,3:54,234,4213,97,44,2.3,1.04,,Gaming,Regular Video,False,https://i.ytimg.com/vi/JuvTFXfOAWo/hqdefault.jpg,Not Applicable
CAcKtZXZ9J4,FIRST POSTSCORER TO ISO 👁 ON THE 2s COURT IN COMPSTAGE! BEST POSTSCORER IN NBA 2K21!,9/25/2020,23:34:32,5:33,333,8166,184,22,2.25,0.27,,Gaming,Regular Video,False,https://i.ytimg.com/vi/CAcKtZXZ9J4/hqdefault.jpg,Not Applicable
IHtEFPz4y50,THIS BUILD IS BECOMING TO TOXIC! 2K NEEDS TO PATCH THIS BUILD IN NBA 2K21 ASAP!,9/25/2020,0:18:58,4:52,292,6716,155,72,2.31,1.07,,Gaming,Regular Video,False,https://i.ytimg.com/vi/IHtEFPz4y50/hqdefault.jpg,Not Applicable
uWjD7GNK9Is,THE BEST OLD HEAD POSTSCORER IN NBA 2K21! ANYBODY CAN WIN A POSTSCORER MATCH IN NBA 2K21!,9/23/2020,23:55:54,5:19,319,5473,156,32,2.85,0.58,,Gaming,Regular Video,False,https://i.ytimg.com/vi/uWjD7GNK9Is/hqdefault.jpg,Not Applicable
IW-UdlYl4RA,SLASHERS ARE TOO OP THIS YEAR! 2K SECRETLY PATCHED POST HOOKS IN NBA 2K21!,9/23/2020,2:00:10,5:13,313,4202,132,52,3.14,1.24,,Gaming,Regular Video,False,https://i.ytimg.com/vi/IW-UdlYl4RA/hqdefault.jpg,Not Applicable
4pJdD8zRhfE,🔴#1 POST SCORER IN THE WORLD IN NBA2K21  COMP STAGE! NEW POST SCORER BUILD! NBA 2K21 lIVE STREAM🔴,9/22/2020,13:00:59,1:25:33,5133,17784,430,32,2.42,0.18,,Gaming,Stream,True,https://i.ytimg.com/vi/4pJdD8zRhfE/hqdefault.jpg,Not Applicable
2szHEyw_2cA,THIS POSTSCORER BUILD IS UNSTOPPABLE ON THE 1s COURT! 99 POST HOOK IS UNGUARDABLE IN NBA2K21!,9/22/2020,2:15:23,12:05,725,11162,234,77,2.1,0.69,,Gaming,Regular Video,False,https://i.ytimg.com/vi/2szHEyw_2cA/hqdefault.jpg,Not Applicable
_KhckdbO-wM,🔴#1 POST SCORER IN THE WORLD IN NBA2K21  COMP STAGE! NEW POST SCORER BUILD! NBA 2K21 lIVE STREAM🔴,9/21/2020,13:30:03,1:32:53,5573,9861,358,25,3.63,0.25,,Gaming,Stream,True,https://i.ytimg.com/vi/_KhckdbO-wM/hqdefault.jpg,Not Applicable
I91zwjEtIBY,COMP STAGE GAMEPLAY ON 1v1 COURT! BEST POSTSCORER IN NBA 2K21!,9/21/2020,2:30:23,6:46,406,5717,117,42,2.05,0.73,,Gaming,Regular Video,False,https://i.ytimg.com/vi/I91zwjEtIBY/hqdefault.jpg,Not Applicable
j7Y8xhsKjX8,🔵WINNING RUSH 1v1 LIVE🔵BEST POSTSCORER WINNING THE EVENT IN NBA 2K21🔵,9/20/2020,12:57:10,1:33:07,5587,13367,402,22,3.01,0.16,,Gaming,Stream,True,https://i.ytimg.com/vi/j7Y8xhsKjX8/hqdefault.jpg,Not Applicable
HRFmTJtiMto,POST HOOKS ARE USELESS! NEW META FOR POSTSCORERS IN NBA 2K21!,9/20/2020,2:35:26,1:45,105,4794,110,21,2.29,0.44,,Gaming,Regular Video,False,https://i.ytimg.com/vi/HRFmTJtiMto/hqdefault.jpg,Not Applicable
uxaBAXqafdE,THE REASON WHY I DONT PLAY GUARD! GUARD IS TO EASY AND ANYBODY CAN PLAYB IT IN NBA2K21!,9/20/2020,2:00:30,4:01,241,4271,102,28,2.39,0.66,,Gaming,Regular Video,False,https://i.ytimg.com/vi/uxaBAXqafdE/hqdefault.jpg,Not Applicable
wknn6JaZU2M,TROLLING ZOOM CLASSES PUT CODE I. CHAT😭,9/19/2020,6:24:25,1:01:58,3718,7009,215,22,3.07,0.31,,IRL / Vlog,Stream,True,https://i.ytimg.com/vi/wknn6JaZU2M/hqdefault.jpg,Not Applicable
Gp6lruDJQZc,THE BEST POST HOOK TO USE IN COMP STAGE 1v1! COMP POSTSCORER MATCH IN NBA 2K21! POST HOOK 2 VS 3!,9/18/2020,21:05:02,8:40,520,4198,98,32,2.33,0.76,,Gaming,Regular Video,False,https://i.ytimg.com/vi/Gp6lruDJQZc/hqdefault.jpg,Not Applicable
AKuMfKyYFLo,TROLLING ZOOM CLASSES,9/18/2020,7:18:40,1:43:27,6207,9506,393,29,4.13,0.31,,IRL / Vlog,Stream,True,https://i.ytimg.com/vi/AKuMfKyYFLo/hqdefault.jpg,Not Applicable
FwnRVCqXbjo,THE BEST DROPSTEP POSTSCORER VS THE BEST POST HOOKING POSTSCORER! COMPSTAGE 1v1 GAMEPLAY IN NBA2K21!,9/18/2020,1:00:31,8:02,482,12294,282,80,2.29,0.65,,Gaming,Regular Video,False,https://i.ytimg.com/vi/FwnRVCqXbjo/hqdefault.jpg,Not Applicable
KzMhRHGSpP8,🔴PATCH 2 IS OUT?🔴 POSTSCORERS ARE NERFED🔴 NBA 2k21 LIVE STREAM NEW UPDATE🔴,9/17/2020,13:09:21,59:15:00,3555,6433,246,13,3.82,0.2,,Gaming,Stream,True,https://i.ytimg.com/vi/KzMhRHGSpP8/hqdefault.jpg,Not Applicable
T4N7cCfvGTY,IS THIS SKILL OR JUST BAD DEFENSE? BEST POSTSCORER GETS BLOW BY THE  WHOLE GAME IN NBA 2K21!,9/17/2020,1:40:22,2:39,159,5460,130,43,2.38,0.79,,Gaming,Regular Video,False,https://i.ytimg.com/vi/T4N7cCfvGTY/hqdefault.jpg,Not Applicable
vkTUlZN9MtE,🔴PATCH 2 IS OUT?🔴 POSTSCORERS ARE NERFED🔴 NBA 2k21 LIVE STREAM NEW UPDATE🔴,9/16/2020,13:00:32,47:37:00,2857,5900,244,28,4.14,0.47,,Gaming,Stream,True,https://i.ytimg.com/vi/vkTUlZN9MtE/hqdefault.jpg,Not Applicable
7wZwBSPmvck,TOP COMP POSTSCORERS IN COMPSTAGE GO HEAD TO HEAD! COMPSTAGE 1v1 GAME PLAY ON NBA2K21!,9/16/2020,2:00:37,8:05,485,4536,106,41,2.34,0.9,,Gaming,Regular Video,False,https://i.ytimg.com/vi/7wZwBSPmvck/hqdefault.jpg,Not Applicable
X7XxvsVTK9g,🔴PATCH 2 IS OUT?🔴 POSTSCORERS ARE NERFED🔴 NBA 2k21 LIVE STREAM NEW UPDATE🔴,9/15/2020,13:48:38,1:40:31,6031,9154,379,15,4.14,0.16,,Gaming,Stream,True,https://i.ytimg.com/vi/X7XxvsVTK9g/hqdefault.jpg,Not Applicable
WW90jwm_Wqw,NO MORE SHOT STICK AIMING POST HOOKS IN THE NEW PATCH 1.02 ! HOW TO POST HOOK MORE EASY IN  NBA2K1!,9/15/2020,2:15:08,2:13,133,7962,164,23,2.06,0.29,,Gaming,Regular Video,False,https://i.ytimg.com/vi/WW90jwm_Wqw/hqdefault.jpg,Not Applicable
BQTWWHQgcgM,🔴#1 POST SCORER IN THE WORLD IN NBA2K21  COMP STAGE! NEW POST SCORER BUILD! NBA 2K21 lIVE STREAM🔴,9/14/2020,13:36:16,1:41:08,6068,26866,970,19,3.61,0.07,,Gaming,Stream,True,https://i.ytimg.com/vi/BQTWWHQgcgM/hqdefault.jpg,Not Applicable
ExL1KOo7Qzw,HOW TO GUARD POST HOOK CHEESE/POSTSCORER TUTORIAL W/ CONTROLLER CAM 🔒! NBA 2K21,9/14/2020,3:30:16,4:26,266,17443,326,64,1.87,0.37,,Gaming,Regular Video,False,https://i.ytimg.com/vi/ExL1KOo7Qzw/hqdefault.jpg,Not Applicable
BUysl7ZJj-I,THIS GUARD FOUND A WAY TO BEAT POSTSCORERS/CENTERS ON THE 1s COURT! GUARD ARE TAKING OVER IN NBAK21!,9/14/2020,2:35:35,8:02,482,4196,137,74,3.27,1.76,,Gaming,Regular Video,False,https://i.ytimg.com/vi/BUysl7ZJj-I/hqdefault.jpg,Not Applicable
VKUSrotXwi0,🟢WINNING BOOT CAMP LIVE NBA 2k21 LIVE STREAM! 75 OVERALL  OFFENSIVE THREAT NBA 2k EVENT🟢,9/13/2020,13:21:16,1:38:13,5893,6371,212,11,3.33,0.17,['AMP'],Gaming,Stream,True,https://i.ytimg.com/vi/VKUSrotXwi0/hqdefault.jpg,Not Applicable
N5nOyyT-xQ4,HOW TO QUICK STOP ON A POSTSCORER/CENTERS IN NBA 2K21! BEST SPEED BOOST ANIMATION ON A POST SCORER !,9/13/2020,3:10:06,1:16,76,5765,128,20,2.22,0.35,,Gaming,Regular Video,False,https://i.ytimg.com/vi/N5nOyyT-xQ4/hqdefault.jpg,Not Applicable
3DXHSRZYhdg,WHY POSTSCORERS IS THE MOST TOXIC BUILD IN NBA 2K21! TRASH TALKERS GET EXPOSED BY A POSTSCORER!,9/13/2020,2:40:30,5:54,354,4197,105,49,2.5,1.17,,Gaming,Regular Video,False,https://i.ytimg.com/vi/3DXHSRZYhdg/hqdefault.jpg,Not Applicable
Pl4Gy9BIssY,trolling zoom classes😂😂,9/12/2020,6:46:39,1:19:52,4792,16335,419,27,2.57,0.17,,IRL / Vlog,Stream,True,https://i.ytimg.com/vi/Pl4Gy9BIssY/hqdefault.jpg,Not Applicable
N-V64d6iAIg,BEST OLDHEAD SLASHER VS THE BEST POSTSCORER! COMP STAGE 1v1 GAMEPLAY IN NBA 2K21,9/11/2020,20:26:55,6:15,375,5717,98,19,1.71,0.33,,Gaming,Regular Video,False,https://i.ytimg.com/vi/N-V64d6iAIg/hqdefault.jpg,Not Applicable
IJ48gp0avwU,#1 POSTSCORER 🔴STREAKING UP IN NBA 2K21🎮IN THE COMP STAGE + BEST BUILD 🔴,9/11/2020,14:04:12,1:39:29,5969,7815,252,19,3.22,0.24,,Gaming,Stream,True,https://i.ytimg.com/vi/IJ48gp0avwU/hqdefault.jpg,Not Applicable
chaRRfjfxWA,PATCH POST HOOKS IN NBA 2K21! POST HOOK ARE BROKEN IN NBA 2K21!,9/11/2020,3:01:02,4:18,258,6038,112,40,1.85,0.66,,Gaming,Regular Video,False,https://i.ytimg.com/vi/chaRRfjfxWA/hqdefault.jpg,Not Applicable
pDfX4tvS9d8,#1 POSTSCORER⚫STREAKING UP ON THE 2S IN NBA 2K21🔴+BEST BUILD IN COMP STAGE⚫🎮,9/10/2020,13:55:44,1:33:28,5608,11528,282,19,2.45,0.16,,Gaming,Stream,True,https://i.ytimg.com/vi/pDfX4tvS9d8/hqdefault.jpg,Not Applicable
2QJQjMWPbKg,GUARD TAKES NO SKILL IN NBA 2K21 COMP STAGE *FADE*  ! BEST POSTSCORER PLAYS 99 PLAYSHOT IN NBA2K21!,9/10/2020,3:05:28,8:01,481,6274,133,47,2.12,0.75,,Gaming,Regular Video,False,https://i.ytimg.com/vi/2QJQjMWPbKg/hqdefault.jpg,Not Applicable
_CzJrxaQvNc,🎮 #1 POSTSCORER GOING FOR 100 GAME WIN STREAK🔴ADD XLOCKILNN TO JOIN⚫,9/9/2020,13:02:37,1:07:28,4048,7317,191,22,2.61,0.3,,Gaming,Stream,True,https://i.ytimg.com/vi/_CzJrxaQvNc/hqdefault.jpg,Not Applicable
K6w2dMfvl_M,OP BADGE DROPSTEP TAKES NO SKILL! BEST POSTSCORER IN NBA 2K21 GETS PRESSED? COMP STAGE 1v1 GAMEPLAY!,9/9/2020,2:35:16,9:17,557,12548,206,36,1.64,0.29,,Gaming,Regular Video,False,https://i.ytimg.com/vi/K6w2dMfvl_M/hqdefault.jpg,Not Applicable
TOWLq0JDrAg,COMP STAGE GAMEPLAY ON 1v1 COURT IN NBA 2K21! BEST POSTSCORER IN NBS 2K21!,9/8/2020,1:15:00,8:44,524,4985,108,20,2.17,0.4,,Gaming,Regular Video,False,https://i.ytimg.com/vi/TOWLq0JDrAg/hqdefault.jpg,Not Applicable
vtnXsIrZ6CY,HOW TO BECOME A COMP POSTSCORER IN NBA 2K21! BEST POST HOOK! *HANDCAM* + BEST POSTSCORER ANIMATIONS!,9/8/2020,0:10:12,8:03,483,55222,1272,70,2.3,0.13,,Gaming,Regular Video,False,https://i.ytimg.com/vi/vtnXsIrZ6CY/hqdefault.jpg,Not Applicable
2YipwJ7TCKc,#1 POST SCORER⚫ ADD XLOCKILNN TO JOIN 🔴GOING FOR 100 GAME WIN STREAK🔴,9/7/2020,22:12:41,2:50:10,10210,6812,177,18,2.6,0.26,,Gaming,Stream,True,https://i.ytimg.com/vi/2YipwJ7TCKc/hqdefault.jpg,Not Applicable
SVgzFcd4dSA,*BEST* SHOOTING BADGE METHOD FOR POSTSCORERS/CENTERS  IN NBA 2K21! MAX SHOOTING BADGES IN 1 GMAE!,9/7/2020,3:16:27,2:02,122,4197,122,34,2.91,0.81,,Gaming,Regular Video,False,https://i.ytimg.com/vi/SVgzFcd4dSA/hqdefault.jpg,Not Applicable
MFamz4F3hNY,COMP STAGE GAMEPLAY ON 1v1 COURT! BEST POSTSCORER ON NBA 2K21!,9/7/2020,3:14:49,8:02,482,9224,154,34,1.67,0.37,,Gaming,Regular Video,False,https://i.ytimg.com/vi/MFamz4F3hNY/hqdefault.jpg,Not Applicable
an2k4cRqtG8,🔴#1 POST SCORER IN THE WORLD IN NBA2K21  COMP STAGE! NEW POST SCORER BUILD! NBA 2K21 lIVE STREAM🔴,9/7/2020,2:22:56,2:27:49,8869,34213,738,48,2.16,0.14,,Gaming,Stream,True,https://i.ytimg.com/vi/an2k4cRqtG8/hqdefault.jpg,Not Applicable
woth2ncyX58,POSTHOOKS ARE NOT PATCHED IN NBA2k21! TUTORIAL ON HOW TO MAKE EVREY POSTHOOKS IN NBA 2k21!,9/6/2020,19:20:46,4:34,274,4211,95,31,2.26,0.74,,Gaming,Regular Video,False,https://i.ytimg.com/vi/woth2ncyX58/hqdefault.jpg,Not Applicable
RObWPCQIuQM,*BEST* JUMPSHOT FOR POSTSCORERS IN NBA 2K21! NEVER MISS POST FADES/JUMPSHOT EVER!,9/6/2020,5:09:10,1:29,89,10645,212,18,1.99,0.17,,Gaming,Regular Video,False,https://i.ytimg.com/vi/RObWPCQIuQM/hqdefault.jpg,Not Applicable
vGz2bfA-7Vo,🔴PLAYING NBA 2k21🔴 NEW NEIGHBORHOOD LIVE STREAM🔴BEST POSTSCORER IN STAGE🔴,9/5/2020,18:40:39,1:45:33,6333,7744,192,17,2.48,0.22,,Gaming,Stream,True,https://i.ytimg.com/vi/vGz2bfA-7Vo/hqdefault.jpg,Not Applicable
d3KSfj62ebg,THE TOXIC POST LOCK LINEUP IS BACK IN NBA2K21! POSTSCORER ARE OFFFICALY BACK IN NBA2K21! #WERETURN!,9/5/2020,6:34:59,8:03,483,4636,120,27,2.59,0.58,,Gaming,Regular Video,False,https://i.ytimg.com/vi/d3KSfj62ebg/hqdefault.jpg,Not Applicable
9Ayxm6qqDzg,*NEW* BEST FINISHING BADGE METHOD FOR POSTSCORERS/CENTERS IN NBA2k21! NEW BADGE METHOD GLITCH!,9/5/2020,3:09:07,1:45,105,23506,545,25,2.32,0.11,,Gaming,Regular Video,False,https://i.ytimg.com/vi/9Ayxm6qqDzg/hqdefault.jpg,Not Applicable
jcm1cS4i8ao,*NEW* AILIEN COMP FACE CREATION IN NBA 2K21! NEW BEST CHEESY FACE IN NBA2k21!,9/4/2020,7:24:53,1:58,118,24357,613,23,2.52,0.09,,Gaming,Regular Video,False,https://i.ytimg.com/vi/jcm1cS4i8ao/hqdefault.jpg,Not Applicable
7nMUuP3TtMI,POSTSCORERS IN NBA 2k21..........💔,9/4/2020,7:07:13,8:01,481,8020,186,41,2.32,0.51,,Gaming,Regular Video,False,https://i.ytimg.com/vi/7nMUuP3TtMI/hqdefault.jpg,Not Applicable
nPHtnpu8uYw,MY LAST POSTSCORER VIDEO...........,9/2/2020,2:35:41,6:52,412,23900,328,51,1.37,0.21,,Misc,Regular Video,False,https://i.ytimg.com/vi/nPHtnpu8uYw/hqdefault.jpg,Not Applicable
5ms3q42AH14,THE DIFFERENCE BETWEEN SKILL AND NO SKILL IN NBA 2k20! PROOF NOBODY WANTS TO SHOWS!,9/1/2020,2:35:03,8:01,481,4204,135,63,3.21,1.5,,Gaming,Regular Video,False,https://i.ytimg.com/vi/5ms3q42AH14/hqdefault.jpg,Not Applicable
jCqb9h39ygo,LEGEND GETS MAD BECAUSE HES PLAYING THE GAME IN AUGUST! BEST COMP GUARD MAKE LEGEND RAGE IN NBA2k20!,8/31/2020,2:50:14,4:45,285,68253,1880,143,2.75,0.21,,Gaming,Regular Video,False,https://i.ytimg.com/vi/jCqb9h39ygo/hqdefault.jpg,Not Applicable
wDGeC93ae-4,2k20 COMP STAGE GAMEPLAY! ANY THING CAN HAPPEN IN COMP STAGE *INTENSE*,8/30/2020,3:51:18,14:59,899,7286,142,23,1.95,0.32,,Gaming,Regular Video,False,https://i.ytimg.com/vi/wDGeC93ae-4/hqdefault.jpg,Not Applicable
ifg802gML0o,SAD TRUTH WHY POSTSCORERS ARE GETTING PATCHED IN NBA2K21! VIDEO *PROOF*  NEVER SEEN BEFORE FOOTAGE!,8/28/2020,2:18:01,8:02,482,34218,333,23,0.97,0.07,,Gaming,Regular Video,False,https://i.ytimg.com/vi/ifg802gML0o/hqdefault.jpg,Not Applicable
DRF6KmlwrzY,TOP 3 BEST POST SCORER BUILDS FOR NBA 2K21 ON THE 1s COURT! BEST BUILD FOR COMP STAGE 1s!,8/27/2020,2:01:48,3:08,188,4973,89,22,1.79,0.44,,Gaming,Regular Video,False,https://i.ytimg.com/vi/DRF6KmlwrzY/hqdefault.jpg,Not Applicable
MKEz2ejIzPk,HOW TO DO POST HOOKS IN NBA2K21! POST HOOKS ARE PATCHED!?,8/26/2020,2:02:37,3:44,224,7996,113,29,1.41,0.36,,Gaming,Regular Video,False,https://i.ytimg.com/vi/MKEz2ejIzPk/hqdefault.jpg,Not Applicable
cWLrFg6U62M,BEST STRETCH GLASS CLEANER BUILD IN NBA2K21! THE SHOOTING LOCKS ARE BACK!,8/25/2020,3:05:49,2:25,145,19730,279,40,1.41,0.2,,Gaming,Regular Video,False,https://i.ytimg.com/vi/cWLrFg6U62M/hqdefault.jpg,Not Applicable
Sh-84JtBCyo,POSTHOOKS ARE PATCHED IN NBA2k21 *PROOF* SHOWN! NO MORE TOXIC POSTSCORERS IN NBA 2k21!,8/25/2020,1:58:53,1:40,100,8642,155,0,1.79,0.0,,Gaming,Regular Video,False,https://i.ytimg.com/vi/Sh-84JtBCyo/hqdefault.jpg,Not Applicable
8bl7BlZzyK0,BEST POSTSCORER BUILD IN NBA2K21! POST HOOKS AR BACK IN NBA2K21!,8/24/2020,23:58:36,3:46,226,6240,126,26,2.02,0.42,,Gaming,Regular Video,False,https://i.ytimg.com/vi/8bl7BlZzyK0/hqdefault.jpg,Not Applicable
wpdGAkCRtjQ,2K20 COMP STAGE GAMEPLAY! NEVER TRUST RANDOMS IN COMP STAGE IN NBA2K20!,8/24/2020,0:35:21,8:07,487,4200,139,61,3.31,1.45,,Gaming,Regular Video,False,https://i.ytimg.com/vi/wpdGAkCRtjQ/hqdefault.jpg,Not Applicable
uY8Y1QUIGr8,🔴BEAT ME YOU GET CASHAPP $$$🔴 #1 POST SCORER IN THE WORLD🔴NBA 2k20 LIVE STREAM🔴,8/22/2020,13:07:33,1:35:28,5728,5960,213,33,3.57,0.55,,Gaming,Stream,True,https://i.ytimg.com/vi/uY8Y1QUIGr8/hqdefault.jpg,Not Applicable
bpqH8aO2JrM,2K20 COMP STAGE GAMEPLAY! WHY LEGEND LOCK TAKES NO SKILL!COMP STAGE TAKES NO SKILL!,8/22/2020,3:33:48,8:19,499,4199,101,35,2.41,0.83,,Gaming,Regular Video,False,https://i.ytimg.com/vi/bpqH8aO2JrM/hqdefault.jpg,Not Applicable
3DxXxBwUDeA,BEST PAINT BEAST TO PLAY POSTSCORER! STREAMER WAGERED ME AND GOT INTENSE! COMPSTAGE GAMEPLAYNBA2k20!,8/21/2020,4:45:11,8:56,536,14917,192,21,1.29,0.14,,Gaming,Regular Video,False,https://i.ytimg.com/vi/3DxXxBwUDeA/hqdefault.jpg,Not Applicable
LYsYr8q_wZM,MOM COMES IN ON A 500$ WAGER! BEST POSTSCORER ON LEGEND GUARD! BEST POSTSCORER GUARD!,8/20/2020,4:51:36,8:01,481,30206,580,55,1.92,0.18,,Misc,Regular Video,False,https://i.ytimg.com/vi/LYsYr8q_wZM/hqdefault.jpg,Not Applicable
r-0KVMgG6jY,FUNNY RAGE COMPILATION😡 NBA 2k20 IS TERRIBLE!,8/19/2020,2:59:35,2:05,125,17846,400,46,2.24,0.26,,Gaming,Regular Video,False,https://i.ytimg.com/vi/r-0KVMgG6jY/hqdefault.jpg,Not Applicable
n-8J2FJu3Do,MY WORST GAMING SETUP TOUR👾+ ROOM TOUR🛌,8/18/2020,2:26:57,2:11,131,202632,5347,396,2.64,0.2,,Gaming,Regular Video,False,https://i.ytimg.com/vi/n-8J2FJu3Do/hqdefault.jpg,Not Applicable
XkiaFcp5eD0,2k20 COMP STAGE GAMEPLAY! NEVER GIVE UP IN COMP STAGE 10k NBA2k20!,8/17/2020,4:59:34,9:10,550,9265,206,55,2.22,0.59,,Gaming,Regular Video,False,https://i.ytimg.com/vi/XkiaFcp5eD0/hqdefault.jpg,Not Applicable
UjuJH4I2ZjA,WINNING COMP STAGE WITH THE WORST LOCK EVER! NBA2K20 COMP STAGE GAMEPLAY!,8/16/2020,3:35:55,8:05,485,4201,128,51,3.05,1.21,,Gaming,Regular Video,False,https://i.ytimg.com/vi/UjuJH4I2ZjA/hqdefault.jpg,Not Applicable
Q1U0gQOoQNw,GUARD TAKES NO SKILL! BEST POSTSCORER SCORER WINS 200 FOW A WAGER IN NBA 2k20!,8/15/2020,3:14:05,8:02,482,6040,139,47,2.3,0.78,,Gaming,Regular Video,False,https://i.ytimg.com/vi/Q1U0gQOoQNw/hqdefault.jpg,Not Applicable
v-bSNLULbsU,INTERIOR FINISHER VS INTERIOR FORCE! WHICH ONE IS THE BETTER BUILD IN NBA2k20!,8/14/2020,3:52:32,8:01,481,6828,161,24,2.36,0.35,,Gaming,Regular Video,False,https://i.ytimg.com/vi/v-bSNLULbsU/hqdefault.jpg,Brazil
JPLwt38uyM4,COMP STAGE HATES POSTSCORER! POSTSCORER GETS SOLD BY NBA 2k20!,8/13/2020,2:24:33,9:58,598,4279,107,25,2.5,0.58,,Gaming,Regular Video,False,https://i.ytimg.com/vi/JPLwt38uyM4/hqdefault.jpg,Not Applicable
TIYO6KCGDys,BEST POSTSCORER PLAYS THE MOST TOXIC LINEUP IN COMP STAGE IN NBA 2k20! *FUNNY RAGE REACTION*,8/12/2020,3:42:56,8:01,481,28521,286,35,1.0,0.12,,Gaming,Regular Video,False,https://i.ytimg.com/vi/TIYO6KCGDys/hqdefault.jpg,Not Applicable
zsWOgx81S_E,NO POINT OF POSTSCORERS ANYMORE! GLASS LOCKS CAN PLAY JUST LIKE POSTSCORERS!,8/10/2020,3:33:36,8:02,482,4286,126,37,2.94,0.86,,Gaming,Regular Video,False,https://i.ytimg.com/vi/zsWOgx81S_E/hqdefault.jpg,Not Applicable
EI7J8CYiRZk,ISHOWSPEED VS EXOTICBRYCE $200 WAGER BO5! BEST POSTSCORERS GO HEAD TO HEAD IN NBA 2K20!,8/9/2020,20:42:09,35:12:00,2112,4685,107,27,2.28,0.58,,Gaming,Regular Video,False,https://i.ytimg.com/vi/EI7J8CYiRZk/hqdefault.jpg,Not Applicable
1YaekISlwAs,RANDOM SOLD THE BEST POSTSCORER IN NBA 2k20! WHY RANDOMS ALWAYS WANNA PLAY WITH POSTSCORERS!,8/8/2020,3:58:40,8:02,482,5517,138,25,2.5,0.45,,Gaming,Regular Video,False,https://i.ytimg.com/vi/1YaekISlwAs/hqdefault.jpg,Not Applicable
-cvU7Of-1xE,I GOT SCAMMED FOR 500$ BECAUSE IM THE BEST POSTSCORER! NEVER RUN A POSTSCORER FOR A WAGER!,8/7/2020,3:47:18,12:37,757,47951,482,92,1.01,0.19,,Misc,Regular Video,False,https://i.ytimg.com/vi/-cvU7Of-1xE/hqdefault.jpg,Not Applicable
m10KQ5pbFrI,99 TENDENCY VS THE BEST POSTSCORER IN NBA 2k20 COMP STAGE! TAKES NO SKILL WHEN YOU HAVE TENDENCIES!,8/6/2020,2:43:56,8:03,483,4323,102,61,2.36,1.41,,Gaming,Regular Video,False,https://i.ytimg.com/vi/m10KQ5pbFrI/hqdefault.jpg,Not Applicable
dfU09_NmjVA,BEST BIG BUILD FOR BOOT CAMP IN AUGUST! 100k MY POINTS PER GAME! HOW TO WIN BOOT CAMP IN NBA2k20!,8/5/2020,6:19:01,2:22,142,4511,93,27,2.06,0.6,['AMP'],Gaming,Regular Video,False,https://i.ytimg.com/vi/dfU09_NmjVA/hqdefault.jpg,Not Applicable
FciEeB5ZGAk,LEGEND POSTSCORER ExoticBryce PULLED UP ON THE BEST POSTSCORER! COMP 1v1 GAMEPLAY IN NBA2k20!,8/5/2020,2:39:45,8:01,481,4553,102,48,2.24,1.05,,Gaming,Regular Video,False,https://i.ytimg.com/vi/FciEeB5ZGAk/hqdefault.jpg,Not Applicable
c1gKTlpmI68,LOST 300$ BECAUSE I USED THE WORST  JUMPSHOT STEPHEN CURRY! STEPH CURRY IS THE WORST-NON COU JUMPER!,8/4/2020,3:58:45,10:02,602,46054,415,54,0.9,0.12,,Misc,Regular Video,False,https://i.ytimg.com/vi/c1gKTlpmI68/hqdefault.jpg,Not Applicable
1comJ9tUyYc,LEGEND POSTSCORER CHALLENGED THE BEST POSTSCORER TO 250 POT! COMP POSTSCORER GAMEPLAY IN NBA 2K20!,8/3/2020,4:05:39,10:01,601,41102,427,58,1.04,0.14,,Gaming,Regular Video,False,https://i.ytimg.com/vi/1comJ9tUyYc/hqdefault.jpg,Not Applicable
Ana2SwcGnlQ,BEST POSTSCORER LOSES ALL HIS VC TO A OLD HEAD IN NBA2K20! NEVER UNDER ESTIMATE A OPD HEAD IN 2K20!,8/2/2020,3:00:49,10:01,601,5948,109,24,1.83,0.4,,Gaming,Regular Video,False,https://i.ytimg.com/vi/Ana2SwcGnlQ/hqdefault.jpg,Not Applicable
Kjx4FtEe0Sw,POSTSCORERS ARE CANCELD FOR THE REST OF THE YEAR IN STAGE! BEST POSTSCORER LOOSES TO RANDOMS !,7/31/2020,3:37:22,11:36,696,4848,90,19,1.86,0.39,,Misc,Regular Video,False,https://i.ytimg.com/vi/Kjx4FtEe0Sw/hqdefault.jpg,Not Applicable
Kv_2yK7v0A4,*NEW* BEST CUSTOM JUMPSHOT IN NBA2K20 IN JULY/AUGUST (PATCH 14)! HIGHEST GREEN WINDOW *CONFIRMED* 2k,7/30/2020,2:34:33,1:19,79,5610,112,21,2.0,0.37,,Gaming,Regular Video,False,https://i.ytimg.com/vi/Kv_2yK7v0A4/hqdefault.jpg,Not Applicable
XcgSBI2SVfA,OLD HEAD FROM THE BRONX GETS MAD BECAUSE IM A POSTSCORER IN NBA 2K20!,7/29/2020,3:51:47,10:11,611,16655,314,43,1.89,0.26,,Gaming,Regular Video,False,https://i.ytimg.com/vi/XcgSBI2SVfA/hqdefault.jpg,Not Applicable
fbUvinpR0y4,“WHEN THEY SAY POSTSCORERS CANT PLAY GUARD”! BEST POSTSCORER DOMINATED ON GUARD IN NBA2k20!,7/28/2020,2:55:36,10:02,602,6013,107,28,1.78,0.47,,Gaming,Regular Video,False,https://i.ytimg.com/vi/fbUvinpR0y4/hqdefault.jpg,Not Applicable
c66C6pY6qpo,DROPPED TOXIC POSTSCORER OFF A 58 GAME WIN STREAK! BEST POSTSCORER DROPPS A HUGE WIN STREAK OFF!,7/27/2020,2:16:27,10:01,601,7759,181,0,2.33,0.0,,Gaming,Regular Video,False,https://i.ytimg.com/vi/c66C6pY6qpo/hqdefault.jpg,Not Applicable
CgevhFPJZ3k,WHY YOU CANT  WIN RUSH 1v1 ON A GUARD! YOU CANT WIN RUSH 1v1 WITH A GUARD IN NBA2k20!,7/26/2020,1:09:21,4:24,264,73361,794,68,1.08,0.09,,Gaming,Regular Video,False,https://i.ytimg.com/vi/CgevhFPJZ3k/hqdefault.jpg,Not Applicable
HpT5nZ-xfyQ,HOW TO GO ON HIGH WIN STREAKS ON A POSTSCORER (BEGINNER ) IN NBA2K20! EASY POSTSCORER TUTORIAL!,7/25/2020,0:38:47,1:53,113,4920,77,32,1.57,0.65,,Gaming,Regular Video,False,https://i.ytimg.com/vi/HpT5nZ-xfyQ/hqdefault.jpg,Not Applicable
F8ha48ExIUM,HALLOWEEN CLOTHES ARE BACK IN JULY 2020 IN NBA2K20! HOW TO GET HALLOWEEN CLOTHES FOR FREE!,7/24/2020,18:02:44,1:18,78,6920,131,27,1.89,0.39,,Gaming,Regular Video,False,https://i.ytimg.com/vi/F8ha48ExIUM/hqdefault.jpg,Not Applicable
oXEHx7-sNU0,HOW TO WIN ON THE 10k COURT IN COMP STAGE WITH A POSTSCORER! COMP STAGE GAMEPLAY!,7/24/2020,2:23:30,10:02,602,4564,97,53,2.13,1.16,,Gaming,Regular Video,False,https://i.ytimg.com/vi/oXEHx7-sNU0/hqdefault.jpg,Not Applicable
lgyIEpjijSE,BEST POSTSCORER GETS SOLD ON THE 10k COURT IN COMP STAGE! FUNNY COMP STAGE GAMEPLAY IN NBA2K20!,7/23/2020,3:16:26,10:18,618,135256,1854,119,1.37,0.09,,Gaming,Regular Video,False,https://i.ytimg.com/vi/lgyIEpjijSE/hqdefault.jpg,Not Applicable
PSmEAElJU5w,POSTSCORERS ARE PATCHED IN THE NEW UPDATE! NEVER BRING A POSTSCORER TO 10k COURT IN NBA2k20!,7/22/2020,3:24:44,10:01,601,7458,121,24,1.62,0.32,,Gaming,Regular Video,False,https://i.ytimg.com/vi/PSmEAElJU5w/hqdefault.jpg,Not Applicable
yo_D6QzSzdw,FIRST POSTSCORER TO RUN THE 10k COURT IN COMP STAGE! COMP STAGE NBA2K20!,7/21/2020,3:12:32,10:02,602,30017,363,54,1.21,0.18,,Gaming,Regular Video,False,https://i.ytimg.com/vi/yo_D6QzSzdw/hqdefault.jpg,Not Applicable
f2gbNPnbm4I,*NEW* TOXIC POSTSCORER BUILD WITH 99 POST HOOK FOR THE COMP STAGE! WIN EVREY COMP STAGE AFTER THIS!,7/20/2020,3:10:40,2:42,162,6451,96,27,1.49,0.42,,IRL / Vlog,Regular Video,False,https://i.ytimg.com/vi/f2gbNPnbm4I/hqdefault.jpg,Not Applicable
NrDXT_cs1t4,WHEN YOU LOOSE 5K TO A POSTSCORER IN STAGE!  FUNNY RAGE IN NBA2K20 *FUNNY REACTION*,7/19/2020,4:21:43,11:08,668,163763,1747,95,1.07,0.06,,Gaming,Regular Video,False,https://i.ytimg.com/vi/NrDXT_cs1t4/hqdefault.jpg,Not Applicable
WNu-kgMJgjk,WHY I DONT PLAY GUARD! BEST POSTSCORER TRYS OUT GUARD FOR A SERIES IN NBA2K20!,7/18/2020,3:38:16,13:23,803,5853,102,46,1.74,0.79,,Gaming,Regular Video,False,https://i.ytimg.com/vi/WNu-kgMJgjk/hqdefault.jpg,Not Applicable
f5ol3JvbDNo,*NEW* POSTSCORER SHARP BUILD THAT CAN GREEN DEEP FADES! BEST NEW COMP POSTSCORER BUILD IN NBA2K20!,7/17/2020,2:31:45,3:39,219,4928,104,30,2.11,0.61,,Gaming,Regular Video,False,https://i.ytimg.com/vi/f5ol3JvbDNo/hqdefault.jpg,Not Applicable
er4YDkvMCy0,🔵Fortnite Keyboard and Mouse PS4 Join Up! Scrims Add Psn Yt-IShowSpeed🔵,7/17/2020,2:26:20,2:07:02,7622,90883,2468,190,2.72,0.21,,Gaming,Stream,True,https://i.ytimg.com/vi/er4YDkvMCy0/hqdefault.jpg,Not Applicable
ii4cf3o-pA8,Stunna4Vegas GETS DROPPED OFF BY THE BEST POSTSCORER IN NBA2K20! *FUNNY REACTION* COMPSTAGE IN NBA2K,7/16/2020,2:45:43,7:15,435,13968,215,45,1.54,0.32,,Gaming,Regular Video,False,https://i.ytimg.com/vi/ii4cf3o-pA8/hqdefault.jpg,Not Applicable
5Aq8NwlOU-Y,WHY YOUR POSTSCORER KEEPS GETTING RIPPED! HOW TO STOP GETTING RIPPED FROM GUARDS IN NBA2K20!,7/15/2020,3:20:53,1:51,111,10113,150,33,1.48,0.33,,Gaming,Regular Video,False,https://i.ytimg.com/vi/5Aq8NwlOU-Y/hqdefault.jpg,Not Applicable
SxvhpP3RclI,PURE BLUE POSTSCORER VS BLUE AND GREEN POSTSCORER! WHICH ONE IS BETTER IN NBA2K20?,7/15/2020,3:15:12,10:01,601,5896,103,32,1.75,0.54,,Gaming,Regular Video,False,https://i.ytimg.com/vi/SxvhpP3RclI/hqdefault.jpg,Not Applicable
HF6eLnFXznE,*NEW* PLAYMAKING POSTSCORER THAT CAN SPEEDBOOST IN NBA2K20! BEST COMP POSTSCORER BUILD IN NBA2K20!,7/14/2020,2:46:24,3:36,216,4594,102,45,2.22,0.98,,Gaming,Regular Video,False,https://i.ytimg.com/vi/HF6eLnFXznE/hqdefault.jpg,Not Applicable
AH3tdczteqk,HOW I BECAME THE BEST POSTSCORER IN THE GAME! FIRST TIME LEARNING HOW TO POST HOOK IN NBA2K20!,7/13/2020,18:31:34,8:29,509,4554,114,53,2.5,1.16,,Gaming,Regular Video,False,https://i.ytimg.com/vi/AH3tdczteqk/hqdefault.jpg,Not Applicable
DBRoK9hX1-8,WIN EVREY COMP STAGE GAME AFTER THIS! BEST BUILD FOR THE COMP STAGE IN NBA2K20!,7/13/2020,3:03:31,10:03,603,4768,116,41,2.43,0.86,,Gaming,Regular Video,False,https://i.ytimg.com/vi/DBRoK9hX1-8/hqdefault.jpg,Not Applicable
YhxrILjnt5I,"""POSTSCORER DOES NOT TAKE SKILL""  RANDOM POSTSCORER DROPPS THE BEST POSTSCORER OFF!COMPSTAGE NBA2K20",7/12/2020,1:25:51,7:54,474,4474,111,41,2.48,0.92,,Gaming,Regular Video,False,https://i.ytimg.com/vi/YhxrILjnt5I/hqdefault.jpg,Not Applicable
8m3-xnU0Hv4,🔴#1 POST SCORER IN THE WORLD IN COMP STAGE! NEW POST SCORER BUILD! NBA 2K20 lIVE STREAM🔴,7/11/2020,16:56:47,1:17:51,4671,5920,216,42,3.65,0.71,,Gaming,Stream,True,https://i.ytimg.com/vi/8m3-xnU0Hv4/hqdefault.jpg,Not Applicable
mhK8dlJOwR4,* NEW* GLITCH FOR CENTERS! HOW TO RESIST POST MOVE LOCK DOWN AND MOVING TRUCK IN NBA2K20!,7/11/2020,5:30:20,1:12,72,5157,113,25,2.19,0.48,,Gaming,Regular Video,False,https://i.ytimg.com/vi/mhK8dlJOwR4/hqdefault.jpg,Not Applicable
oQ84qPuhDdQ,WHY GLASS LOCKS ARE BETTER THAN POSTSCORERS IN NBA2K20 COMP STAGE 1V1! COMP STAGE 1V1!,7/10/2020,2:16:08,10:02,602,4619,91,47,1.97,1.02,,Gaming,Regular Video,False,https://i.ytimg.com/vi/oQ84qPuhDdQ/hqdefault.jpg,Not Applicable
Qs847neF87k,THE FIRST POSTSCORER TO COME TO COMP STAGE IN NBA 2K20! *MUST WATCH* COMPSTAGE GAMEPLAY IN NBA2K20!,7/9/2020,3:50:55,10:02,602,4849,96,48,1.98,0.99,,Gaming,Regular Video,False,https://i.ytimg.com/vi/Qs847neF87k/hqdefault.jpg,Not Applicable
WN894ohbgcc,LIL EAZZYY - ONNA COME UP • NBA 2K20 POSTSCORER MIXTAPE #1,7/8/2020,6:29:15,1:58,118,7002,115,26,1.64,0.37,,Gaming,Regular Video,False,https://i.ytimg.com/vi/WN894ohbgcc/hqdefault.jpg,Not Applicable
Jr7tMvxLEKk,*NEW* 2 WAY POSTSCORER BUILD IN NBA2K20! NEW BEST COMP STAGE BUILD FOE THE 1S COURT!,7/8/2020,5:21:34,3:28,208,4504,107,26,2.38,0.58,,Gaming,Regular Video,False,https://i.ytimg.com/vi/Jr7tMvxLEKk/hqdefault.jpg,Not Applicable
xpJqFced50Q,LEGEND STARTS CRYING BECAUSE IM THE BEST POSTSCORER! *FUNNY REACTION* COMP STAGE 1V1 NBA2K20!,7/8/2020,5:11:19,10:03,603,4431,133,64,3.0,1.44,,Gaming,Regular Video,False,https://i.ytimg.com/vi/xpJqFced50Q/hqdefault.jpg,Not Applicable
jYY0pgGoNa8,🔴#1 POST SCORER IN THE WORLD IN COMP STAGE! NEW POST SCORER BUILD! NBA 2K20 lIVE STREAM🔴,7/8/2020,4:31:46,4:01:40,14500,11846,362,20,3.06,0.17,,Gaming,Stream,True,https://i.ytimg.com/vi/jYY0pgGoNa8/hqdefault.jpg,Not Applicable
jQXFym4R9QE,POST HOOK 2 VS POST HOOK 3! WHICH ONE IS BETTER IN NBA2K20! *FUNNY REACTION*,7/6/2020,23:34:39,7:04,424,4452,104,59,2.34,1.33,,Gaming,Regular Video,False,https://i.ytimg.com/vi/jQXFym4R9QE/hqdefault.jpg,Not Applicable
TbnKOmcuFgM,🔴#1 POST SCORER IN THE WORLD IN COMP STAGE! NEW POST SCORER BUILD! NBA 2K20 lIVE STREAM🔴,7/6/2020,19:01:24,2:28:34,8914,5910,192,36,3.25,0.61,,Gaming,Stream,True,https://i.ytimg.com/vi/TbnKOmcuFgM/hqdefault.jpg,Not Applicable
3C2-nX9O8Jw,BEST POSTSCORER ANIMATIONS AFTER PATCH 13! BEST GREEN LIGHT JUMPER FOR POSTSCORERS IN NBA2K20!,7/6/2020,5:12:50,13:27,807,7478,106,32,1.42,0.43,,Gaming,Regular Video,False,https://i.ytimg.com/vi/3C2-nX9O8Jw/hqdefault.jpg,Not Applicable
q2WwQduVlQU,WHY YOU SHOULDNT COME TO COMP STAGE WITH A POSTSCORER! *SAD REACTION*  IN NBA2K20,7/5/2020,10:17:16,12:00,720,6207,117,37,1.88,0.6,,Gaming,Regular Video,False,https://i.ytimg.com/vi/q2WwQduVlQU/hqdefault.jpg,Not Applicable
3QWQe71xuTU,SHOOTEVREYONE GETS DROPPED OFF BY THE BEST POSTSCORER! EXSPOSED IN NBA2K20!,7/4/2020,2:00:07,8:50,530,90203,686,118,0.76,0.13,,Gaming,Regular Video,False,https://i.ytimg.com/vi/3QWQe71xuTU/hqdefault.jpg,Not Applicable
rUTRPh3-95s,Wager 2v2 against King jayy | show support,7/4/2020,1:38:14,8:15:28,29728,6576,241,15,3.66,0.23,,Variety Stream,Stream,True,https://i.ytimg.com/vi/rUTRPh3-95s/hqdefault.jpg,Not Applicable
ew9mB2KLFS8,*NEW* CRAB🦀 POST HOOK GLITCH! UNGAUARDABLE POST HOOK IN NBA2K20! *GLITCH*,7/4/2020,1:22:16,1:23,83,7353,100,33,1.36,0.45,,Gaming,Regular Video,False,https://i.ytimg.com/vi/ew9mB2KLFS8/hqdefault.jpg,Not Applicable
nf2H-5VVN4c,*NEW* BEST DEADPOOL TATTOO TUTORIAL IN 2K20! LOOK LIKE COMP POSTSCORER IN NBA2K20!,7/2/2020,23:46:28,8:36,516,26180,491,67,1.88,0.26,,Gaming,Regular Video,False,https://i.ytimg.com/vi/nf2H-5VVN4c/hqdefault.jpg,Not Applicable
Ll1J_8WfSNA,ON GOD IM THE BEST POSTSCORER THATS A FACT! BEST COMP POSTSCORER ANYBODY GOT A PROBLEM NBA2K20!,7/2/2020,21:43:12,7:06,426,5379,112,65,2.08,1.21,,Gaming,Regular Video,False,https://i.ytimg.com/vi/Ll1J_8WfSNA/hqdefault.jpg,Not Applicable
_sbmCIBHHms,“Giuseppe Vuitton EXSPOSED” SCARED TO PLAY THE BEST POSTSCORER NBA2K20,7/1/2020,23:32:17,6:42,402,55045,582,106,1.06,0.19,,Gaming,Regular Video,False,https://i.ytimg.com/vi/_sbmCIBHHms/hqdefault.jpg,Not Applicable
GvU7w5g7PfA,COMP STAGE ON 1V1 COURT! BEST POSTSCORER EVER  IN NBA2K20!,7/1/2020,20:43:00,6:38,398,5299,134,58,2.53,1.09,,Gaming,Regular Video,False,https://i.ytimg.com/vi/GvU7w5g7PfA/hqdefault.jpg,Not Applicable
uT0az7ZAWBM,HOW TO POST HOOK ON ANY SIDE LEFT OR RIGHT! NBA2K20 TUTORIAL WITH HANDCAM!,6/30/2020,19:10:18,1:47,107,12260,220,32,1.79,0.26,,Gaming,Regular Video,False,https://i.ytimg.com/vi/uT0az7ZAWBM/hqdefault.jpg,Not Applicable
cThWWcOgJMs,🔴#1 POSTSCORER IN THE WORLD PLAYING *NEW* THE 2x 1V1 EVENT🔴100 GAME STREAK🔴NBA2K20 LIVESTREAM🔴,6/30/2020,19:02:28,2:35:10,9310,11156,220,28,1.97,0.25,,Gaming,Stream,True,https://i.ytimg.com/vi/cThWWcOgJMs/hqdefault.jpg,Not Applicable
EgyIMsYpzNU,LEGEND POSTSCORER GETS HUMILIATED FOR BEING BAD! TOXIC COMP STAGE 1V1 GAMEPLAY IN NBA2K20!,6/29/2020,20:59:51,4:14,254,4902,113,56,2.31,1.14,,Gaming,Regular Video,False,https://i.ytimg.com/vi/EgyIMsYpzNU/hqdefault.jpg,Not Applicable
q8SifIxn1J8,🔵2K20 DEAD🔵FORTNITE LIVE STREAN🔵CREATIVE SCRIMS🔵,6/29/2020,6:43:04,1:00:21,3621,18883,444,39,2.35,0.21,,Gaming,Stream,True,https://i.ytimg.com/vi/q8SifIxn1J8/hqdefault.jpg,Not Applicable
QLWsI3bNMB8,DONT CALL YOURSELF A POSTSCORER IF YOU DO THIS! NBA2K20 COMP STAGE 1V1 GAMEPLAY!,6/28/2020,19:47:55,10:02,602,4818,111,52,2.3,1.08,,Gaming,Regular Video,False,https://i.ytimg.com/vi/QLWsI3bNMB8/hqdefault.jpg,Not Applicable
_9uxl0RYnSQ,BEST POSTSCORER MATCH IN 2K HISTORY! *MUST SEE* COMP STAGE GAMEPLAY IN NBA2K20,6/28/2020,1:49:50,10:15,615,4844,91,34,1.88,0.7,,Gaming,Regular Video,False,https://i.ytimg.com/vi/_9uxl0RYnSQ/hqdefault.jpg,Not Applicable
8Vlf2pP_OY8,WHY IT TAKES SKILL TO BE A POSTSCORER NBA 2K20! IM THE  ONLY GOOD POSTSCORER IN NBA2K20! *PROOF*,6/26/2020,19:44:59,10:37,637,4852,130,41,2.68,0.85,,Gaming,Regular Video,False,https://i.ytimg.com/vi/8Vlf2pP_OY8/hqdefault.jpg,Not Applicable
aXr5IergvPQ,LEGEND GETS MAD BECAUSE IM A GOOD POSTCORER! *FUNNY REACTION * NBA2K20 COMP STAGE 1V1!,6/25/2020,17:54:13,6:58,418,4872,107,50,2.2,1.03,,Gaming,Regular Video,False,https://i.ytimg.com/vi/aXr5IergvPQ/hqdefault.jpg,Not Applicable
l9DnOUHk4vI,🔴BO7 WAGER AGAINST THE BEST POSTSCORER IN COMP STAGE  FOR 500$🔴NBA 2K20 LIVE STREAM🔴,6/25/2020,13:21:29,1:45:58,6358,5905,214,80,3.62,1.35,,Gaming,Stream,True,https://i.ytimg.com/vi/l9DnOUHk4vI/hqdefault.jpg,Not Applicable
Q4IpjrYn5p0,*NEW* GLITCHY POST ROLL 🧀FOR POSTSCORERS + CENTERS! NBA 2K20 TUTORIAL +HANDCAM🧀,6/25/2020,2:07:09,3:37,217,5263,111,44,2.11,0.84,,Gaming,Regular Video,False,https://i.ytimg.com/vi/Q4IpjrYn5p0/hqdefault.jpg,Not Applicable
AKRmlQc0QQk,HOW TO GUARD POST HOOK CHEESE AFTER PATCH 13 ! CONTROLLER CAM TUTORIAL🔒 + HOW TO BEAT COMP POSTSCO!,6/24/2020,18:58:44,7:23,443,5546,101,26,1.82,0.47,,Gaming,Regular Video,False,https://i.ytimg.com/vi/AKRmlQc0QQk/hqdefault.jpg,Not Applicable
iVvi95UOczM,🔵WINNING RUSH 1V1 LIVE STREAM NBA 2K20🔵,6/24/2020,5:44:10,1:09:07,4147,43627,1226,91,2.81,0.21,,Gaming,Stream,True,https://i.ytimg.com/vi/iVvi95UOczM/hqdefault.jpg,Not Applicable
8H9wQScZuSA,*NEW* BEST POSTCORER BUILD FOR THE COMP STAGE 1V1 COURT IN NBA2K20! BEST POSTCORER BUILD FOR NBA 2K2,6/24/2020,2:25:06,2:35,155,5623,114,49,2.03,0.87,,Gaming,Regular Video,False,https://i.ytimg.com/vi/8H9wQScZuSA/hqdefault.jpg,Not Applicable
uw7EG26A1yE,POST SCORER VS PAINT BEAST IN COMP STAGE IN NBA 2K20! WHICH ON IS THE BETTER BETTER BUILD IN NBA 2K2,6/22/2020,20:17:21,10:11,611,5471,103,35,1.88,0.64,,Gaming,Regular Video,False,https://i.ytimg.com/vi/uw7EG26A1yE/hqdefault.jpg,Not Applicable
NZm-hTy7n-c,🔴#1 POST SCORER IN THE WORLD IN COMP STAGE! NEW POST SCORER BUILD! NBA 2K20 lIVE STREAM🔴,6/22/2020,18:58:31,2:34:59,9299,5900,175,39,2.97,0.66,,Gaming,Stream,True,https://i.ytimg.com/vi/NZm-hTy7n-c/hqdefault.jpg,Not Applicable
1MIY1n9a-rQ,🔴#1 POST SCORER IN THE WORLD IN COMP STAGE! NEW POST SCORER BUILD! NBA 2K20 lIVE STREAM🔴,6/22/2020,8:05:00,1:54:31,6871,6671,161,34,2.41,0.51,,Gaming,Stream,True,https://i.ytimg.com/vi/1MIY1n9a-rQ/hqdefault.jpg,Not Applicable
MS2Ptf3WLfM,MOST INTENSE COMP POST SCORER MATCH IN NBA 2K20 STAGE! NBA 2K20 TOXIC COMP STAGE!,6/21/2020,22:47:53,10:03,603,5528,115,48,2.08,0.87,,Gaming,Regular Video,False,https://i.ytimg.com/vi/MS2Ptf3WLfM/hqdefault.jpg,Not Applicable
HhRoqGtgYq0,*NEW* POST SCORER BUILD FOR THE COMP STAGE 1V1 COURT IN NBA 2K20! NBA2K20 STAGE!,6/20/2020,22:53:19,3:49,229,7938,162,47,2.04,0.59,,Gaming,Regular Video,False,https://i.ytimg.com/vi/HhRoqGtgYq0/hqdefault.jpg,Not Applicable
3lb85KeRmfE,THE BEST POST HOOK TO USE IN COMP STAGE 1V1! NBA 2K20 BEST POST HOOKS!,6/19/2020,23:13:39,6:21,381,24392,363,65,1.49,0.27,,Gaming,Regular Video,False,https://i.ytimg.com/vi/3lb85KeRmfE/hqdefault.jpg,Not Applicable
rDqUhjDSI_E,🔴#1 POST SCORER IN THE WORLD IN COMP STAGE! NEW POST SCORER BUILD! NBA 2K20 lIVE STREAM🔴,6/19/2020,19:53:22,3:16:48,11808,6495,201,28,3.09,0.43,,Gaming,Stream,True,https://i.ytimg.com/vi/rDqUhjDSI_E/hqdefault.jpg,Not Applicable
5o5b5_FTC68,COMP STAGE ON 1V1 COURT! COMP POSTSCORER VS THE BEST POSTSCORER,6/19/2020,0:15:32,14:58,898,19316,278,56,1.44,0.29,,Gaming,Regular Video,False,https://i.ytimg.com/vi/5o5b5_FTC68/hqdefault.jpg,Not Applicable
78d1E02Qo_M,COMP STAGE ON 1V1 COURT! BEST COMEBACK IN POST SCORING HISTORY IN NBA 2K20!,6/17/2020,23:25:27,7:51,471,7109,151,65,2.12,0.91,,Gaming,Regular Video,False,https://i.ytimg.com/vi/78d1E02Qo_M/hqdefault.jpg,Not Applicable
eUvbEyY8GyY,🔴#1 POST SCORER IN THE WORLD IN COMP STAGE! NEW POST SCORER BUILD! NBA 2K20 lIVE STREAM🔴,6/17/2020,19:12:12,2:22:20,8540,6602,154,22,2.33,0.33,,Gaming,Stream,True,https://i.ytimg.com/vi/eUvbEyY8GyY/hqdefault.jpg,Not Applicable
9MXyXfbhIAY,*NEW* BEST SHOOTING BADGE METHOD FOR  POST SCORERS WITH A LOW SHOOTING! FAST METHOD FOR  NBA 2K20,6/16/2020,23:32:50,2:22,142,15004,269,38,1.79,0.25,,Gaming,Regular Video,False,https://i.ytimg.com/vi/9MXyXfbhIAY/hqdefault.jpg,Not Applicable
L5Eyaf0ctm0,COMP STAGE GAMEPLAY! NUMBER 1 POST SCORER IN THE WORLD!,6/16/2020,0:11:10,8:54,534,26837,440,71,1.64,0.26,,Gaming,Regular Video,False,https://i.ytimg.com/vi/L5Eyaf0ctm0/hqdefault.jpg,Not Applicable
SruHWRYitTY,“COMP STAGE GAMEPLAY” *WHY YOU NEVER GIVE UP IN STAGE #2 NBA 2K20,6/14/2020,22:44:22,9:48,588,17230,215,43,1.25,0.25,,Gaming,Regular Video,False,https://i.ytimg.com/vi/SruHWRYitTY/hqdefault.jpg,Not Applicable
tR6Ko1r9Mio,🛑 COMP STAGE WAGER ON 3s 🛑 BEST POST SCORER 🛑 FOR 1K,6/14/2020,19:22:46,2:24:03,8643,5955,161,44,2.7,0.74,,Variety Stream,Stream,True,https://i.ytimg.com/vi/tR6Ko1r9Mio/hqdefault.jpg,Not Applicable
B8VFhTrYuX8,"""HOW TO BECOME A COMP POST SCORER  IN STAGE 1V1"" *TUTOURIAL* *HANDCAM*  NBA 2K20",6/13/2020,21:19:58,5:13,313,19581,275,36,1.4,0.18,,Gaming,Regular Video,False,https://i.ytimg.com/vi/B8VFhTrYuX8/hqdefault.jpg,Not Applicable
6VKhsss2cQE,"""HOW TO DO THE NEW CLOSE SHOT FADE GLITCH IN 2K20 WITH ANY BUILD"" *TUTOURIAL HANDCAM* NBA 2K20",6/13/2020,20:25:53,3:06,186,11885,188,29,1.58,0.24,,Gaming,Regular Video,False,https://i.ytimg.com/vi/6VKhsss2cQE/hqdefault.jpg,Not Applicable
z0JgQLoQIUo,🔴#1 POST SCORERS IN THE WORLD ON 2K20🔴BEAT ME YOU GET *  GET 1 TRY🔴 COMP STAGE 1v1 🔴NBA 2K20 L🔴,6/13/2020,19:57:32,2:45:14,9914,9215,201,43,2.18,0.47,,Gaming,Stream,True,https://i.ytimg.com/vi/z0JgQLoQIUo/hqdefault.jpg,Not Applicable
iVZomsTnKMg,"""THE BEST 3 POST SCORER BUILDS FOR THE 1S COURT"" NBA 2K20 STAGE",6/13/2020,3:36:31,7:11,431,12262,228,27,1.86,0.22,,Gaming,Regular Video,False,https://i.ytimg.com/vi/iVZomsTnKMg/hqdefault.jpg,Not Applicable
_TGrKbqd-Dk,“COMP STAGE SERIES AGAINST THE BEST POSTSCORER PUT THERE” *COMP STAGE 1v1* NBA 2K20,6/13/2020,0:29:30,14:57,897,28877,387,91,1.34,0.32,,Gaming,Regular Video,False,https://i.ytimg.com/vi/_TGrKbqd-Dk/hqdefault.jpg,Not Applicable
y7DyhYSpYG0,🔴#1 POST SCORERS IN THE WORLD ON 2K20🔴BEAT ME YOU GET *  GET 1 TRY🔴 ADDER🔴NBA 2K20 LIVE STREAM🔴,6/12/2020,23:04:50,5:19:27,19167,7505,178,24,2.37,0.32,,Gaming,Stream,True,https://i.ytimg.com/vi/y7DyhYSpYG0/hqdefault.jpg,Not Applicable
_96Cs9Ci0Tk,🔴#1 POST SCORERS IN THE WORLD ON 2K20🔴BEAT ME YOU GET *🔴 ADDER EWOZXDEMON🔴NBA 2K20 LIVE STREAM🔴,6/12/2020,5:12:50,1:00:47,3647,6415,147,32,2.29,0.5,,Gaming,Stream,True,https://i.ytimg.com/vi/_96Cs9Ci0Tk/hqdefault.jpg,Not Applicable
ci_2OMiOHwU,“LEGEND POST SCORER GETS DROPPED OFF BY THE #1 POST SCORER” *TOXIC COMP STAGE* NBA 2K20,6/11/2020,18:35:49,5:46,346,29331,398,55,1.36,0.19,,Gaming,Regular Video,False,https://i.ytimg.com/vi/ci_2OMiOHwU/hqdefault.jpg,Not Applicable
9PeO3RQO3vY,*BEST* GUARD BUILD FOR BOOTCAMP! HOW TO GET MAX BADGES FOR BOOTCAMP! THE BEST BADGES AND UPGRADES!,6/11/2020,1:01:30,7:39,459,33636,697,43,2.07,0.13,['AMP'],Misc,Regular Video,False,https://i.ytimg.com/vi/9PeO3RQO3vY/hqdefault.jpg,Not Applicable
YsBfXVU6wJ8,“EXSPOSING TRASH TALKING POST SCORER ON THE 1s COURT IN COMP STAGE” *WATER PARK EXSPOSED* NBA 2k20,6/10/2020,0:00:52,6:18,378,58962,814,95,1.38,0.16,,Gaming,Regular Video,False,https://i.ytimg.com/vi/YsBfXVU6wJ8/hqdefault.jpg,Not Applicable
jWGRzoG0gwo,"""COMP STAGE GAMEPLAY ON TOXIC LINE UPS"" WHY IM THE BEST POST SCORERS ON NBA 2K20",6/9/2020,0:01:17,8:44,524,10434,201,103,1.93,0.99,,Gaming,Regular Video,False,https://i.ytimg.com/vi/jWGRzoG0gwo/hqdefault.jpg,Not Applicable
ybJLIlHBnIk,🟡WINNING GOLD RUSH LIVE🟡NBA 2K20 LIVE STREAM🟡COMP CENTER ronnie 2k ban presidentyogi,6/8/2020,5:12:04,1:21:12,4872,7359,146,39,1.98,0.53,,Gaming,Stream,True,https://i.ytimg.com/vi/ybJLIlHBnIk/hqdefault.jpg,Not Applicable
8BfjAtecaBU,COMP STAGE ON 1V1 COURT! BEST POST SCORER ON NBA 2K20,6/7/2020,20:55:51,6:11,371,14164,223,47,1.57,0.33,,Gaming,Regular Video,False,https://i.ytimg.com/vi/8BfjAtecaBU/hqdefault.jpg,Not Applicable
hrJ7wfqLDnI,“I GOT SCAMMED LIVE ON STREAM FOR 500$”  *FUNNY REACTION* NBA 2K20,6/7/2020,1:33:22,3:27,207,56240,711,89,1.26,0.16,,Gaming,Regular Video,False,https://i.ytimg.com/vi/hrJ7wfqLDnI/hqdefault.jpg,Not Applicable
FNirgWP93I8,🔵COMP STAGE 🔵25$ PSN GIVEAWAY IF YOU BEAT ME🔵NBA 2K20 LIVE STREAM🔵NEW EDITOR!!!,6/7/2020,0:08:26,3:53:32,14012,8217,180,22,2.19,0.27,,Gaming,Stream,True,https://i.ytimg.com/vi/FNirgWP93I8/hqdefault.jpg,Not Applicable
Sl3uNhpUabA,“WHY INTERIOR FORCES TAKE MORE SKILL THAN  INTERIOR FINISHERS” *FUNNY REACTION* NBA 2K20,6/5/2020,23:56:29,6:10,370,51593,645,77,1.25,0.15,,Gaming,Regular Video,False,https://i.ytimg.com/vi/Sl3uNhpUabA/hqdefault.jpg,Brazil
3uBs90N4NRw,“HOW I GOT SOLD IN BASKETBALL GODZ WITH 5 MINUTES LEFT ON LEADERBOARDS ” *FUNNY REACTION* NBA 2K20,6/5/2020,5:41:29,10:22,622,75087,1087,126,1.45,0.17,,Gaming,Regular Video,False,https://i.ytimg.com/vi/3uBs90N4NRw/hqdefault.jpg,Not Applicable
L4RvAYvUuRY,LIVE🟡WINNING BASKETBALL GODZ LIVE🟡NBA 2K20 LIVE STREAM🟡 COMP CENTER|NUMBER 5 ON LEADER BOARD,6/5/2020,3:07:59,3:07:49,11269,14926,303,23,2.03,0.15,,Gaming,Stream,True,https://i.ytimg.com/vi/L4RvAYvUuRY/hqdefault.jpg,Not Applicable
38pWK_QcBhk,WAGER OF THE YEAR!!!!ISHOWSPEED VS SHANE,6/4/2020,13:10:53,1:56:47,7007,9548,186,45,1.95,0.47,,Sports,Stream,True,https://i.ytimg.com/vi/38pWK_QcBhk/hqdefault.jpg,Not Applicable
1mV4gxsVvTg,“WHY YOU NEVER GIVE UP IN A COMP STAGE GAME”. NBA 2K20 COMP STAGE GAMEPLAY+BEST WAGER OT ALL TIME,6/4/2020,4:07:13,8:52,532,69706,640,89,0.92,0.13,,Gaming,Regular Video,False,https://i.ytimg.com/vi/1mV4gxsVvTg/hqdefault.jpg,Not Applicable
IhzgZ9jhBJc,“ZULIEE EXPOSED” CAME BACK AROUND 2 TIMES AND GOT DROPPED OFF *FUNNY REACTION* NBA 2K20,6/3/2020,0:32:06,10:05,605,90603,1254,155,1.38,0.17,,Gaming,Regular Video,False,https://i.ytimg.com/vi/IhzgZ9jhBJc/hqdefault.jpg,Not Applicable
eCCz8LRTD-o,FOR 1000$ 2 OF THE BEST POST SCORERS WAGER IN STAGE 1v1!!! NBA 2k20,6/2/2020,5:31:40,7:52,472,456654,6107,1147,1.34,0.25,,Gaming,Regular Video,False,https://i.ytimg.com/vi/eCCz8LRTD-o/hqdefault.jpg,Not Applicable
LXTnmRSKoUY,🔵WINNING RUFFLES RIDGE 4v4 LIVE STREAM 2K20🔵LEADER BOARDS TOP 50🔵,5/29/2020,2:48:26,3:33:57,12837,13739,309,27,2.25,0.2,,Gaming,Stream,True,https://i.ytimg.com/vi/LXTnmRSKoUY/hqdefault.jpg,Not Applicable
OA3Nk0Fv8FA,🟢WINNING BOOT CAMP LIVE NBA 2k20 LIVE STREAM! 75 OVERALL  OFFENSIVE THREAT NBA 2k EVENT🟢,5/24/2020,19:38:50,2:32:08,9128,16835,349,37,2.07,0.22,['AMP'],Gaming,Stream,True,https://i.ytimg.com/vi/OA3Nk0Fv8FA/hqdefault.jpg,Not Applicable
48TjdJIibjg,HOW TO GUARD POST HOOK CHEESE/POST SCORES TUTORIAL W/ CONTROLLER CAM🔒! NBA 2k20,5/23/2020,0:05:04,6:51,411,64611,619,108,0.96,0.17,,Gaming,Regular Video,False,https://i.ytimg.com/vi/48TjdJIibjg/hqdefault.jpg,Not Applicable
7TKPzJKLYz0,2k20 LIVES STREAM COMP STAGE W/FACECAM//#600 SUB GRIND//JOIN UP//NBA 2k20//,5/19/2020,20:27:06,3:04:14,11054,18550,308,29,1.66,0.16,,Gaming,Stream,True,https://i.ytimg.com/vi/7TKPzJKLYz0/hqdefault.jpg,Not Applicable
h8WTBCA3k-g,🔴OPEN SERIES IN STAGE🔴ANYBODY CAN PLAY BEST OUT OF 3🔴,5/10/2020,9:05:12,1:35:12,5712,17003,236,30,1.39,0.18,,Gaming,Stream,True,https://i.ytimg.com/vi/h8WTBCA3k-g/hqdefault.jpg,Not Applicable
OMqU8Am-97A,🔴PULLING UP ON ZULIEEE AND ATL🔴,5/9/2020,6:59:28,1:57:54,7074,18363,250,30,1.36,0.16,,Variety Stream,Stream,True,https://i.ytimg.com/vi/OMqU8Am-97A/hqdefault.jpg,Not Applicable
maYyYGIveUw,🔴2k20 LIVE COMP STAGE W/FACECAM// #400 SUB GRIND//JOIN UP//NBA 2k20//PULLUP ADD ME YT-ISHOWSPEED🔴,5/6/2020,22:05:06,4:00:19,14419,20579,260,44,1.26,0.21,,Gaming,Stream,True,https://i.ytimg.com/vi/maYyYGIveUw/hqdefault.jpg,Not Applicable
AaL0rvwRrW8,*NEW* POST HOOKING BUILD IN NBA 2K20🧀 + BEST ANIMATIONS + CHEESE MOVES 🧀*HOOKS* *HOP SHOT*,5/3/2020,2:22:32,16:35,995,32177,292,76,0.91,0.24,,Gaming,Regular Video,False,https://i.ytimg.com/vi/AaL0rvwRrW8/hqdefault.jpg,Not Applicable
SUK7NYl0TF4,🔴2k20 LIVE COMP STAGE W/FACECAM// #400 SUB GRIND//JOIN UP//NBA 2k20//PULLUP ADD ME YT-ISHOWSPEED🔴,5/1/2020,18:51:59,2:12:48,7968,22466,313,37,1.39,0.16,,Gaming,Stream,True,https://i.ytimg.com/vi/SUK7NYl0TF4/hqdefault.jpg,Not Applicable
u6uPqicdU0E,🔴2k20 LIVE COMP STAGE W/FACECAM// #400 SUB GRIND//JOIN UP//NBA 2k20//PULLUP ADD ME YT-ISHOWSPEED🔴,4/29/2020,4:46:50,1:03:30,3810,23566,303,34,1.29,0.14,,Gaming,Stream,True,https://i.ytimg.com/vi/u6uPqicdU0E/hqdefault.jpg,Not Applicable
9wuLryY6-EU,🔴2k20 LIVE COMP STAGE W/FACECAM// #400 SUB GRIND//JOIN UP//NBA 2k20//PULLUP ADD ME YT-ISHOWSPEED🔴,4/26/2020,22:18:20,2:35:29,9329,13516,220,33,1.63,0.24,,Gaming,Stream,True,https://i.ytimg.com/vi/9wuLryY6-EU/hqdefault.jpg,Not Applicable
Rjo1iqWKXKw,🔴COMP STAGE W/FACECAM// #400 SUB GRIND//JOIN UP//NBA 2k20//PULLUP ADD ME YT-ISHOWSPEED🔴,4/26/2020,0:01:16,3:45:25,13525,29208,358,36,1.23,0.12,,Gaming,Stream,True,https://i.ytimg.com/vi/Rjo1iqWKXKw/hqdefault.jpg,Not Applicable
GQsQ0JYlVqU,🔴COMP STAGE W/FACECAM// #300 SUB GRIND//JOIN UP//NBA 2k20//PULLUP ADD ME YT-ISHOWSPEED🔴,4/24/2020,19:11:37,3:16:42,11802,22004,307,28,1.4,0.13,,Gaming,Stream,True,https://i.ytimg.com/vi/GQsQ0JYlVqU/hqdefault.jpg,Not Applicable
hx_-Q-59ULU,🔴COMP STAGE W/FACECAM//TOXI LINE// #300 SUB GRIND//JOIN UP//NBA 2k20//PULLUP ADD ME YT-ISHOWSPEED🔴,4/23/2020,19:46:49,2:01:57,7317,20099,283,33,1.41,0.16,,Gaming,Stream,True,https://i.ytimg.com/vi/hx_-Q-59ULU/hqdefault.jpg,Not Applicable
F14x9rBe-OM,🔴2k20 COMP STAGE W/FACECAM// 100 GAME STREAK#300 SUB GRIND//NBA 2k20//PULLUP ADD ME YT-ISHOWSPEED🔴,4/22/2020,20:40:33,3:07:46,11266,22208,274,40,1.23,0.18,,Gaming,Stream,True,https://i.ytimg.com/vi/F14x9rBe-OM/hqdefault.jpg,Not Applicable
n2wj5MV78UM,🔴COMP STAGE W/FACECAM// #300 SUB GRIND//JOIN UP//NBA 2k20//PULL UP ADD ME YT-ISHOWSPEED🔴,4/21/2020,20:23:42,3:07:33,11253,65328,861,81,1.32,0.12,,Gaming,Stream,True,https://i.ytimg.com/vi/n2wj5MV78UM/hqdefault.jpg,Not Applicable
WKq8LUvUPlg,Exsposed....Toxic Elites get dropped off (TOXIC COMP STAGE) Nba 2k20,4/21/2020,0:19:17,9:43,583,38757,468,36,1.21,0.09,,Gaming,Regular Video,False,https://i.ytimg.com/vi/WKq8LUvUPlg/hqdefault.jpg,Not Applicable
ga2F_xZl9uI,2k20 [Toxix comp Stage] BEST POST SCORER,4/20/2020,21:42:05,2:16:22,8182,49613,648,87,1.31,0.18,,Gaming,Stream,True,https://i.ytimg.com/vi/ga2F_xZl9uI/hqdefault.jpg,Not Applicable
P6OkfH1rPZ4,How to get recognized in the 2k community....When a youtuber never has a good center! (2k20),4/20/2020,4:55:26,5:38,338,35698,402,41,1.13,0.11,,Gaming,Regular Video,False,https://i.ytimg.com/vi/P6OkfH1rPZ4/hqdefault.jpg,Not Applicable
74AlPRGrqvQ,HOW TO WIN EVREY 1V1 GAME ON 2K20!GLITCHY POST HOOK TUTORIAL !,4/10/2020,1:29:02,4:24,264,40940,450,72,1.1,0.18,,Gaming,Regular Video,False,https://i.ytimg.com/vi/74AlPRGrqvQ/hqdefault.jpg,Not Applicable
88kFtMJyFe8,Streakin 2s 2k20,3/21/2020,0:23:12,1:31:27,5487,31150,320,30,1.03,0.1,,Gaming,Stream,True,https://i.ytimg.com/vi/88kFtMJyFe8/hqdefault.jpg,Not Applicable
6172jnkJ0Ag,7’3 DEMIGOD  2k20 MIXTAPE,3/3/2020,1:47:14,3:44,224,43648,424,87,0.97,0.2,,Gaming,Regular Video,False,https://i.ytimg.com/vi/6172jnkJ0Ag/hqdefault.jpg,Not Applicable
7hF90kc2lAk,Best 2k Center?,2/29/2020,21:01:51,1:10:51,4251,28709,477,48,1.66,0.17,,Gaming,Stream,True,https://i.ytimg.com/vi/7hF90kc2lAk/hqdefault.jpg,Not Applicable
KD_EI3m2EjE,Yt-IShowSpeed's Live PS4 Broadcast,9/22/2019,19:17:08,33:37:00,2017,70395,1122,0,1.59,0.0,,IRL / Vlog,Stream,True,https://i.ytimg.com/vi/KD_EI3m2EjE/hqdefault.jpg,Not Applicable
MVS-0E-FfX0,BEST KEYBOARD AND MOUSE PLAYER ON PS4//ADD ME IF YOU WANT TO 1V1//FORTNITE,4/7/2019,16:54:43,40:59:00,2459,35298,456,109,1.29,0.31,,Gaming,Stream,True,https://i.ytimg.com/vi/MVS-0E-FfX0/hqdefault.jpg,Not Applicable
yLImZ-vz1ZU,BEST KEYBOARD AND MOUSE PLAYER ON PS4//ADD ME IF YOU WANT TO 1V1//FORTNITE,4/7/2019,3:20:55,32:17:00,1937,54488,1100,0,2.02,0.0,,Gaming,Stream,True,https://i.ytimg.com/vi/yLImZ-vz1ZU/hqdefault.jpg,Not Applicable
Zo_zsZLjkl8,Keyboard and mouse player//PS4 easy dubs//creative??,3/26/2019,23:25:01,1:40:08,6008,21599,374,91,1.73,0.42,,Gaming,Stream,True,https://i.ytimg.com/vi/Zo_zsZLjkl8/hqdefault.jpg,Not Applicable
pqOYh2gteHU,Keyboard and mouse player (Ps4) Solo Dubs,3/22/2019,23:11:56,3:27:47,12467,34378,783,0,2.28,0.0,,Gaming,Stream,True,https://i.ytimg.com/vi/pqOYh2gteHU/hqdefault.jpg,Not Applicable
nF5qXvgaSto,Keyboard and mouse player (Ps4) Solo Dubs,3/19/2019,0:46:40,34:52:00,2092,37361,653,0,1.75,0.0,,Gaming,Stream,True,https://i.ytimg.com/vi/nF5qXvgaSto/hqdefault.jpg,Not Applicable
NHZl_xiryM4,Keyboard and mouse player (Ps4) Solo Dubs,3/17/2019,20:14:06,2:10:50,7850,202001,4076,471,2.02,0.23,,Gaming,Stream,True,https://i.ytimg.com/vi/NHZl_xiryM4/hqdefault.jpg,Not Applicable
CrToay6WlTc,Keyboard and mouse player (Ps4) Solo Dubs,3/17/2019,3:25:09,34:39:00,2079,46102,830,98,1.8,0.21,,Gaming,Stream,True,https://i.ytimg.com/vi/CrToay6WlTc/hqdefault.jpg,Not Applicable
DfNYNHYy6uE,i play keyboard and mouse (ps4).................,3/15/2019,6:59:10,3:40,220,56455,616,73,1.09,0.13,,Gaming,Regular Video,False,https://i.ytimg.com/vi/DfNYNHYy6uE/hqdefault.jpg,Not Applicable
0SIMB8etbYo,Keyboard and mouse player (Ps4) Solo Dubs,3/14/2019,22:42:54,28:54:00,1734,164893,3088,408,1.87,0.25,,Gaming,Stream,True,https://i.ytimg.com/vi/0SIMB8etbYo/hqdefault.jpg,Not Applicable
4Un1PlMglwU,Keyboard and mouse Special Montage x 200 subs,1/7/2019,19:14:12,6:18,378,110665,1507,218,1.36,0.2,,Misc,Regular Video,False,https://i.ytimg.com/vi/4Un1PlMglwU/hqdefault.jpg,Not Applicable
SBUlJ04YPm8,Keyboard and mouse player (Ps4) Solo Dubs,1/3/2019,4:35:56,1:14:24,4464,98226,2091,0,2.13,0.0,,Gaming,Stream,True,https://i.ytimg.com/vi/SBUlJ04YPm8/hqdefault.jpg,Not Applicable
lwwg1HMQx4s,Keyboard and mouse player (Ps4) Solo Dubs,1/2/2019,4:50:01,1:06:25,3985,62613,1211,0,1.93,0.0,,Gaming,Stream,True,https://i.ytimg.com/vi/lwwg1HMQx4s/hqdefault.jpg,Not Applicable
lO7dgiOgJ84,Keyboard and mouse player (Ps4) Solo Dubs,12/29/2018,4:02:48,1:11:48,4308,148918,3547,0,2.38,0.0,,Gaming,Stream,True,https://i.ytimg.com/vi/lO7dgiOgJ84/hqdefault.jpg,Not Applicable
S-QNItOCqvE,Best keyboard and mouse player out [Playgrounds 1v1] Skip to (14:55 for the action) Fortnite,12/28/2018,7:02:21,1:56:51,7011,846304,13873,2273,1.64,0.27,,Gaming,Stream,True,https://i.ytimg.com/vi/S-QNItOCqvE/hqdefault.jpg,Not Applicable
JCkF2cPwzfo,I Played FLU TNB and this happened..........2k19,12/24/2018,0:33:46,4:58,298,56487,805,78,1.43,0.14,,Gaming,Regular Video,False,https://i.ytimg.com/vi/JCkF2cPwzfo/hqdefault.jpg,Not Applicable
wj0hLCcs7vM,PLAYING WITH MY FRIENDS FROM SCHOOL ON+KEYBOARD AND MOUSE+KEYBINDS AND SENSENTIVITY,11/19/2018,0:36:47,4:23,263,84604,1175,147,1.39,0.17,,Gaming,Regular Video,False,https://i.ytimg.com/vi/wj0hLCcs7vM/hqdefault.jpg,Not Applicable
yU_IfiBiiFo,{PLAYMAKING SHARPSHOOTER MIXTAPE#1} {OVERPOWERED DRIBBLE GOD}(NBA 2k19),10/13/2018,5:34:06,1:57,117,45997,566,74,1.23,0.16,,Gaming,Regular Video,False,https://i.ytimg.com/vi/yU_IfiBiiFo/hqdefault.jpg,Not Applicable
a1svYospbmw,3:06 of Keyboard and mouse Ps4 Fortnite,8/9/2018,18:26:04,3:06,186,76085,842,159,1.11,0.21,,Gaming,Regular Video,False,https://i.ytimg.com/vi/a1svYospbmw/hqdefault.jpg,Not Applicable
2-AMZFO44NA,(Who wanna 1v1) Drop names below,7/26/2018,21:39:50,1:22,82,147724,2179,470,1.48,0.32,,Gaming,Regular Video,False,https://i.ytimg.com/vi/2-AMZFO44NA/hqdefault.jpg,Not Applicable
WMB0F2TGPhE,1v1 a Pro Pc player,7/21/2018,0:55:30,2:43,163,111622,1728,144,1.55,0.13,,Gaming,Regular Video,False,https://i.ytimg.com/vi/WMB0F2TGPhE/hqdefault.jpg,Not Applicable
H1e8ps-ks4g,Nobody can touch me on keyboard and mouse FORTNITE,7/20/2018,1:34:45,5:59,359,170854,2447,675,1.43,0.4,,Gaming,Regular Video,False,https://i.ytimg.com/vi/H1e8ps-ks4g/hqdefault.jpg,Not Applicable
Z3NQzQUUdO8,When you play keyboard and mouse on Ps4 Fortnite,7/16/2018,21:36:24,5:19,319,335808,7114,982,2.12,0.29,,Gaming,Regular Video,False,https://i.ytimg.com/vi/Z3NQzQUUdO8/hqdefault.jpg,Not Applicable
VIHXv5olDUg,[CRAZY DUO WIN 16 KILL] [FORTNITE BATTLE ROYALE],2/13/2018,6:24:14,6:41,401,963070,34640,0,3.6,0.0,,Gaming,Regular Video,False,https://i.ytimg.com/vi/VIHXv5olDUg/hqdefault.jpg,Not Applicable
E1w98YwPkIw,"[DEMIGOD-POINT FORWARD 6""10 ATTRIBUTES AND MORE]",1/2/2018,22:37:13,2:30,150,141454,2753,415,1.95,0.29,,Gaming,Regular Video,False,https://i.ytimg.com/vi/E1w98YwPkIw/hqdefault.jpg,Not Applicable
kylI0wSnGis,[DRIBBLE - GOD  SHARPSHOOTER MIXTAPE #1] Ft.Goldybandztay,12/21/2017,21:21:18,3:03,183,365463,4653,541,1.27,0.15,,Gaming,Regular Video,False,https://i.ytimg.com/vi/kylI0wSnGis/hqdefault.jpg,Not Applicable
UC_DUcEpFws,{2k18} {First Video},12/21/2017,0:46:47,1:25,85,3150941,80432,11494,2.55,0.36,,Gaming,Regular Video,False,https://i.ytimg.com/vi/UC_DUcEpFws/hqdefault.jpg,Not Applicable
