Date,nickName,text,Content_Type,views,likes,shares,comments,Like_Rate (%),Share_Rate (%),Comment_Rate (%),Video_Length,hashtag1,country,Positive_Keywords,Negative_Keywords,videoUrl
2025-05-28,abdenkick,Speed‘s sister has just been leaked and Speed tries to protect her! ❤️‍🩹 #ishowspeed #ishowspeedclipz #ishowspeedsister,Other,2900000,118400,10300,1307,4.1000000000000005,0.4,0.0,Medium (15-60s),ishowspeed,,0.0,0.0,https://www.tiktok.com/@abdenkick/video/7509574703598849322
2025-06-01,Nitsa's girl💘,#ishowspeed #kvaratskhelia #foryoupage #football #psg #psgkvaratskhelia🏟️⚽️🇬🇪 #foryoupage #football #foryoupage ,Gaming/Sports,1900000,84400,3845,291,4.3999999999999995,0.2,0.0,Short (<15s),ishowspeed,,0.0,0.0,https://www.tiktok.com/@n_eddits/video/7510870649548623121
2025-06-01,Garjo Clips,Speed Couldn't Believe This was The UCL Final!!😭💀 #ishowspeed #uclfinal ,Other,116800,5989,64,36,5.1,0.1,0.0,Medium (15-60s),ishowspeed,,0.0,0.0,https://www.tiktok.com/@garjo_clips/video/7511092048582233386
2023-07-31,Daily Mail,"“They can keep me here for months, weeks, days or years if they want to” Speed has returned to hospital after being discharged yesterday #fyp #ishowspeed #speed #mri #hospital #speedyrecovery #tokyo ",Other,37100000,2400000,86000,30700,6.5,0.2,0.1,Short (<15s),fyp,,0.0,0.0,https://www.tiktok.com/@dailymail/video/7261933365400554794
2025-05-31,BY JAM💎,Speeds bodyguard doesn’t realize who it was  #Fyp #viral #germany #fifa #speed #ishowspeed #uefa #champions #football #soccer #ucl #uclfinal #psg #intermilan #championsleague #uefachampionsleague #bayern #bayernmunich ,Gaming/Sports,26800000,1100000,6012,12200,4.1000000000000005,0.0,0.0,Medium (15-60s),fyp,,0.0,0.0,https://www.tiktok.com/@clipsbyjam/video/7510709661713108266
2025-01-24,Ishowspeed dailyvids,the last one.. Speed's girlfriend Vanessa posted this on her TikTok do via: TT/ Vanessa Anne No copyright intended / Not impersonating #ishowspeedclips #ishowspeed #speed,Other,589800,12100,530,185,2.1,0.1,0.0,Medium (15-60s),ishowspeedclips,,0.0,0.0,https://www.tiktok.com/@trend_trail0/video/7463547252091620654
2025-05-03,KaiSpeedRoss✨️,"Speed, What are you doing bruh💀😭 #ishowspeed #speed #foryou #fyp ",Other,114700,3120,2359,115,2.7,2.1,0.1,Medium (15-60s),ishowspeed,,0.0,0.0,https://www.tiktok.com/@kaispeedross/video/7500288294056381718
2025-05-31,Kick Clipper,IShowSpeed got frustrated after missing his chance to meet Tom Cruise at UCL Final 😭💔 #ishowspeed #fyp ,Other,501700,15600,89,56,3.1,0.0,0.0,Medium (15-60s),ishowspeed,,0.0,0.0,https://www.tiktok.com/@kickclipper_/video/7510709244040138006
2025-05-31,MENDAS GAMING,iShowSpeed Humbled Jaime Carragher 🤯 || #cynatriceditx #4k #viral #ishowspeed #viral #trending #race #foryoupage #pleaseunfreezmyaccunt🙏🏻 ,Other,6100000,538000,4895,1459,8.799999999999999,0.1,0.0,Medium (15-60s),cynatriceditx,,0.0,0.0,https://www.tiktok.com/@yusrasminiworld1/video/7510746855400148255
2025-06-01,￶ ￶ ￶,speed is on sidequests 😭 #ishowspeed #khabib #edit #fyp #trending,Other,560100,66800,4724,232,11.899999999999999,0.8,0.0,Medium (15-60s),ishowspeed,,0.0,0.0,https://www.tiktok.com/@faxyprod/video/7511069987247983879
2025-05-31,TheStreamingPlug,Random Uefa Security tries to kick speeds team out of the suite😭 #ishowspeed #fyp ,Other,1000000,18800,221,485,1.9,0.0,0.0,Medium (15-60s),ishowspeed,,0.0,0.0,https://www.tiktok.com/@thestreamingplug5/video/7510711477834190136
2025-05-31,MENDAS GAMING,iShowSpeed Eats Döner Kebab And This Happened 💀😂 || #cynatriceditx #4k #viral #ishowspeed #viral #trending #eats #foryoupage #pleaseunfreezmyaccunt🙏🏻 ,Other,405100,23900,2664,110,5.8999999999999995,0.7000000000000001,0.0,Medium (15-60s),cynatriceditx,,0.0,0.0,https://www.tiktok.com/@yusrasminiworld1/video/7510584325667097887
2025-05-30,Kick Clipper,IShowSpeed didn't realize who he had just met in Germany 👀🇩🇪 #ishowspeed #fyp ,Other,3200000,120500,645,353,3.8,0.0,0.0,Medium (15-60s),ishowspeed,,0.0,0.0,https://www.tiktok.com/@kickclipper_/video/7510275554126351638
2025-02-14,IShowSpeedStreamShorts,iShowSpeed look what you do to kids 😂🤯 #ishowspeed #kyliejenner #kimk #kaicenat #kaicenatclips #fyp #ishowspeedlive #speed #loganpaul #ksi #CapCut ,Other,812000,26400,6495,2551,3.3000000000000003,0.8,0.3,Medium (15-60s),ishowspeed,,0.0,0.0,https://www.tiktok.com/@ishowspeedstreamshorts/video/7471083860437028118
2024-11-05,IShowSpeed,#ishowspeed ,Other,142700000,13200000,302800,84700,9.3,0.2,0.1,Medium (15-60s),ishowspeed,,0.0,0.0,https://www.tiktok.com/@ishowspeed/video/7433850442557443374
2025-01-19,Lytixclipz,Follow for more content #ishowspeed #ishowspeedinpanama #fyp #viral_video ,Other,3000000,75700,2918,1454,2.5,0.1,0.0,Medium (15-60s),ishowspeed,,0.0,0.0,https://www.tiktok.com/@lytixclipz/video/7461567620291087638
2025-05-31,IShowSpeed,IShowSpeed Reacts To PSG 5-0 Inter Mayulu 🇫🇷 #fyp #foryoupage #foryou #viral #trending #ishowspeed #speed #psg #inter #ucl #mayulu ,Reaction,191000,14700,68,64,7.7,0.0,0.0,Long (1-5m),fyp,,0.0,0.0,https://www.tiktok.com/@speedclipshq/video/7510717409649560854
2024-09-14,IShowSpeed,#ishowspeed ,Other,277200000,23400000,383700,215100,8.4,0.1,0.1,Short (<15s),ishowspeed,1562822.0,0.0,0.0,https://www.tiktok.com/@ishowspeed/video/7414531895909731626
2025-01-18,IShowSpeed,#ishowspeed ,Other,293800000,27800000,857900,308000,9.5,0.3,0.1,Short (<15s),ishowspeed,,0.0,0.0,https://www.tiktok.com/@ishowspeed/video/7461283703050833194
2021-09-07,IShowSpeed,#ishowspeed,Other,55000000,4300000,72600,37500,7.8,0.1,0.1,Short (<15s),ishowspeed,,0.0,0.0,https://www.tiktok.com/@ishowspeed/video/7004994565354704134
2025-01-21,speeduniverse79,Happy Birthday Ishowspeed 🎂 #ishowspeed #ishowspeedbirthday #speedbirthday #ishowspeedclipz #ishowspeedlive #ishowspeedclips #happybirthday #foryoupage #explorepage #foryourpage ,Other,1300000,14600,392,187,1.0999999999999999,0.0,0.0,Short (<15s),ishowspeed,,2.0,0.0,https://www.tiktok.com/@speed_universe89/video/7462468348417428782
2025-03-26,BY JAM💎,ishowspeed doesn’t realize who he just met😳 #Fyp #ishowspeed #speed #speedclips #ishowspeedclips #lsf #viral #yt ishowspeed speed ,Other,6900000,336400,1646,1054,4.9,0.0,0.0,Short (<15s),fyp,,0.0,0.0,https://www.tiktok.com/@clipsbyjam/video/7485931026481515822
2025-04-24,Temporary speed 🏎,FIFA iShowspeed #ishowspeed #funny #usa🇺🇸 ,Gaming/Sports,18700000,664000,5815,1413,3.5999999999999996,0.0,0.0,Long (1-5m),ishowspeed,,0.0,0.0,https://www.tiktok.com/@temporaryspeed/video/7496722982773984555
2025-05-09,SportsCenter NEXT,(via @IShowSpeed) #speed #ishowspeed ,Other,12200000,1100000,84400,12700,9.0,0.7000000000000001,0.1,Medium (15-60s),,,0.0,0.0,https://www.tiktok.com/@sportscenternext/video/7502257337550392606
2025-03-31,fuji,Super Idol #superidol #ishowspeed #ishowspeedchinese #fyp ,Other,108800000,11300000,2200000,89700,10.4,2.0,0.1,Short (<15s),superidol,,0.0,0.0,https://www.tiktok.com/@fuji81805/video/7487943084584570118
2025-05-05,Kick Clipper,IShowSpeed started crying after what happened at the KFC 💔 #ishowspeed #fyp ,Other,2500000,87700,1524,1872,3.5000000000000004,0.1,0.1,Short (<15s),ishowspeed,,0.0,0.0,https://www.tiktok.com/@kickclipper_/video/7501055790174850326
2025-05-31,atomclipz,IShowSpeed made Fabrizio Romano to say Speed is getting transferred to Man Utd 😭💀 #speed #ishowspeed #ishowspeedclips #uclfinal #fabrizioromano @IShowSpeed ,Other,1400000,169600,6062,356,12.1,0.4,0.0,Short (<15s),speed,,0.0,0.0,https://www.tiktok.com/@atomclipz/video/7510698606123306248
2025-04-02,Speed,Speed in china #foruyou #ishowspeedclipz #videoviral #tik_tok ,Other,6000000,353300,13200,2429,5.8999999999999995,0.2,0.0,Long (1-5m),foruyou,,0.0,0.0,https://www.tiktok.com/@ishowspeedclips040/video/7488654473607384342
2023-09-09,ESPN FC,Speed 😅😅😅 (via @Sidemen) @IShowSpeed #ishowspeed #speed #sidemen ,Other,15900000,776800,22900,4247,4.9,0.1,0.0,Medium (15-60s),,,0.0,0.0,https://www.tiktok.com/@espnfc/video/7276862764331568427
2025-06-01,CBS Sports Golazo,Walking a fine line there 😅#speed #ishowspeed #khabib #khabibnurmagomedov #championsleague #ucl #ucltoday #psg #parissaintgermain #inter ,Other,27300000,2700000,187100,5757,9.9,0.7000000000000001,0.0,Medium (15-60s),speed,,0.0,0.0,https://www.tiktok.com/@cbssportsgolazo/video/7510778818215333166
2024-05-15,IShowSpeed,#ishowspeed #drinkprime ,Other,72900000,6400000,216000,40700,8.799999999999999,0.3,0.1,Short (<15s),ishowspeed,,0.0,0.0,https://www.tiktok.com/@ishowspeed/video/7369256423894797614
2025-05-31,clips_47k,#ishowspeedclipz #security #stress #fyp ,Other,380600,4467,401,408,1.2,0.1,0.1,Medium (15-60s),ishowspeedclipz,,0.0,0.0,https://www.tiktok.com/@clips_47k/video/7510711319918595350
2025-05-31,✨АртПо✨,АртПо попал на стрим Спида 🔥🤯 #mediabroo #recommendations #artpo #артпо #messi #ishowspeed ,Other,825100,66500,6080,1171,8.1,0.7000000000000001,0.1,Medium (15-60s),mediabroo,,0.0,0.0,https://www.tiktok.com/@artpo_thegoat/video/7510727686579358998
2025-06-01,risingballers,"“Doue ay, good shit” 🫵🏽😭 bro really is doing side quests atp 🤣 @IShowSpeed #doue #desiredoue #vitinha #championsleague #uefachampionsleague #ucl #allianzarena #bayern #psg #inter #intermilan #legend #footballtiktok #football #futbol #futebol #footy #ballers #funny #meme #him #aura #golazo #goal #4u #goal #marcelo #marcelotwelve #goat #ronaldo #cr7 #cristianoronaldo #parissaintgermain ",Gaming/Sports,865700,115100,2596,236,13.3,0.3,0.0,Long (1-5m),,2921044.0,0.0,0.0,https://www.tiktok.com/@risingballers/video/7511098459345210646
2025-05-31,Rafael Benzinho,Speed e Doue conexao chata #speed #ishowspeed #doue ,Other,3900000,487200,31600,1109,12.5,0.8,0.0,Short (<15s),speed,,0.0,0.0,https://www.tiktok.com/@rafaelbenzinho/video/7510741965709839638
2025-05-31,TNT Sports Football,Speed 🤝 Marcelo #speed #ishowspeed #marcelo #ucl #uclfinal ,Other,3300000,290100,1872,1627,8.799999999999999,0.1,0.0,Short (<15s),speed,,0.0,0.0,https://www.tiktok.com/@tntsportsfootball/video/7510730810324946198
2025-05-29,vertradeshorts,Ishowspeed sisters!💀💀 #speed #ishowspeed #edit #skull ,Other,1500000,75900,513,254,5.1,0.0,0.0,Medium (15-60s),speed,,0.0,0.0,https://www.tiktok.com/@vertradeshorts/video/7509834239144135943
2025-03-14,ViralYTvids,This is the moment IShowspeed defeated Roblox tower of hell after 15 years of playing 😳🤣 #ishowspeed #ishowspeedclipz  #towerofhell #foryou #fyp #robloxgames #robloxfyp ,Other,2400000,80900,1252,2135,3.4000000000000004,0.1,0.1,Medium (15-60s),ishowspeed,,0.0,0.0,https://www.tiktok.com/@viralytvids2/video/7481795825375448342
2025-06-02,NasharMMA,Bro was about to go 30-0 🙏🏻💀🦅 #khabib #ishowspeed #speed #khabib_nurmagomedov #ufc ,Other,727,71,0,1,9.8,0.0,0.1,Short (<15s),khabib,,0.0,0.0,https://www.tiktok.com/@nashar.mma/video/7511327728466021654
2023-06-05,neonimus,Replying to @zidanezy Speed wakes up #IShowSpeed #SleepStream #Mentahan #Meme #MemeTemplate ,Meme/Comedy,3300000,80300,44600,583,2.4,1.4000000000000001,0.0,Short (<15s),,,0.0,0.0,https://www.tiktok.com/@animyverse/video/7241214123512450322
2025-05-30,Clips On The Net,What is wrong with him 😭🙏 #ishowspeed #ishowspeedclipz #ishowspeedclips ,Other,8459,206,32,1,2.4,0.4,0.0,Short (<15s),ishowspeed,,0.0,0.0,https://www.tiktok.com/@clipsonthenet/video/7510266696872086806
2025-05-31,Kick Clipper,IShowSpeed and grandma spawn the green apple after the UCL Final 😭🍏 #ishowspeed #fyp ,Other,91400,1962,94,18,2.1,0.1,0.0,Short (<15s),ishowspeed,,0.0,0.0,https://www.tiktok.com/@kickclipper_/video/7510736017683516694
2025-05-29,MENDAS GAMING,iShowSpeed’s Fan Found His Sister In Public 💔 || #cynatriceditx #4k #viral #ishowspeed #viral #trending #sister #foryoupage #fyp #pleaseunfreezmyaccunt🙏🏻 ,Other,13000000,1200000,19100,4427,9.2,0.1,0.0,Medium (15-60s),cynatriceditx,,0.0,0.0,https://www.tiktok.com/@yusrasminiworld1/video/7509856402429463838
2025-05-30,Ishowspeedtwinnn,WATCH ME BARK LIKE SPEED  #ishowspeed #twin #kaicenat #onthisday #fyp #fy #foryoupage ,Other,1100000,74900,20700,1599,6.800000000000001,1.9,0.1,Short (<15s),ishowspeed,,0.0,0.0,https://www.tiktok.com/@coiicoyy/video/7510257143212428590
2024-05-26,Liutauras,Amy or Ninon? #ishowspeed #amyflamy #ninon #fyp ,Other,17500000,1200000,15800,13500,6.9,0.1,0.1,Medium (15-60s),ishowspeed,,0.0,0.0,https://www.tiktok.com/@liutauras_/video/7373330196113509665
2024-10-28,fcbarcelona,@ishowspeed scouted Lamine Yamal three years ago 😲 #fcbarcelona #barçaontiktok #ballondor #sports @lamine.yamal,Other,27500000,3800000,43900,14300,13.8,0.2,0.1,Medium (15-60s),,,0.0,0.0,https://www.tiktok.com/@fcbarcelona/video/7430976144226127136
2025-05-30,ClipsbyCaprix,iShowSpeed met the Chinese Donald Trump #ishowspeedclipz #ishowspeedrage #ishowspeedlive @ishowspeed,Rage Content,837,30,0,0,3.5999999999999996,0.0,0.0,Short (<15s),ishowspeedclipz,,0.0,0.0,https://www.tiktok.com/@clipsbygustav/video/7510236599502834966
2025-06-02,DeBilalo,Imagine if I actually met @IShowSpeed 🫣,Other,4006,130,0,4,3.2,0.0,0.1,Medium (15-60s),,,0.0,0.0,https://www.tiktok.com/@debilalo/video/7511268828672757014
2023-05-11,Speed Clips,Speed does turbulence at Kai Cenat #fyp #ishowspeed #foryoupage #kaicenat #thugshake #speed #turbulence ,Other,790200,18900,1681,239,2.4,0.2,0.0,Short (<15s),fyp,,0.0,0.0,https://www.tiktok.com/@dohzedclips/video/7232025539932867866
2025-05-30,clippedbyaloha,#ishowspeed ,Other,14200,333,6,7,2.3,0.0,0.0,Short (<15s),ishowspeed,,0.0,0.0,https://www.tiktok.com/@clippedbyaloha/video/7510245991992364294
2024-06-07,IShowRăzvan,Why Call Him Speed..⚡🔥#ishowspeed #edit #shortsvideo #viral #funny #cold #youtubeshorts #1v1 #shorts ,Meme/Comedy,1700000,66200,508,467,3.9,0.0,0.0,Short (<15s),ishowspeed,,0.0,0.0,https://www.tiktok.com/@ishowspeeedlive/video/7377823278997458209
2024-07-25,memecenttrals,What is speed doing? #ishowspeed #football #darrenwatkins #fyp #xzyabc ,Gaming/Sports,3300000,377400,25500,1050,11.4,0.8,0.0,Short (<15s),ishowspeed,,0.0,0.0,https://www.tiktok.com/@memecenttrals/video/7395640997843176736
2025-01-18,Kick Clipper,IShowSpeed was scared to go on a ride in Panama more than his tour guide 💔 #ishowspeed #fyp ,Other,2900000,79800,18900,1045,2.8000000000000003,0.7000000000000001,0.0,Medium (15-60s),ishowspeed,,0.0,0.0,https://www.tiktok.com/@kickclipper_/video/7461318605397921056
2025-05-23,c,SPEEDS FUNNIEST MOMENTS😂😂😂#ISHOWSPEED,Other,230800,5438,543,150,2.4,0.2,0.1,Medium (15-60s),ishowspeed,,0.0,0.0,https://www.tiktok.com/@c458126/video/7507588243488066846
2024-09-18,Liutauras,IShowSpeed in Indonesia edit 🇮🇩 #ishowspeed #ishowspeedinindonesia #ishowspeedindonesia #fyp ,Other,2200000,186800,3391,1024,8.5,0.2,0.0,Long (1-5m),ishowspeed,,0.0,0.0,https://www.tiktok.com/@liutauras_/video/7415995052230495521
2025-05-04,WASTED,"Follow  for more content! 🗽 That one time when #ishowspeed gave autograph on live stream 💀😂 IShowSpeed, whose real name is Darren Watkins Jr., is a popular American YouTuber, streamer, and internet personality known for his energetic and often unpredictable live streams. Rising to fame through his gaming content, particularly around FIFA, Fortnite, and NBA 2K, Speed quickly gained a massive following due to his high-energy reactions, humorous outbursts, and unique personality. He’s also known for his music releases, viral memes, and collaborations with other creators. Despite facing some controversies, Speed has managed to build a strong fanbase and remains one of the most recognizable figures in the online entertainment world. His content continues to evolve, attracting millions of viewers around the globe#fyp #ishowspeedclipz #ishowspeed#dreamlife",Gaming/Sports,405600,7365,607,193,1.7999999999999998,0.1,0.0,Medium (15-60s),fyp,,0.0,0.0,https://www.tiktok.com/@fooceyy/video/7500695239816957206
2025-06-01,MENDAS GAMING,iShowSpeed Makes A Young Fan Happy ❤️⚡ || #cynatriceditx #4k #viral #ishowspeed #viral #trending #wholesome #foryoupage #pleaseunfreezmyaccunt🙏🏻 ,Other,75000,2906,12,5,3.9,0.0,0.0,Long (1-5m),cynatriceditx,,1.0,0.0,https://www.tiktok.com/@yusrasminiworld1/video/7511131351404252447
2025-05-31,Elite exposure,Ishowspeeds aura risked #iShowSpeed #speed #viral #shorts #trending #aishowspeed #top5 #funnyclips #reactionvideo #speedrage #speedmoments #celebritydrama,Meme/Comedy,175,8,0,0,4.6,0.0,0.0,Medium (15-60s),ishowspeed,,0.0,0.0,https://www.tiktok.com/@eliteexposureyt/video/7510760845832408327
2025-05-29,carrot_velera_🌺,Bro got every single question wrong 😭 #ishowspeed #speed #ishowspeedclips ,Other,949,45,1,0,4.7,0.1,0.0,Long (1-5m),ishowspeed,,0.0,0.0,https://www.tiktok.com/@carrot_velera_/video/7509735998847274282
2025-03-24,Kick Clipper,IShowSpeed wasn't fast enough to see his mask change color in China 🤯 #ishowspeed #fyp ,Other,3600000,69800,1885,193,1.9,0.1,0.0,Medium (15-60s),ishowspeed,,0.0,0.0,https://www.tiktok.com/@kickclipper_/video/7485299939371797782
2025-05-06,Ishowspeed-,speed new haircut 💇 part 1 #ishowspeed #ishowspeedclipz #ishowspeedlive #ishowspeed #viral ##viral #ishowspeed #foryoupage #fyp #foryoupage ,Other,2200000,58000,640,180,2.6,0.0,0.0,Medium (15-60s),ishowspeed,6252001.0,0.0,0.0,https://www.tiktok.com/@univers_888/video/7501447329623346475
2024-06-21,GQ Sports,What’s the best fried chicken spot? @IShowSpeed #ishowspeed #speed #friedchicken #chicken ,Other,9400000,585900,7806,3955,6.2,0.1,0.0,Medium (15-60s),,,1.0,0.0,https://www.tiktok.com/@gqsports/video/7383023245546605855
2025-05-10,SpeedService,"iShowSpeed Gives $5,000 Gaming PC To This Kid ❤️🩹  |  #ishowspeedclips #gaming #littlekid #trends #mothersday",Other,17800000,1700000,14200,3842,9.6,0.1,0.0,Medium (15-60s),ishowspeedclips,,0.0,0.0,https://www.tiktok.com/@speedservice649/video/7502875768263888150
2025-06-01,Speed,SPEED REACTION TO 4-0 ##ishowspeedyt##ishowspeedlive##championsleague##speedclips##youtubers,Reaction,1372,28,1,2,2.0,0.1,0.1,Long (1-5m),ishowspeedyt,,0.0,0.0,https://www.tiktok.com/@speed0253/video/7510993681386622230
2025-05-30,ishowdailyvidsofficial,Sad moment when Speed got benched again #IShowSpeed #ishowspeedclipz #speed #fyp #viral ,Other,7334,134,2,2,1.7999999999999998,0.0,0.0,Short (<15s),ishowspeed,,0.0,0.0,https://www.tiktok.com/@ishowdailyvidsofficial/video/7510258277540777238
2025-03-08,Kick Clipper,"IShowSpeed realized he lost his $20,000 custom-made earring during the Sidemen event 💔 #ishowspeed #fyp ",Other,1600000,72300,2128,400,4.5,0.1,0.0,Medium (15-60s),ishowspeed,,0.0,0.0,https://www.tiktok.com/@kickclipper_/video/7479498452293111062
2025-05-01,ishowspeedplug,Ishowspeed opens fifa pack 😅😂😂#Ishowspeed #ishowspeedclipz #ishowspeedrage #ronaldo #fifa #football #fyp ,Gaming/Sports,669500,28800,227,196,4.3,0.0,0.0,Long (1-5m),ishowspeed,6252001.0,0.0,0.0,https://www.tiktok.com/@ishowspeedpluug/video/7499600844980014366
2023-07-09,Jeremiah,Speed makes his lobby public💀 #ishowspeed #speed #fyp ,Other,3300000,249300,29800,1318,7.6,0.8999999999999999,0.0,Medium (15-60s),ishowspeed,,0.0,0.0,https://www.tiktok.com/@.jeremiah07/video/7253772946123017514
2025-05-09,oliver,Speed doing gods work ❤️… #respect #ishowspeed #speed #ishowspeedclipz #ishowspeedrage #ishowspeedclipz ,Rage Content,261300,13000,542,112,5.0,0.2,0.0,Long (1-5m),respect,,0.0,0.0,https://www.tiktok.com/@74oliverfn/video/7502556341119077654
2025-03-08,CLIPZZZ__,#foryoupage #fyp #streamer #ishowspeed #sidemencharitymatch ,Other,1900000,102300,4428,658,5.4,0.2,0.0,Short (<15s),foryoupage,,0.0,0.0,https://www.tiktok.com/@todayzclipzz/video/7479479830870773000
2025-04-05,atomclipz,IShowSpeed was SHOCKED after China government DISPLAY a DRONE show for him 👀😳 #ishowspeed #speed #ishowspeedclips #china @IShowSpeed ,Other,2100000,180600,1356,859,8.6,0.1,0.0,Short (<15s),ishowspeed,,0.0,0.0,https://www.tiktok.com/@atomclipz/video/7489797388693982472
2024-03-08,Sewyyy🐐,Showspeed feeling when open Ronaldo 4 times Suiiiii #football #ishowspeed #ishowspeedclipz #ronaldo #fyp,Gaming/Sports,10400000,499500,3936,1531,4.8,0.0,0.0,Long (1-5m),football,,0.0,0.0,https://www.tiktok.com/@sewyyy.suiiii_clips/video/7344020794537708846
2025-03-28,G4BSOULZ👾‼️🔥,iShowSpeed Performs his new Kung fu Skills #ishowspeed #kungfu #shaolinkungfu #shaolin #fyp ,Other,26400000,3100000,439200,24000,11.700000000000001,1.7000000000000002,0.1,Medium (15-60s),ishowspeed,,0.0,0.0,https://www.tiktok.com/@gabmlbns_clips/video/7486918119676513559
2025-05-08,heatclips,what's bro looking at 😂👀 #ishowspeed #speed #fyp #foryoupage #viral #clips ishowspeed getting his hair done on #stream #live !,Other,1100000,77400,9637,322,7.000000000000001,0.8999999999999999,0.0,Short (<15s),ishowspeed,,0.0,0.0,https://www.tiktok.com/@_heatclips/video/7502220834925284630
2022-12-06,СНГ акк спида,🇵🇹Portugal VS Kazakhstan 🇰🇿 #ishowspeed #айшоуспид #қазақстан ,Other,507500,16200,1160,1473,3.2,0.2,0.3,Medium (15-60s),ishowspeed,,0.0,0.0,https://www.tiktok.com/@ishowspeed_sng/video/7174115803749551365
2025-05-11,Infinite Meme,top 5 ishowspeed FUNNIEST moment😂☠️#funnyvideos #funny #viralvideo #viral #ishowspeedclips #ishowspeedclipz #ishowspeed,Meme/Comedy,15500,417,88,21,2.7,0.6,0.1,Medium (15-60s),funnyvideos,,0.0,0.0,https://www.tiktok.com/@clip_caffeine/video/7503340390074912031
2024-08-16,SpeedGang99,Speed Takes A Real Quick Fart Break🍑💨 #fyp #foryou #foryoupage #viral #ishowspeed #amy #fart #funny @ishowspeed,Meme/Comedy,180500,1289,126,37,0.7000000000000001,0.1,0.0,Medium (15-60s),fyp,,0.0,0.0,https://www.tiktok.com/@speedgang00/video/7403671089622043921
2024-12-31,SpeedNaldo7,iShowSpeed Found Ronaldo 😂⚡,Other,198900,7225,204,162,3.5999999999999996,0.1,0.1,Short (<15s),,,0.0,0.0,https://www.tiktok.com/@speednaldo7onyt/video/7454625699370962198
2025-05-11,MENDAS GAMING,iShowSpeed Gets His Payback 😂⚡ #cynatriceditx #4k #viral #ishowspeed #trending #payback #foryoupage #pleaseunfreezmyaccunt🙏🏻 @TikTok ,Other,1100000,70300,671,542,6.4,0.1,0.0,Medium (15-60s),cynatriceditx,,0.0,0.0,https://www.tiktok.com/@yusrasminiworld1/video/7503120156437056798
2024-11-09,Clippie💀,Speed just hit 18 million subs and jumped straight into his setup! 😂🔥 The hype is REAL! #IShowSpeed #speed #setup #jump #18Million #MilestoneMoment #EpicReaction #Viral,Reaction,1500000,38500,7963,604,2.6,0.5,0.0,Short (<15s),ishowspeed,,0.0,0.0,https://www.tiktok.com/@clipma21/video/7435269453182487830
2025-04-10,ishowspeed_lover_r7,ishowspeed makes karate kid 🤯🔥,Other,280200,9020,410,279,3.2,0.1,0.1,Medium (15-60s),,,0.0,0.0,https://www.tiktok.com/@ishowspeed_lover_r7/video/7491786151028641067
2025-05-30,Champions League,@IShowSpeed’s #UCLFinal prediction 👀 #UCL #UCLFestival ,Other,26800000,1500000,19600,359200,5.6000000000000005,0.1,1.3,Short (<15s),,,0.0,0.0,https://www.tiktok.com/@championsleague/video/7510258765908741398
2024-11-09,messycrib,Kedodoran bah 😭😭 #ishowspeed #ishowspeedclips #ishowspeededit #ishowspeedclipz #ishowspeedmemes ,Meme/Comedy,1100000,11500,866,357,1.0,0.1,0.0,Short (<15s),ishowspeed,,0.0,0.0,https://www.tiktok.com/@messy.xrib/video/7435344813995674887
2025-05-24,JNM7aep.,Ishowspeed revenge on FIFA president 🥶⚽ #football #fyu #fore #yuu #videoviral #fypシ゚ #forupage #vypシ #virial ,Gaming/Sports,3200000,135100,1119,299,4.2,0.0,0.0,Medium (15-60s),football,,0.0,0.0,https://www.tiktok.com/@jnm7aep1/video/7507966432903236920
2024-09-07,IShowSpeed,#ishowspeed ,Other,211000000,17300000,370700,102600,8.200000000000001,0.2,0.0,Short (<15s),ishowspeed,,0.0,0.0,https://www.tiktok.com/@ishowspeed/video/7411788943558970667
2025-05-06,Ting 💗,@IShowSpeed I’m your biggest fan 💔 #ting #fyp #fypviralシ #relatable #gay ,Other,1300000,75900,1659,637,5.800000000000001,0.1,0.0,Short (<15s),,,0.0,0.0,https://www.tiktok.com/@dlwasianlover6969/video/7501370467639364870
2024-05-17,Unique Speedy,#ishowspeed ,Other,4300000,145500,1511,597,3.4000000000000004,0.0,0.0,Medium (15-60s),ishowspeed,,0.0,0.0,https://www.tiktok.com/@unique.speedy/video/7369972192404065569
2024-12-05,AI_FootballZone,AI MENTALITY💀 @IShowSpeed  #speed #ronaldo #fyp #viral #ai ,Other,5700000,186600,107200,3335,3.3000000000000003,1.9,0.1,Short (<15s),,,0.0,0.0,https://www.tiktok.com/@ai_footballzone/video/7444993910692269334
2025-01-12,SpeedNaldo7,iShowSpeed Shocked by Messi 💀 #lionelmessi #ishowspeedclipz #viralvideos #ishowspeedclips #ishowspeedlive #foryoupage,Other,603300,14900,740,312,2.5,0.1,0.1,Medium (15-60s),lionelmessi,,0.0,0.0,https://www.tiktok.com/@speednaldo7onyt/video/7459003177057193238
2023-07-18,REDD,Speed going off cam with japrnese girl #speedinjapan #ishowspeedinjapan #fyp #ishowspeed #japan #girlfriend #girlfriend #speed #speedclips #viral #trending ,Other,146400,1428,74,34,1.0,0.1,0.0,Medium (15-60s),speedinjapan,,0.0,0.0,https://www.tiktok.com/@redd_clips/video/7257178680084925722
2025-05-06,G4BSOULZ👾‼️🔥,Vanessa And IShowSpeed Cute moments Green apples together🥺❤️ #ishowspeed #ishowspeedclipz #fyp #greenapple #wholesome #cutee #couple #foruyou #wyzbca #vanessannewilliams ,Other,607600,19100,250,109,3.1,0.0,0.0,Medium (15-60s),ishowspeed,,0.0,0.0,https://www.tiktok.com/@gabmlbns_clips/video/7501430606895549718
2024-11-07,YZN,Speed Looks serious ☠️ #aura #speed #ishowspeed #fyp #edit ,Other,2400000,109600,2336,416,4.6,0.1,0.0,Short (<15s),aura,,0.0,0.0,https://www.tiktok.com/@yzn.cc/video/7434628400507030802
2025-01-02,AI_FootballZone,AI MENTALITY💀 @IShowSpeed  #ronaldo #speed #ai #fyp #viral ,Other,313200,9243,3758,444,3.0,1.2,0.1,Short (<15s),,,0.0,0.0,https://www.tiktok.com/@ai_footballzone/video/7455105893055696150
2022-11-16,Money Kicks,@ishowspeed meets Ronaldo 🔥🔥🔥 #siuuuu #speed #ishowspeed #cristianoronaldo,Other,106700000,9700000,153300,90400,9.1,0.1,0.1,Short (<15s),,,0.0,0.0,https://www.tiktok.com/@moneykicks971/video/7166711107359362305
2024-12-21,PlexGames!,Speed Reacts To Him As Spongebob 😂 #funny #meme #speed #ishowspeed,Meme/Comedy,1300000,67800,2600,653,5.2,0.2,0.1,Medium (15-60s),funny,,0.0,0.0,https://www.tiktok.com/@plexgamesofficial/video/7450802215679298849
2024-11-13,Clip 🔌,Speed taking over every sport 😭 #ishowspeed #olympics #fyp #athlete ,Other,2800000,76200,322,470,2.7,0.0,0.0,Medium (15-60s),ishowspeed,,0.0,0.0,https://www.tiktok.com/@cliplug_/video/7436823820889148705
2024-07-07,iShowSpeedRush,iShowSpeed conhece garota da Polônia! #ishowspeed #polonia🇵🇱,Other,14200000,420800,33000,3739,3.0,0.2,0.0,Medium (15-60s),ishowspeed,,0.0,0.0,https://www.tiktok.com/@ishowspeedrush/video/7388998477998591237
2025-02-14,vrzari,#vanessa #ishowspeed #fyp #foryoupage ,Other,1700000,53400,648,209,3.1,0.0,0.0,Short (<15s),vanessa,,0.0,0.0,https://www.tiktok.com/@vrzari/video/7471340169778547990
2025-05-16,.,PERFECT #ishowspeed #speedgie #fyp #edit #viral #speed ,Other,35400,1915,55,20,5.4,0.2,0.1,Short (<15s),ishowspeed,,0.0,0.0,https://www.tiktok.com/@speedgie/video/7504849070003965226
2025-01-22,Clips_bestof,ISHOWSPEED Celebrates 35M Subs with Vanessa and Argentinian Fans! 🥹💝🇦🇷#argentina🇦🇷 #ishowspeed #vanessa #speedinargentina ,Other,1300000,33100,332,380,2.5,0.0,0.0,Medium (15-60s),argentina🇦🇷,,0.0,0.0,https://www.tiktok.com/@clips_1.00/video/7462656248052239622
2025-05-24,Garjo Clips,Old Speed is Back!!💀🙏 #ishowspeed ,Other,1500000,79100,825,195,5.3,0.1,0.0,Medium (15-60s),ishowspeed,,0.0,0.0,https://www.tiktok.com/@garjo_clips/video/7508084770216299822
2025-04-30,ishowspeedclipzsz2,Speeds best sleep stream clips💔😭#ishowspeed#speed#streaming#gaming#fyp#funny#viral#CapCut ,Meme/Comedy,467500,37400,3254,458,8.0,0.7000000000000001,0.1,Long (1-5m),ishowspeed,,1.0,0.0,https://www.tiktok.com/@ishowspeedclipzsz2/video/7499228461215616279
2025-06-01,PlugFC,The moment Speed realized he had been using Alphonso Davies’s phone the whole time #ishowspeed #fyp ,Other,65700,3048,46,4,4.6,0.1,0.0,Medium (15-60s),ishowspeed,,0.0,0.0,https://www.tiktok.com/@plugfc7/video/7511026638281264406
2021-06-29,Ty,Speed making history on YT gaining 100k in a day leave a 💚 for speed💚💪🏾 #ishowspeed #ishowspeedclipz #ishowspeedyt #ishowspeedrage #speedy #fypシ,Rage Content,52300,1158,0,87,2.1999999999999997,0.0,0.2,Short (<15s),ishowspeed,,0.0,0.0,https://www.tiktok.com/@itztybihhh/video/6979285376657640710
2024-05-27,⚡️Widespread💲9,Omg 😭😭😅☠️! #speed #foryou #fypシ゚viral #speedclips #messi #trollface #troll #foryoupage #edit ,Other,4200000,287500,24500,3057,6.800000000000001,0.6,0.1,Medium (15-60s),speed,,0.0,0.0,https://www.tiktok.com/@widespread_9/video/7373830215149178155
2025-01-18,SpeedNaldo7,iShowSpeed Got Caught Looking 😂⚡#ishowspeedclips #ishowspeedlive #viralvideos #foruyou #foryoupage❤️❤️ #forupage #ishowspeedclipz #prankvideo,Meme/Comedy,181300,9293,276,166,5.1,0.2,0.1,Medium (15-60s),ishowspeedclips,,0.0,0.0,https://www.tiktok.com/@speednaldo7onyt/video/7461245905363094806
2025-04-20,clippedbyboonk,Ishowspeed reacts to the challenge with china car #ishowspeed #fyp #funny ,Meme/Comedy,66600,1463,38,22,2.1999999999999997,0.1,0.0,Medium (15-60s),ishowspeed,,0.0,0.0,https://www.tiktok.com/@live_speedy_00/video/7495450091310812447
2025-05-30,BY JAM💎,9-5 worker donates $50 to ishowspeed ($600M) & said this😭💀 #Fyp #viral #germany #fifa #speed #ishowspeed #uefa #champions #football #soccer #ucl #uclfinal #psg #intermilan ,Gaming/Sports,2800000,76200,422,512,2.7,0.0,0.0,Short (<15s),fyp,,0.0,0.0,https://www.tiktok.com/@clipsbyjam/video/7510278484887866667
2024-07-05,IShowSpeed,ronaldo💔.   #ishowspeed ,Other,87800000,6600000,129600,68900,7.5,0.1,0.1,Medium (15-60s),ishowspeed,2921044.0,0.0,0.0,https://www.tiktok.com/@ishowspeed/video/7388296004463873322
2025-03-31,atomclipz,The WHOLESOME moment when IShowSpeed did not EXPECT people in China to be this NICE after they DECLINED his MONEY ❤️ #ishowspeed #speed #ishowspeedclips #china @IShowSpeed ,Other,1900000,224600,2226,1607,11.799999999999999,0.1,0.1,Medium (15-60s),ishowspeed,,0.0,0.0,https://www.tiktok.com/@atomclipz/video/7487866419820989703
2025-04-20,BY JAM💎,Someone found the video from ladies POV😭❤️‍🩹 #Ishowspeed #speed #fyp #foryou #foryoupage #viral #ishowspeedclips ishowspeed speed ,Other,3100000,379600,100000,3351,12.2,3.2,0.1,Medium (15-60s),ishowspeed,,0.0,0.0,https://www.tiktok.com/@clipsbyjam/video/7495444047125876011
2024-07-24,5 Fall in love,speed did his pc like diddy did  meek #top5 #funnymoments #5ivefallinlove #ishowspeed ,Meme/Comedy,1500000,182400,23900,944,12.2,1.6,0.1,Long (1-5m),top5,,1.0,0.0,https://www.tiktok.com/@5ivefallinlove/video/7394988528309996830
2024-04-25,bleacherreport,@Ishowspeed is FAST ⚡️ (via @NFL) #speed #ishowspeed #nfl ,Other,1400000,56200,419,313,4.0,0.0,0.0,Medium (15-60s),,,0.0,0.0,https://www.tiktok.com/@bleacherreport/video/7361607161085955370
2025-04-20,ohnegg,@ishowspeed accidentally upload this on Douyin 😂 #ishowspeed #ishowspeedclipz #douyin,Other,535200,19400,3006,466,3.5999999999999996,0.6,0.1,Short (<15s),,,0.0,0.0,https://www.tiktok.com/@edozmeister/video/7495467418219728134
2025-04-07,BY JAM💎,speed met the 2nd tallest building in the world😳 #Ishowspeed #speed #fyp #foryou #foryoupage #viral #ishowspeedclips ishowspeed speed ,Other,841900,48200,493,927,5.7,0.1,0.1,Medium (15-60s),ishowspeed,,0.0,0.0,https://www.tiktok.com/@clipsbyjam/video/7490541613698059563
2025-04-02,Kick Clipper,"IShowSpeed got scared when he heard this sound in Chongqing, China 😭 #ishowspeed #fyp ",Other,2200000,158000,3572,680,7.199999999999999,0.2,0.0,Medium (15-60s),ishowspeed,,0.0,0.0,https://www.tiktok.com/@kickclipper_/video/7488685634241056022
2025-03-08,BestClips,The touch from ishowspeed🥵 #ishowspeedclipz #sidemencharitymatch #ksi #ishowspeedlive #foryoupage #viral_video #clips #tiktokclips #follow #likе #today ,Other,520900,9312,150,62,1.7999999999999998,0.0,0.0,Short (<15s),ishowspeedclipz,,0.0,0.0,https://www.tiktok.com/@mr.films0/video/7479547339854646550
2023-01-02,drmadokay,Madokay💀 #kaicenat #adinross #ishowspeed #fördig ,Other,10000000,990500,81600,14300,9.9,0.8,0.1,Short (<15s),kaicenat,,0.0,0.0,https://www.tiktok.com/@drmadokay/video/7183876384421367045
2025-05-10,feelthenothingg,Speed reaction to his own glow up 🐵🐒#fyp #ishowspeedclipz #ishowspeed #memes #funnymemes #monkey ,Meme/Comedy,38900,1143,194,60,2.9000000000000004,0.5,0.2,Short (<15s),fyp,,0.0,0.0,https://www.tiktok.com/@feelthenothingg/video/7502667132136590600
2022-11-26,IshowSpeedClips,Nahh💀 #ishowspeed #adinross ,Other,359100,3824,277,62,1.0999999999999999,0.1,0.0,Medium (15-60s),ishowspeed,,0.0,0.0,https://www.tiktok.com/@griddyball/video/7170466854450842886
2025-01-19,Live About It,"Gracie Bon at the IShowSpeed irl Stream in Panama City, Panama. #ishowspeed #poinpanama #visitpanama #panama #twitch #graciebon #cintacostera #zipline  #colombia @ishowspeed @therealgracibon",Other,1600000,43800,51900,1404,2.7,3.2,0.1,Medium (15-60s),ishowspeed,,0.0,0.0,https://www.tiktok.com/@laiglobal/video/7461628537254989061
2024-07-09,Clockssss,Speed Find his Biggest Girl Fan in poland🇵🇱#ishowspeed #speed #viral #fyp #cr7 #poland  ,Other,343800,4982,252,124,1.4000000000000001,0.1,0.0,Medium (15-60s),ishowspeed,,0.0,0.0,https://www.tiktok.com/@clockssss/video/7389420088128015649
2025-01-27,ViralShorts,iShowSpeed x Gracie Bon #ishowspeed #speed #fyp #graciebon #gracie #irl #panama #colombia #isgowspeedclipz #kaicenatclips #CapCut ,Other,1000000,8963,348,214,0.8999999999999999,0.0,0.0,Short (<15s),ishowspeed,3703430.0,0.0,0.0,https://www.tiktok.com/@speed.l88/video/7464386759334399254
2024-07-10,🥵,VERONIG… ily @IShowSpeed #ishowspeed ,Other,1800000,44000,2511,448,2.4,0.1,0.0,Short (<15s),,,0.0,0.0,https://www.tiktok.com/@makapaka0007/video/7389986309693000993
2025-03-13,ishowspeedfanpage080,I show speed with whitegirl🔥😱#ishowspeedclipz #kaicenat #tiktokwales🌹 #funnyclip ,Meme/Comedy,74500,313,20,20,0.4,0.0,0.0,Short (<15s),ishowspeedclipz,,0.0,0.0,https://www.tiktok.com/@ishowspeedfanpage080/video/7481365897685372182
2024-07-22,Funny Clips,Speed + Ronaldo = ♥ #ronaldo #ishowspeed #ronaldoandishowspeed #pregnant #funnytiktok #sui #aigenerated,Meme/Comedy,152900,1912,573,0,1.3,0.4,0.0,Medium (15-60s),ronaldo,,0.0,0.0,https://www.tiktok.com/@pusha951/video/7394571636948749600
2024-07-01,youknowww,#fyp #speed #cr7  speed prestame una lana,Other,1200000,84600,532,397,7.000000000000001,0.0,0.0,Medium (15-60s),fyp,,0.0,0.0,https://www.tiktok.com/@youknow9998/video/7386744212924108038
2025-02-18,Strimmeyko,go go go go go  #ishowspeed #shake #edit #fyp #ishowspeedclipz ,Other,168700,1052,963,76,0.6,0.6,0.0,Short (<15s),ishowspeed,,0.0,0.0,https://www.tiktok.com/@strimmeyko/video/7472800394268265734
2025-05-27,ishowspeedsister,,Other,835800,3211,139,0,0.4,0.0,0.0,Short (<15s),,6252001.0,,,https://www.tiktok.com/@_ishowspeedsister/video/7509090143890984223
2024-12-15,Nab Boy,Power of money 😭#ishowspeedclipz #edit #foryoupage #viewsproblem #views #CapCut @IShowSpeed ,Other,17300000,774100,47700,5846,4.5,0.3,0.0,Medium (15-60s),ishowspeedclipz,,0.0,0.0,https://www.tiktok.com/@nab.boy3/video/7448464643380595990
2025-03-05,….,#fy #fyp #ishowspeedclipz #ishowspeed ,Other,430400,15100,1047,138,3.5000000000000004,0.2,0.0,Medium (15-60s),fy,,0.0,0.0,https://www.tiktok.com/@motivantion123/video/7478452380166622510
2024-06-01,autoclip,#CapCut #ishowspeed #ishowspeed #dog #ai #aidog #lol #attack #attacked #ew ,Other,1500000,14600,7175,523,1.0,0.5,0.0,Long (1-5m),capcut,,0.0,0.0,https://www.tiktok.com/@autoclip0/video/7375625196356586785
2024-12-25,AI_videoclips,Speed Out Of Context 😂 #AI #paratiiiiiiiiiiiiiiiiiiiiiiiiiiiiiii #fyp #paratii #outofcontext #humor #speedandronaldo #cristiano #speed #tiktok ,Other,177900,1471,367,73,0.8,0.2,0.0,Short (<15s),ai,,0.0,0.0,https://www.tiktok.com/@ai_videoclips07/video/7452207651959704874
2023-10-15,𝖀𝖘𝖒𝖆𝖓 🪙,iShowSpeed To Babar Azam❤️😍 #ishowspeed #babarazam #pleaseunfrezzemyaccount #pakvsind #babarazamfans #foryou #ishowspeedclipz ,Other,684500,64100,621,536,9.4,0.1,0.1,Short (<15s),ishowspeed,1168579.0,0.0,0.0,https://www.tiktok.com/@usman.dahar2001/video/7290255503525989638
2025-04-11,atomclipz,IShowSpeed doesn’t REALIZED who he just met after the most AURA man pulled up to him 👀😳 #ishowspeed #speed #ishowspeedclips @IShowSpeed ,Other,6300000,368300,4256,1367,5.800000000000001,0.1,0.0,Medium (15-60s),ishowspeed,,0.0,0.0,https://www.tiktok.com/@atomclipz/video/7491895617208241415
2025-02-12,Tim Argane,Aura or nah? #ishowspeed #ishowspeedclipz #ishowspeedlive #ishowspeededit #ishowspeedfootball #football #matchforhope #sewy #cr7 #speed ,Gaming/Sports,3800000,209500,2663,728,5.5,0.1,0.0,Short (<15s),ishowspeed,,0.0,0.0,https://www.tiktok.com/@timargane/video/7470618746705431815
2022-04-18,.,catch me editing this 1m times  #foryoupage #ishowspeed #ishowspeededit #speed #speededit #speedclips #fypシ,Other,198000,16400,146,206,8.3,0.1,0.1,Short (<15s),foryoupage,,0.0,0.0,https://www.tiktok.com/@m8fxvs/video/7088048765067611438
2024-12-28,IShowHighlights,IShowSpeed Sings Murder On My Mind 💔 #edit #fyp #ishowspeedclipz #ynwmelly ,Other,3200000,339600,12800,1130,10.6,0.4,0.0,Medium (15-60s),edit,,0.0,0.0,https://www.tiktok.com/@ishowhighlightss/video/7453498450580311319
2025-01-18,Jesús Music,Speed ​​Dancing 🤩 Thanks for the video @IShowSpeed #parati #Viral #fyp #jesusmusic_oficial ,Other,7100000,281100,18700,5369,4.0,0.3,0.1,Short (<15s),,,0.0,0.0,https://www.tiktok.com/@jesusmusic_oficial/video/7461335533596331269
2025-04-02,Kick Clipper,The moment IShowSpeed decided to buy this amazing car in China 🤯 #ishowspeed #fyp ,Other,1400000,73700,1402,427,5.3,0.1,0.0,Medium (15-60s),ishowspeed,,1.0,0.0,https://www.tiktok.com/@kickclipper_/video/7488653679336148246
2025-04-08,atomclipz,China shows their appreciation to IShowSpeed for showing China to the whole world ❤️ #ishowspeed #speed #ishowspeedclips #china @IShowSpeed ,Other,7700000,1100000,27000,4619,14.299999999999999,0.4,0.1,Short (<15s),ishowspeed,,0.0,0.0,https://www.tiktok.com/@atomclipz/video/7490813858785873170
2025-03-01,Double_A,😭😭😂#ishowspeed #speed #am_double_a ,Other,12500000,1500000,394800,11700,12.0,3.2,0.1,Long (1-5m),ishowspeed,,0.0,0.0,https://www.tiktok.com/@am_double_a/video/7476891625361313046
2025-05-06,atomclipz,IShowSpeed couldn’t believe he’s in GTA 6 👀😳 #speed #ishowspeed #ishowspeedclips #gta #gta6 @IShowSpeed ,Other,6000000,457800,33900,1735,7.6,0.6,0.0,Short (<15s),speed,,0.0,0.0,https://www.tiktok.com/@atomclipz/video/7501439816589004050
2024-12-28,ISHOWMEAT,ISHOWSPEED WELCOME Poland 🇵🇱 #ishowspeed #viral #fyp #poland,Other,1800000,160500,17700,879,8.9,1.0,0.0,Short (<15s),ishowspeed,,0.0,0.0,https://www.tiktok.com/@ishowmeat_edit/video/7453616158139256086
2025-04-05,atomclipz,IShowSpeed INSTANTLY purchased three EXCLUSIVE China gaming pc type of phone 👀😳 #ishowspeed #speed #ishowspeedclips #china @IShowSpeed ,Other,5600000,451800,4538,1841,8.1,0.1,0.0,Medium (15-60s),ishowspeed,,0.0,0.0,https://www.tiktok.com/@atomclipz/video/7489732580711877906
2025-03-24,BY JAM💎,ishowspeed learnt this from his monk tutor🥺❤️‍🩹 #Fyp #ishowspeed #speed #speedclips #ishowspeedclips #lsf #viral #yt ,Other,938600,19300,90,75,2.1,0.0,0.0,Short (<15s),fyp,,0.0,0.0,https://www.tiktok.com/@clipsbyjam/video/7485289894034623790
2024-07-03,N-JoyIt,ISHOWSPEED HAS A BARK OFF WITH KID😭 #fy #4u #fyp #foryou #foryoupage #stream #streamer #speed #ishowspeed #sweden #bark #kid @IShowSpeed ,Other,16000000,956900,52300,3771,6.0,0.3,0.0,Medium (15-60s),fy,,0.0,0.0,https://www.tiktok.com/@njoyit2/video/7387408836555967777
2025-03-26,Kick Clipper,The moment IShowSpeed met first Messi fan in Beijing 💀 #ishowspeed ,Other,1900000,154900,8115,1021,8.200000000000001,0.4,0.1,Medium (15-60s),ishowspeed,,0.0,0.0,https://www.tiktok.com/@kickclipper_/video/7485953899023715606
2023-03-13,vrewls,wow W speed moment #ishowspeed #quran #foryoupage #trending #viral #funny @ishowspeed ,Meme/Comedy,74100,5729,1320,83,7.7,1.7999999999999998,0.1,Medium (15-60s),ishowspeed,,0.0,0.0,https://www.tiktok.com/@vrewls/video/7210138413494766890
2025-05-10,KING,he SAD moment iShowSpeed tries  to give his brother ADVICE on being  a streamer but he IGNORES him 💔 #ishowspeed #ishowspeedlive ,Other,1400000,108100,2811,1141,7.7,0.2,0.1,Medium (15-60s),ishowspeed,,0.0,0.0,https://www.tiktok.com/@theclipstudiox/video/7502636971001679150
2025-03-28,Kick Clipper,IShowSpeed performs his new Kung Fu skills in front of hundreds of fans in China ❤️‍🩹 #ishowspeed #fyp ,Other,7500000,929900,160200,4909,12.4,2.1,0.1,Medium (15-60s),ishowspeed,,0.0,0.0,https://www.tiktok.com/@kickclipper_/video/7486783653884742934
2023-06-18,anonnclipzz,Speeds Bradley Donation 🇵🇹❤️ #speed #ishowspeed #ishowspeedlive #ishowspeedclipz #ronaldo #fyp ,Other,3500000,184500,2728,689,5.3,0.1,0.0,Short (<15s),speed,,0.0,0.0,https://www.tiktok.com/@anonnclipzz/video/7245956440836279579
2025-05-02,Ishowspeed/brairotquiz,#viral #dc #fyp #ishowspeed #polish #learing #funny,Meme/Comedy,402800,48500,5255,318,12.0,1.3,0.1,Medium (15-60s),viral,,0.0,0.0,https://www.tiktok.com/@ishowspeed_brainrot/video/7499914283770236182
2022-10-08,gamingdetail,Sewy #gaming #fortnite #ishowspeed #speed #ishowspeedclipz #memes #fortniteclips #fortnitefunny #fortntiedance #fyp #foru ,Meme/Comedy,909500,18100,4559,304,2.0,0.5,0.0,Short (<15s),gaming,,0.0,0.0,https://www.tiktok.com/@gamingdetail/video/7152266985294925062
2025-05-06,atomclipz,The WHOLESOME moment when IShowSpeed calls his Dad to tell him he’s in GTA 6 ❤️ #speed #ishowspeed #ishowspeedclips #gta #gta6 @IShowSpeed ,Other,4700000,287300,9438,940,6.1,0.2,0.0,Short (<15s),speed,,0.0,0.0,https://www.tiktok.com/@atomclipz/video/7501449280251612424
2025-03-31,Kick Clipper,IShowSpeed couldn't stop smiling after meeting him in Chengdu 😭❤️‍🩹 #ishowspeed #fyp ,Other,4900000,452400,74100,2106,9.2,1.5,0.0,Medium (15-60s),ishowspeed,,0.0,0.0,https://www.tiktok.com/@kickclipper_/video/7487879535250263318
2025-04-24,TopSpeedLives,IShowSpeed packs Ronaldo on FIFA  #ishowspeed #reaction #fifa #funnyclip ,Gaming/Sports,2600000,39000,26000,2546,1.5,1.0,0.1,Medium (15-60s),ishowspeed,,0.0,0.0,https://www.tiktok.com/@topspeedlives/video/7496973941475380502
2025-05-31,BY JAM💎,SPEED just met the greatest boxer of all time😳🔥 #Fyp #viral #germany #fifa #speed #ishowspeed #uefa #champions #football #soccer #ucl #uclfinal #psg #intermilan #championsleague #uefachampionsleague #bayern #bayernmunich #khabib #ufc #mma ,Gaming/Sports,638000,23100,366,245,3.5999999999999996,0.1,0.0,Short (<15s),fyp,,1.0,0.0,https://www.tiktok.com/@clipsbyjam/video/7510732477489581355
2025-05-23,clippedishowspeed,#ishowspeedclipz #ishowspeedlive #ishowspeedlive #ishowspeedclips #fyp #tommyrichman ,Other,4600000,227900,4430,597,5.0,0.1,0.0,Long (1-5m),ishowspeedclipz,,0.0,0.0,https://www.tiktok.com/@clippedishowspeed/video/7507727741253373206
2025-04-07,atomclipz,IShowSpeed sings NAE NAE song with the man himself in China LIVE Television 👀😳 #ishowspeed #speed #ishowspeedclips #china @IShowSpeed ,Other,3000000,218200,29400,999,7.3,1.0,0.0,Medium (15-60s),ishowspeed,,0.0,0.0,https://www.tiktok.com/@atomclipz/video/7490558115394391303
2025-03-12,greke,#speedinSidemenCharityMatch #ishowspeed #viral #fyp #trending #explore #foryou #ishowspeedclipz #football #sidemen #ishowspeedlive #meme #funny #speed ,Gaming/Sports,3000000,162000,2306,576,5.4,0.1,0.0,Short (<15s),speedinsidemencharitymatch,,0.0,0.0,https://www.tiktok.com/@greke_editor/video/7480974780141735190
2025-05-06,atomclipz,IShowSpeed was SHOCKED after GTA 6 actually put him in the game 👀😳 #speed #ishowspeed #ishowspeedclips #gta #gta6 @IShowSpeed ,Other,1400000,34800,1318,416,2.5,0.1,0.0,Short (<15s),speed,,0.0,0.0,https://www.tiktok.com/@atomclipz/video/7501445113399250194
2025-03-28,Kick Clipper,The actions in this video are performed or supervised by professionals. Do not attempt. | IShowSpeed officially learned Kung Fu in China ❤️‍🩹 #ishowspeed #fyp ,Other,4800000,131800,9482,917,2.7,0.2,0.0,Short (<15s),ishowspeed,,0.0,0.0,https://www.tiktok.com/@kickclipper_/video/7486781938573774102
2024-09-18,LoLwithkai,IshowSpeed is the GOAT🐐  #ishowspeed #indonesia  #ishowspeedclipz #funny #aura #ishowspeedlive #ishowspeedinindonesia #aura #trending #viral #w ,Meme/Comedy,426300,23700,1114,249,5.6000000000000005,0.3,0.1,Short (<15s),ishowspeed,,0.0,0.0,https://www.tiktok.com/@lolwithkai/video/7415936389696474401
2025-04-11,speed,#ishowspeedinmongolia #speedinmongolia #ishowspeedchina #ishowspeedmongolia #mongolia ,Other,2900000,186300,6228,1616,6.4,0.2,0.1,Long (1-5m),ishowspeedinmongolia,,0.0,0.0,https://www.tiktok.com/@ishowdailyupdate3/video/7491958091886447894
2025-03-31,atomclipz,IShowSpeed was SHOCKED after China has an ADVANCE technology glasses where it translate AUTOMATICALLY 👀😳 #ishowspeed #speed #ishowspeedclips #china @IShowSpeed ,Other,1700000,147300,5976,785,8.7,0.4,0.0,Medium (15-60s),ishowspeed,,0.0,0.0,https://www.tiktok.com/@atomclipz/video/7487891987736120594
2025-05-18,IShowSpeed,IShowSpeed FINALLY Complete The Last Of Us Marathon After 30+ Hours NO SLEEP OR FOOD 👏 😴 #fyp #foryoupage #foryou #viral #trending #ishowspeed #speed #thelastofus #thelastofus2 ,Other,726400,61600,6259,496,8.5,0.8999999999999999,0.1,Medium (15-60s),fyp,,0.0,0.0,https://www.tiktok.com/@speedclipshq/video/7505680906745613590
2024-07-04,IShowTheGoat,Ishowspeed arrived in norway and thousands of people waiting outside 😳 #ishowspeed #fyp ,Other,1400000,25000,1500,256,1.7999999999999998,0.1,0.0,Medium (15-60s),ishowspeed,,0.0,0.0,https://www.tiktok.com/@ishowgoats7/video/7387578307144912144
2025-04-02,atomclipz,"Crowd POV of more than 10,000 fans following IShowSpeed in China 👀😳 #ishowspeed #speed #ishowspeedclips #china @IShowSpeed ",Other,867500,33900,2274,606,3.9,0.3,0.1,Medium (15-60s),ishowspeed,,0.0,0.0,https://www.tiktok.com/@atomclipz/video/7488830408780500242
2025-04-04,Sundy,Ishowspeed is crazy 😂😂 #ishowspeedclipz #ishowspeed #fyp #chinaa #hongkong #usa_tiktok #asia #chinese ,Other,3200000,195100,19100,2721,6.1,0.6,0.1,Medium (15-60s),ishowspeedclipz,,0.0,0.0,https://www.tiktok.com/@speedclips56/video/7489404017169255702
2025-04-20,greke,#speedinFlorida #ishowspeed #ishowspeedFlorida #foryou #EURO2024 #ishowspeedclipz #ishowspeedinFlorida #Florida #fyp ,Other,1100000,37300,2581,741,3.4000000000000004,0.2,0.1,Short (<15s),speedinflorida,,0.0,0.0,https://www.tiktok.com/@greke_editor/video/7495437800280509718
2025-05-11,i SHOW WHITE,Speed bertemu orang indonesia di resto pantai miami @IShowSpeed #ishowspeed #speed #fyp #viral #indonesia ,Other,2400000,182000,6274,1444,7.6,0.3,0.1,Short (<15s),,,0.0,0.0,https://www.tiktok.com/@alzonyth/video/7503276286794583304
2025-04-04,Kick Clipper,IShowSpeed decided to end his stream after what happened in Hong Kong with fans 🤯 #ishowspeed #fyp ,Other,1200000,43200,1036,921,3.5999999999999996,0.1,0.1,Medium (15-60s),ishowspeed,,0.0,0.0,https://www.tiktok.com/@kickclipper_/video/7489392982592998678
2025-05-31,Nassman22,unc really thought he done something 😂 #ishowspeedclipz #aura #relatable #fyp #championsleague ,Other,632500,23600,476,280,3.6999999999999997,0.1,0.0,Short (<15s),ishowspeedclipz,,0.0,0.0,https://www.tiktok.com/@nassman22/video/7510721916437564694
2024-12-29,Temporary speed 🏎,Open FIFA Packs #ishowspeed #fifa #usa🇺🇸 ,Gaming/Sports,10000000,487900,7004,1007,4.9,0.1,0.0,Long (1-5m),ishowspeed,,0.0,0.0,https://www.tiktok.com/@temporaryspeed/video/7453828651176529198
2025-05-02,atomclipz,IShowSpeed couldn’t believe GTA 6 is DELAYED for another year 💔 #speed #ishowspeed #ishowspeedclips #gta6 #gta @IShowSpeed ,Other,896800,55200,3386,989,6.2,0.4,0.1,Short (<15s),speed,,0.0,0.0,https://www.tiktok.com/@atomclipz/video/7499863818764340498
2025-05-18,Kick Clipper,IShowSpeed before and after The Last of Us marathon 😭 #ishowspeed #speed #edit ,Other,13000000,1300000,81100,4945,10.0,0.6,0.0,Short (<15s),ishowspeed,,0.0,0.0,https://www.tiktok.com/@kickclipper_/video/7505829683167104278
2025-05-06,seny,#fypシ #ishowspeed #speedhaircut #speedhairstyle #ishowspeedclipz ,Other,1500000,22900,454,332,1.5,0.0,0.0,Medium (15-60s),fypシ,,0.0,0.0,https://www.tiktok.com/@senyedit68/video/7501407959201615134
2025-04-07,atomclipz,The WHOLESOME moment when IShowSpeed did not EXPECT Unc to be so NICE ❤️ #ishowspeed #speed #ishowspeedclips #china @IShowSpeed ,Other,3600000,252100,1400,1253,7.000000000000001,0.0,0.0,Short (<15s),ishowspeed,,0.0,0.0,https://www.tiktok.com/@atomclipz/video/7490523482929794322
2025-05-30,Streamclipper,Ishowspeed was SHOCKED on how HUMBLE the owner of PSG is 🥺❤️#fyp #ishowspeed #psg ,Other,3100000,132400,6955,647,4.3,0.2,0.0,Medium (15-60s),fyp,,0.0,0.0,https://www.tiktok.com/@streamerclipperrr/video/7510285761585990954
2025-05-31,dadi_or,#CapCut #aura #ishowspeed #khabib #khabib_nurmagomedov #chmpionsleague ,Other,18000,709,163,18,3.9,0.8999999999999999,0.1,Short (<15s),capcut,3017382.0,0.0,0.0,https://www.tiktok.com/@abdou_6832/video/7510742585846041878
2025-04-10,Cristiano Vintage,When Ishowspeed met Ronaldo 🐐😄 #cristianoronaldo #ronaldo #ishowspeed #ishowspeedclipz #georginarodriguez #cristiano #cr7 #foryoupage #georginagio #Love #cristianojr #goviral #ronaldofans #fyp #cristianoronaldojr #suiiiiiiiiiiii,Other,21400000,1200000,48800,21900,5.6000000000000005,0.2,0.1,Long (1-5m),cristianoronaldo,,1.0,0.0,https://www.tiktok.com/@cristianovintage/video/7491704035016281366
2025-03-26,_BaBaYaGa_,This Aura🥶🥶🥶 #fyppppppppppppppppppppppp #foryou #goal #ishowspeed #speed #football #edit ,Gaming/Sports,733200,26800,572,955,3.6999999999999997,0.1,0.1,Medium (15-60s),fyppppppppppppppppppppppp,,0.0,0.0,https://www.tiktok.com/@babayaga.298/video/7485988167099616518
2025-05-29,Ishowspeedtwinnn,Like bro I just too much like my dad that’s all 😭😭😭 #onthisday #fypシ #viral #streaming #kaicenat #ishowspeed #lookalike #twin #dopplerganger ,Other,2000000,169300,42600,3570,8.5,2.1,0.2,Short (<15s),onthisday,,0.0,0.0,https://www.tiktok.com/@coiicoyy/video/7509850232759373099
2025-05-26,MAX🌐,Ishowspeed Genes💀#fyp #dontletthisflop #viral #xyzbca #streameruniversity #kaicenat ,Other,4600000,757900,24400,3079,16.5,0.5,0.1,Medium (15-60s),fyp,,0.0,0.0,https://www.tiktok.com/@maxzis.pk/video/7508851424676039966
2025-03-12,jelo,speeds celebration made up for it 💀 @IShowSpeed {#fyp #xyzcba #ishowspeed #speed #speededit #ishowspeededit #sidemen #sidemencharitymatch #sidemencharitymatch2025 #backflip },Other,1200000,127100,2540,933,10.6,0.2,0.1,Medium (15-60s),,,0.0,0.0,https://www.tiktok.com/@jelos.edits/video/7480933711903526152
2024-08-16,NFL,bro is too fast 💨 #ishowspeed #fanatics #fanaticsfest #nfl ,Other,13100000,553700,5890,1846,4.2,0.0,0.0,Short (<15s),ishowspeed,,0.0,0.0,https://www.tiktok.com/@nfl/video/7403856790951054622
2025-05-27,MENDAS GAMING,iShowSpeed Gets Jamal On A Diet But This Happened 😂⚡ || #cynatriceditx #4k #viral #ishowspeed #viral #trending #jamal #foryoupage #pleaseunfreezmyaccunt🙏🏻 ,Other,2800000,319400,5454,600,11.4,0.2,0.0,Medium (15-60s),cynatriceditx,,0.0,0.0,https://www.tiktok.com/@yusrasminiworld1/video/7509241520118041887
2024-09-01,YTPH WOLF,iShowSpeed VS Cute Dog 🐶 #ishowspeedyt #ishowspeed #ishowspeededit #ishowspeedfunnyclips #ishowspeedclipz #funny#reels #viral #viraltiktok #viralvideo #funnyreels #puppies #perritos,Meme/Comedy,9169,177,41,11,1.9,0.4,0.1,Medium (15-60s),ishowspeedyt,,0.0,0.0,https://www.tiktok.com/@ytphwolf/video/7409457721293982981
2025-05-31,seny,#CapCut speed meets Fabrizio #championsleaguefinal #alphonsodaviesishowspeed #championsleague #speedalphonsodavies #psgvsintermilan #ishowspeeduclfinal #ishowspeedfabrizio ,Other,304300,26200,1509,128,8.6,0.5,0.0,Short (<15s),capcut,,0.0,0.0,https://www.tiktok.com/@senyedit68/video/7510698182565842206
2022-02-17,whycarti3z,#IShowSpeed #whycarti3z #fyp #on #fyp,Other,7600000,405800,6891,6462,5.3,0.1,0.1,Short (<15s),ishowspeed,,0.0,0.0,https://www.tiktok.com/@whycarti3z/video/7065749373132508418
2025-05-23,Kick Clipper,IShowSpeed and FIFA president unveil the new FIFA world cup trophy 🤯 #ishowspeed #fyp ,Gaming/Sports,10600000,946300,102100,4654,8.9,1.0,0.0,Long (1-5m),ishowspeed,,0.0,0.0,https://www.tiktok.com/@kickclipper_/video/7507720620218551574
2024-09-16,𝘃𝗲𝘅𝟳,IShowSpeed in Vietnam🇻🇳🔥#ishowspeed #vietnam #gumball3000 #xuhuong #viral #fyp #foryou ,Other,3200000,310900,6409,5513,9.700000000000001,0.2,0.2,Medium (15-60s),ishowspeed,,0.0,0.0,https://www.tiktok.com/@vex7_04/video/7415138588377091346
2025-05-30,IShowSpeed,IShowSpeed Gets Kicked Out For Lifting The REAL UCL Trophy 🏆 😡 #fyp #foryoupage #foryou #viral #trending #ishowspeed #speed #ucl #uefa ,Other,2200000,113600,2099,908,5.2,0.1,0.0,Long (1-5m),fyp,,0.0,0.0,https://www.tiktok.com/@speedclipshq/video/7510289247660821782
2025-03-21,successful_kaicenat,IShowSpeed Top 5 Funniest Moments #kai #kaicenat #IShowSpeed #ishowspeedclipz #funniest #funnymoment #fyp #viral_video #foruyou #ranking #moments #clips #ishowspeedfunnyclips #kaicenatclips #,Meme/Comedy,295300,20900,6948,145,7.1,2.4,0.0,Medium (15-60s),kai,,0.0,0.0,https://www.tiktok.com/@successful_kaicenat/video/7484237362193566998
2025-06-01,Sewyyy Gang,IShowspeed reacts 5 Goals PSG #ishowspeedclipz #ishowspeed #championsleague #psg #ronaldo #fyp ,Gaming/Sports,72400,5497,112,62,7.6,0.2,0.1,Long (1-5m),ishowspeedclipz,,0.0,0.0,https://www.tiktok.com/@sewyyy.gangg/video/7510808142935035158
2024-08-24,jfrd,old speed must be proud of his future #ishowspeed #jamal #og #nostalgia #fyp ,Other,2900000,253600,5109,575,8.7,0.2,0.0,Short (<15s),ishowspeed,,0.0,0.0,https://www.tiktok.com/@jofrdd/video/7406659133568601365
2022-08-15,Lotus Cars,why did bro get so angry 😂 #lotus #emira #ishowspeed #justdance #meme #funny #comedy #caredit #twitchclips #dualipa,Meme/Comedy,11400000,1400000,14200,5819,12.3,0.1,0.1,Short (<15s),lotus,,0.0,1.0,https://www.tiktok.com/@lotuscars/video/7132129920146279686
2025-06-02,A.hty,Ishowspeed😂😭 #entertainment #viral #xyzbca #ishowspeed #backflip #ucl #championsleague,Other,434,13,0,0,3.0,0.0,0.0,Medium (15-60s),entertainment,,0.0,0.0,https://www.tiktok.com/@a.hty7/video/7511222423937731862
2023-05-12,adił,Speed packed himself 😳🥶 #ishowspeed #speed #tomatoma #portugal #ohio #fifamobile #tots #totsfifa23 #gym #manchesterunited #fyp #fypage #fyp? #fypdongggggggg #fypdoesntwork #edit,Gaming/Sports,12500000,608800,9681,2765,4.9,0.1,0.0,Short (<15s),ishowspeed,,0.0,0.0,https://www.tiktok.com/@adil.iqh/video/7232302792252165378
2024-09-18,deyinnn,SiiuuUuUUU @IShowSpeed 😙 #speed #ishowspeed ,Other,12900000,602500,5515,1976,4.7,0.0,0.0,Short (<15s),,,0.0,0.0,https://www.tiktok.com/@adelina.agraisha/video/7416019875447065862
2025-06-01,scubaruba,Speed meets PSG👀 #IShowSpeed #Speed #PSG #UCLFinal #ChampionsLeague #MessiLegacy #Mbappe #PSGFamily #SpeedMoments #UCLVibes \#FootballTikTok #SoccerTok #SpeedFan #UCL2025 #ParisSaintGermain #SpeedAtTheGame #UCLNight #ForYou #FYP #ViralFootball \#SpeedFunny #SpeedClips #PSGEdits #SpeedReaction #FootballHype #TikTokFootball #SpeedXPSG #desiredoue #doue #vitinha,Gaming/Sports,151400,9614,520,39,6.4,0.3,0.0,Medium (15-60s),ishowspeed,,0.0,0.0,https://www.tiktok.com/@scubaruba/video/7511036891429424406
2023-03-21,IShowSpeed Clips🎥,my first tiktok👋 || wil post content of the best streamer itw #fyp #viral #viralvideo #youtube #speed #ishowspeed #ishowspeedrage #ishowspeedclips #ishowspeedlive #stream #funny #blowthisup #foryou #trending #speedyt #ishowspeedfunnyclips ,Meme/Comedy,9100000,358900,9028,3162,3.9,0.1,0.0,Medium (15-60s),fyp,,1.0,0.0,https://www.tiktok.com/@ishow.sewy/video/7213099992297262342
2025-02-11,🌀,Let it out!! 🗣️🔥🙏🏾#fyp #kaicenat #ishowspeed @Kai Cenat ,Other,17500,483,256,15,2.8000000000000003,1.5,0.1,Short (<15s),fyp,,0.0,0.0,https://www.tiktok.com/@rapid.__/video/7470112146735615274
2025-05-31,Kick Clipper,IShowSpeed and Alphonso Davies react to 2nd goal of PSG against Inter Milan 🤯 #ishowspeed #fyp ,Gaming/Sports,5500000,497800,3945,2220,9.1,0.1,0.0,Medium (15-60s),ishowspeed,,0.0,0.0,https://www.tiktok.com/@kickclipper_/video/7510692479025384726
2025-06-02,lshow_010,"iShowSpeed's Revenge... ⚡😈 #fyp, #viral, #foryoupage, #football, #speed, #ishowspeedclipz, #ishowspeedrage, #ishowspeedlive, #ishowspeedclips, #ishowspeedyt  #ishowspeed #fyp #ishowspeedclipz #viral #ishowspeedlive #speed #ishowspeedrage #foryoupage #ishowspeed #football  #ishowspeed #foryou #ronaldo #trending #edit #ishowspeedclips #fifa #ksi #ishowspeedfunnyclips #xyzcba",Gaming/Sports,89,8,1,0,9.0,1.0999999999999999,0.0,Medium (15-60s),,,0.0,0.0,https://www.tiktok.com/@wcelebrity_updates/video/7511192508903329042
2025-05-31,ThTom,From IShowSpeed to IShowSlow!? #ishowspeed #race #edit #foryou ,Other,2400000,190900,1644,584,8.0,0.1,0.0,Medium (15-60s),ishowspeed,,0.0,0.0,https://www.tiktok.com/@thtom.7/video/7510644979786648854
2025-06-01,Kun4i,IShowSpeeed 🔥 tgk in profile  #ishowspeed #speedup #basketball #7 #ronaldo #ishowspeedclipz #speededit #ishowspeededit #vs #subscribe ##idol #editor #cool #круто #vibe #edit #on #fyp,Other,593,29,0,6,4.9,0.0,1.0,Medium (15-60s),ishowspeed,,0.0,0.0,https://www.tiktok.com/@kun_4i/video/7511045372702166328
2022-06-28,ابراهيم,ما توقعتها منك يبو سبيد 💔💔 #سبيد #ishowspeed #fyp #foryou #ضحك #ميسي #كريستيانو #speed,Other,1600000,99300,3856,3135,6.2,0.2,0.2,Medium (15-60s),سبيد,,0.0,0.0,https://www.tiktok.com/@ibraytti/video/7114418514932288770
2025-05-31,LIVE CLIPS,bro done understand a thing 😭🤣🤣// @IShowSpeed //#fyp #ishowspeed #ishowspeedclipz #streamclips #blowup #virał #uclfinal #UK #uk ,Other,280,21,2,0,7.5,0.7000000000000001,0.0,Medium (15-60s),,,0.0,0.0,https://www.tiktok.com/@liveclips380/video/7510730935998893334
2025-05-28,Pbclipz,Speed reacts to Jamal’s streamer university edit #ishowspeed #fyp #fypシ #foryou ,Reaction,1100000,136600,2091,701,12.4,0.2,0.1,Medium (15-60s),ishowspeed,,0.0,0.0,https://www.tiktok.com/@pb_clipz/video/7509557751891266862
2025-05-30,IshowTheClips,@IShowSpeed  fart 2x Lmfao😭😭#foryoupage❤️❤️ #ishowspeed #ishowspeedclipz #fyp ,Other,11000,244,42,4,2.1999999999999997,0.4,0.0,Medium (15-60s),,,0.0,0.0,https://www.tiktok.com/@ishowtheclips07/video/7510243789290671362
2025-02-09,ESPN,#iShowSpeed at the Fanatics Super Bowl party! #harrypotter ,Other,19000000,1200000,8471,6895,6.3,0.0,0.0,Short (<15s),ishowspeed,,0.0,0.0,https://www.tiktok.com/@espn/video/7469433168471362847
2025-05-30,Sundy,Ishowspeed that farts without doing it on purpose 😂😂 #ishowspeedclipz #ishowspeed #usa_tiktok #shorts #viralvideos ,Other,10700,190,66,7,1.7999999999999998,0.6,0.1,Medium (15-60s),ishowspeedclipz,,0.0,0.0,https://www.tiktok.com/@speedclips56/video/7510244975129398550
2025-05-30,atomclipz,IShowSpeed REVEALS the list of countries he will be touring for Europe PART 2 👀😳 #speed #ishowspeed #ishowspeedclips @IShowSpeed ,Other,1200000,73800,25500,2226,6.2,2.1,0.2,Medium (15-60s),speed,,0.0,0.0,https://www.tiktok.com/@atomclipz/video/7510267156538461447
2025-05-30,soccerriot,Speed ​​holds the ULC trophy for the first time #ishowspeedclipz #championsleague #speed ,Other,6304,161,81,7,2.6,1.3,0.1,Medium (15-60s),ishowspeedclipz,2921044.0,0.0,0.0,https://www.tiktok.com/@soccerriot/video/7510288927324982550
2025-05-30,Kick Clipper,IShowSpeed learned that eating a doner kebab before football was a bad idea 😭 #ishowspeed #fyp ,Gaming/Sports,5300000,204700,28500,712,3.9,0.5,0.0,Medium (15-60s),ishowspeed,,0.0,1.0,https://www.tiktok.com/@kickclipper_/video/7510243377225469206
2025-05-30,Sports Media,Ishowspeed plays in the legends match and shows improvement. #speed #legends #icons #charity #soccer #stream #youtube ,Gaming/Sports,68000,1166,19,23,1.7000000000000002,0.0,0.0,Medium (15-60s),speed,,0.0,0.0,https://www.tiktok.com/@sports.media.001/video/7510257614647823646
2025-05-30,Kick Clipper,IShowSpeed wasn’t ready for the football legends level 😭⚽ #ishowspeed #fyp ,Gaming/Sports,1700000,179400,7597,435,10.6,0.4,0.0,Medium (15-60s),ishowspeed,,0.0,0.0,https://www.tiktok.com/@kickclipper_/video/7510259709857844502
2025-05-30,IShowSpeed,IShowSpeed Reunites With Albanian Prime Minister After 1 Year 🇦🇱 #fyp #foryoupage #foryou #viral #trending #ishowspeed #speed #albania ,Other,132200,7346,2696,78,5.6000000000000005,2.0,0.1,Long (1-5m),fyp,,0.0,0.0,https://www.tiktok.com/@speedclipshq/video/7510264740187360534
2025-05-30,ViralClipperrr,That’s worth more than him😭😭 #fypシ゚viral #ishowspeed #speed #streamer #ucl #soccer ,Gaming/Sports,1666,21,2,1,1.3,0.1,0.1,Short (<15s),fypシ゚viral,,0.0,0.0,https://www.tiktok.com/@viralclipperrr69/video/7510288624613641502
2025-05-30,BenDover1736382,#speed#ishowspeed#funny#viral#fyp#tiktok,Meme/Comedy,881,9,0,0,1.0,0.0,0.0,Medium (15-60s),speed,,0.0,0.0,https://www.tiktok.com/@chunkyraddish35/video/7510076529037085983
2025-05-31,Kick Clipper,Khabib Nurmagomedov challenged IShowSpeed to a fight after the UCL Final 😳 #ishowspeed #fyp ,Other,586100,37400,2206,129,6.4,0.4,0.0,Short (<15s),ishowspeed,,0.0,0.0,https://www.tiktok.com/@kickclipper_/video/7510734942490496279
2025-05-20,𝗔𝗟𝗣𝗘𝗥𝗧𝗢⁎,Ishowspeed turn 💀 . ... . #trending #hoodmrbeast #ishowspeed #edit #viraledit #bestedit #mrbeasttrend #mrbeasthood #tiktok #hoodronaldo ,Other,500700,8499,247,96,1.7000000000000002,0.0,0.0,Medium (15-60s),trending,,1.0,0.0,https://www.tiktok.com/@alp3rt0/video/7506626947326283030
2025-03-29,yt: SpeedZone,Speed Was Very Confusing After This Word…💀🇨🇳#ishowspeed ,Other,12200000,893700,133700,4904,7.3,1.0999999999999999,0.0,Short (<15s),ishowspeed,,0.0,0.0,https://www.tiktok.com/@yt.speedzone/video/7487026247994821910
2025-03-31,Minnie2024,#warmlywelcome #welcometochina #speed #youtubers #friendship #american #ishowspeed #ishowspeedlive #peopleareawesome ,Other,153300,9347,25,125,6.1,0.0,0.1,Medium (15-60s),warmlywelcome,,0.0,0.0,https://www.tiktok.com/@minnie202469/video/7488031884602117398
2025-03-31,iShope-SPEED,super idol #ishowspeededit #foryoupage❤️❤️ #fyp #ishowspeedinchina ,Other,16300000,1200000,96700,12600,7.3999999999999995,0.6,0.1,Medium (15-60s),ishowspeededit,,0.0,0.0,https://www.tiktok.com/@shophere37/video/7488111620011461910
2024-05-06,bluntreacts,Flight just be believing anything😭😭#flightreacts #flight #ishow #ishowspeedclipz #ishowmeat🍖 #flighttakesbreakmidvideo #photosynthesis ,Reaction,1400000,165800,23600,874,11.799999999999999,1.7000000000000002,0.1,Medium (15-60s),flightreacts,,0.0,0.0,https://www.tiktok.com/@bluntreacts/video/7365955412492930346
2025-04-07,Waooo,DARREN WATKINS JR #xh #ishowspeed #viral #tiktokviral ,Other,485300,23400,480,295,4.8,0.1,0.1,Short (<15s),xh,,0.0,0.0,https://www.tiktok.com/@tin.hc.tr.thy.v.b/video/7490639712844123400
2025-04-05,Streamclipper,Ishowspeed didn’t realize who he just met in China 😱🤯#viral #ishowspeed ,Other,2700000,169000,590,526,6.3,0.0,0.0,Short (<15s),viral,,0.0,0.0,https://www.tiktok.com/@streamerclipperrr/video/7489738893059837226
2025-01-09,Agen Naga Hitam,Emot🗿 . . #MLBBM6 #MLBBM6TorchRelay #GreaterThanEver #ishowspeed #yourdudh #reaction #masukberanda ,Reaction,3000000,200800,7999,1599,6.7,0.3,0.1,Medium (15-60s),mlbbm6,,1.0,0.0,https://www.tiktok.com/@agennagahitam/video/7457891830055668998
2024-09-09,JasxnTxxmmy,Ishowspeed is eating Pat Thai in Thailand.⚽️ #ishowspeed  #fyp  #fypシ  #ishowspeedclipz  #viral  #viralvideo  #ดันขึ้นฟีดที  #ไวรัล  #ประเทศไทย  #ไทย  #viraltiktok ,Other,2000000,130300,2853,340,6.5,0.1,0.0,Short (<15s),ishowspeed,1605651.0,0.0,0.0,https://www.tiktok.com/@t24mmy/video/7412590646407548178
2025-04-10,bre_nduh,How ishowspeed got me#fyp #dance #viral ,Other,863700,29100,1923,285,3.4000000000000004,0.2,0.0,Short (<15s),fyp,6252001.0,0.0,0.0,https://www.tiktok.com/@bre_nduh/video/7491523892616514846
2025-05-30,seny,Speed lifting the ucl trophy #ishowspeed #championsleaguetrophy #munich2025 #ucl ,Other,390800,27000,2834,1114,6.9,0.7000000000000001,0.3,Short (<15s),ishowspeed,,0.0,0.0,https://www.tiktok.com/@senyedit68/video/7510287219077205279
2025-05-28,trendslicer,Ishowspeed losing his cool after finding out united lost today 😂#ishowspeed #viralvideo #sports #rival #ishowspeedlive #fyp #ishowspeedclipz #clippers #manutd ,Other,45800,475,44,27,1.0,0.1,0.1,Short (<15s),ishowspeed,,0.0,0.0,https://www.tiktok.com/@trendslicer5/video/7509543932490059054
2025-06-01,ADOBE🏴‍☠️,speed and khabib #ishowspeedclipz #khabib #edit #dagestan #ishowspeedlive #ufc #mma #brainrot #fyppppppppppppppppppppppp,Other,38100,1382,228,17,3.5999999999999996,0.6,0.0,Medium (15-60s),ishowspeedclipz,,0.0,0.0,https://www.tiktok.com/@adobepirate/video/7510810648352148758
2025-05-31,vrcetti,Speed to Man United- HERE WE GO#ishowspeed #fyp #fabrizioromano ,Other,36500,1244,60,18,3.4000000000000004,0.2,0.0,Short (<15s),ishowspeed,,0.0,0.0,https://www.tiktok.com/@vrcetti/video/7510698671252540694
2023-06-13,•Prince Ous ➰🍓,@IShowSpeed  met me 🤪🤣 . . . #ishowspeed #speed #ishowspeedclipz #ishowspeedrage #ishowspeeddog #ishowspeedlive #istanbul #uclfinal ,Rage Content,4900000,587800,58700,2187,12.0,1.2,0.0,Medium (15-60s),,,0.0,0.0,https://www.tiktok.com/@prince_ous/video/7244082865376382213
2025-05-28,Sundy,Speed CRASHES OUT reacting to Man United’s loss against ASEAN All-Stars today 😭😭 #ishowspeedclipz #ishowspeed #usa_tiktok #shorts #viralvideos #manchesterunited ,Reaction,1200000,56200,3622,1096,4.7,0.3,0.1,Long (1-5m),ishowspeedclipz,,0.0,0.0,https://www.tiktok.com/@speedclips56/video/7509544400251309334
2024-05-13,IShowSpeed,#ishowspeed #kissoflife @kissoflife_official,Other,83300000,7100000,294800,78000,8.5,0.4,0.1,Short (<15s),ishowspeed,,0.0,0.0,https://www.tiktok.com/@ishowspeed/video/7368530242387840298
2025-05-31,TheStreamingPlug,Ishowspeed gets emotional after his song gets played at the UCL final #ishowspeed,Other,1300000,120100,1123,206,9.2,0.1,0.0,Short (<15s),ishowspeed,,0.0,0.0,https://www.tiktok.com/@thestreamingplug5/video/7510684565506297144
2025-05-31,SPEEDSHOR7,Bro Will Become FLASH⚡🤯#ishowspeed #viral #edit #ad #content ,Other,304800,34000,1704,65,11.200000000000001,0.6,0.0,Medium (15-60s),ishowspeed,,0.0,0.0,https://www.tiktok.com/@speedshor7/video/7510740849836231978
2025-01-23,Kick Clipper,IShowSpeed could not believe what was happening in Chile 😭💔 #ishowspeed #fyp ,Other,2200000,140600,3547,1507,6.4,0.2,0.1,Medium (15-60s),ishowspeed,,0.0,0.0,https://www.tiktok.com/@kickclipper_/video/7463186202208914721
2025-04-04,BY JAM💎,Speed doesn’t realize what family he just met😳❤️‍🩹 #Speed #ishowspeed #fyp #foryoupage #speedclips #ishowspeedclips ,Other,5000000,278300,1903,923,5.6000000000000005,0.0,0.0,Short (<15s),speed,,0.0,0.0,https://www.tiktok.com/@clipsbyjam/video/7489334381631507758
2025-03-28,Kick Clipper,IShowSpeed realized being a Monk in China is not that easy 😭❤️‍🩹 #ishowspeed ,Other,1100000,78900,1964,395,7.199999999999999,0.2,0.0,Short (<15s),ishowspeed,,0.0,0.0,https://www.tiktok.com/@kickclipper_/video/7486738835393514774
2025-05-08,Deagzzzshorts,We made the right person famous #ishowspeedclipz #speed #fan ,Other,1600000,107000,2043,478,6.7,0.1,0.0,Medium (15-60s),ishowspeedclipz,,0.0,0.0,https://www.tiktok.com/@deagzzzsh0rts/video/7502108338784570646
2025-05-11,Kick Clipper,Sketch artist couldn't draw IShowSpeed like this 😭💔 #ishowspeed,Other,1500000,49400,1825,100,3.3000000000000003,0.1,0.0,Short (<15s),ishowspeed,,0.0,0.0,https://www.tiktok.com/@kickclipper_/video/7503288346739772694
2025-04-07,WES LEY,#ishowspeed #ishowspeedclipz #ishowspeedlive #foryoupage #fyp #foryou ,Other,1400000,162000,20200,1269,11.600000000000001,1.4000000000000001,0.1,Medium (15-60s),ishowspeed,,0.0,0.0,https://www.tiktok.com/@unkwonk00/video/7490535401925397777
2025-05-26,IShowLiu,"W David, He's A Real One 💎💎 #ishowspeed #fan #wholesome #edit ",Other,6100000,549200,4123,2023,9.0,0.1,0.0,Medium (15-60s),ishowspeed,,0.0,0.0,https://www.tiktok.com/@ishowliu_/video/7508886042578095382
2025-05-05,BY JAM💎,Speed doesn’t realize who’s wife he just met😳😭 #Ishowspeed #speed #fyp #foryou #foryoupage #viral #ishowspeedclips ishowspeed speed ksi #ksi #jj #sidemen #uk ,Other,6000000,104800,439,490,1.7000000000000002,0.0,0.0,Short (<15s),ishowspeed,,0.0,0.0,https://www.tiktok.com/@clipsbyjam/video/7501060251727252779
2025-03-28,KING,The way iShowSpeed started  YELLING at the most powerful  Chinese monk in the world  😭😩 #ishowspeed #monk #china ,Other,1500000,66800,9457,688,4.5,0.6,0.0,Medium (15-60s),ishowspeed,,0.0,0.0,https://www.tiktok.com/@theclipstudiox/video/7486735218930421034
2024-09-10,W_SPEED_GANG,POV: The moment when Speed realized that she is a boy #ishowspeed #speed #ishowspeedclipz #fy ,Other,501200,9084,352,37,1.7999999999999998,0.1,0.0,Medium (15-60s),ishowspeed,,0.0,0.0,https://www.tiktok.com/@w_speed_gang/video/7413098712190160160
2025-04-02,IShowSpeedStreamShorts,iShowSpeed proves he is the best irl streamer fr 🤯🇨🇳 #speed #ishowspeed #ishowspeedlive #fyp #china #amp #chinese #CapCut ,Other,2400000,308700,6764,2008,12.9,0.3,0.1,Medium (15-60s),speed,,1.0,0.0,https://www.tiktok.com/@ishowspeedstreamshorts/video/7488710896450096406
2025-03-01,Kick Clipper,IShowSpeed shocked everyone after revealing his school photo on stream 😭 #ishowspeed #fyp ,Other,1100000,70800,17300,463,6.4,1.6,0.0,Medium (15-60s),ishowspeed,,0.0,0.0,https://www.tiktok.com/@kickclipper_/video/7476890472980630806
2025-06-01,deechatchai,🇹🇭💯 #ishowspeed @ishowspeed  #viral @deechatchai @deechatchai @deechatchai ,Other,222300,12300,665,107,5.5,0.3,0.0,Medium (15-60s),ishowspeed,1605651.0,0.0,0.0,https://www.tiktok.com/@deechatchai/video/7510953015961275656
2025-05-31,🥥Kakos🥥,WTF?😭#ishowspeed#speed#Wtf#viral,Other,760,45,0,0,5.8999999999999995,0.0,0.0,Short (<15s),ishowspeed,,0.0,0.0,https://www.tiktok.com/@kakoznxho22_/video/7510497330873879830
2025-05-31,shipz_clips,IShowSpeed triggers a GRANDPA after forcing himself in 😮 #ishowspeed #speed #ucl #uclfinal ,Other,685,12,0,1,1.7999999999999998,0.0,0.1,Medium (15-60s),ishowspeed,,0.0,0.0,https://www.tiktok.com/@shipz_clips/video/7510718229229112594
2025-01-18,Kick Clipper,IShowSpeed was scared to go on the ride with his tour guide in Panama 💔 #ishowspeed #fyp ,Other,430700,7723,289,58,1.7999999999999998,0.1,0.0,Medium (15-60s),ishowspeed,,0.0,0.0,https://www.tiktok.com/@kickclipper_/video/7461317274184551713
2025-05-31,ishowdailyvidsofficial,#IShowSpeed #ishowspeedclipz #speed #fyp #final ,Other,832900,37000,2765,309,4.3999999999999995,0.3,0.0,Medium (15-60s),ishowspeed,,0.0,0.0,https://www.tiktok.com/@ishowdailyvidsofficial/video/7510732586008907010
2025-05-30,Streamclipper,Speed says he’s bringing uncle to America soon but say the visa is taking longer then expected 😨👀😩#fypシ #ishowspeed #speed ,Other,77700,2898,22,12,3.6999999999999997,0.0,0.0,Medium (15-60s),fypシ,,0.0,0.0,https://www.tiktok.com/@streamerclipperrr/video/7510235601434692907
2025-05-31,seny,Ishowspeed meets Marcelo at the UCL final 2025 #ishowspeed #marcelo #uclfinal #psg #edit #ishowspeedclipz ,Other,288500,24300,138,103,8.4,0.0,0.0,Medium (15-60s),ishowspeed,,0.0,0.0,https://www.tiktok.com/@senyedit68/video/7510728085659012382
2025-03-26,KR,A lovely chinese lady and Speed(IShowSpeed) sang a song on the Great Wall and posted the video on Chinese social media.😂😂😂,Other,1100000,58700,23900,735,5.3,2.1999999999999997,0.1,Medium (15-60s),,,2.0,0.0,https://www.tiktok.com/@kr.c24/video/7486104690279746818
2025-05-30,SJ,Karvaharva😂😂😂😂#ucl #fyp #ishowspeed #kvara ,Other,417000,31500,7998,543,7.6,1.9,0.1,Medium (15-60s),ucl,,0.0,0.0,https://www.tiktok.com/@07unknown26/video/7510290317476728071
2025-05-31,𝗛𝗖𝗛𝗘𝗜𝗞𝗙𝗨𝗧🇸🇳💫,Ligue des champions speed et paris 🔥💫#footballtiktok #foreyoupage #viralvideos #ishowspeedclipz #championsleague #paris #inter ,Gaming/Sports,1600,178,4,1,11.1,0.2,0.1,Medium (15-60s),footballtiktok,,0.0,0.0,https://www.tiktok.com/@hcheikfut/video/7510396330536078614
2025-05-30,clippedishowspeed,#ishowspeedclipz #ishowspeedlive #ishowspeedclips #ishowspeedrage #ucl #fyp ,Rage Content,1195,41,0,1,3.4000000000000004,0.0,0.1,Short (<15s),ishowspeedclipz,,0.0,0.0,https://www.tiktok.com/@clippedishowspeed/video/7510311781835738390
2025-05-31,Streamclipper,Speed has officially switched teams after inter Milan got EMBARRASSED by PSG 4-0 champion league😳👀#fyp #ishowspeed #championsleague ,Other,69300,1085,15,8,1.6,0.0,0.0,Short (<15s),fyp,,0.0,0.0,https://www.tiktok.com/@streamerclipperrr/video/7510713399530065194
2024-01-13,Rango Jalex,POV: You Disappoint IShowSpeed… @Alec Lang helped make this Animation.,Other,10700000,527800,6486,5276,4.9,0.1,0.0,Medium (15-60s),,,0.0,0.0,https://www.tiktok.com/@rangojalex/video/7323706181967449387
2025-05-30,ViralYTvids,@IShowSpeed almost didn’t recognise Man Utd legend Van der Sar 🤣😱 #ishowspeed #ishowspeedclipz #micahrichards #ballerleague #championsleague #skysports #legends #manutd #manchesterunited #vandersar #foryou #fyp ,Other,2200000,145600,2436,474,6.6000000000000005,0.1,0.0,Short (<15s),,,0.0,0.0,https://www.tiktok.com/@viralytvids2/video/7510232909484231958
2025-05-31,IshowTheClips,Speed fw with his song played at the UCL ceremony 🥶🔥#ishowspeed #fyp ,Other,93300,2447,98,24,2.6,0.1,0.0,Long (1-5m),ishowspeed,,0.0,0.0,https://www.tiktok.com/@ishowtheclips07/video/7510686823115558167
2025-05-20,WH1TE.am,another one #edit #am #edittok #hood #ishowspeed #hoodishowspeed @IShowSpeed ,Other,154700,5778,326,155,3.6999999999999997,0.2,0.1,Medium (15-60s),edit,,0.0,0.0,https://www.tiktok.com/@wh1te.edit5/video/7506399584294358294
2025-05-30,Kick Clipper,IShowSpeed meets football legends in Germany 👀🔥 #ishowspeed #fyp ,Gaming/Sports,2400000,208500,18000,1123,8.7,0.8,0.0,Long (1-5m),ishowspeed,,0.0,0.0,https://www.tiktok.com/@kickclipper_/video/7510233228129602838
2025-06-01,Klippppped,can't blame him tho 🤣🤣#ishowspeed #ishowspeedclipz #ishowspeedlive #funnytiktok #foryoupage #fyp #viralvideos ,Meme/Comedy,525,25,4,1,4.8,0.8,0.2,Medium (15-60s),ishowspeed,,0.0,0.0,https://www.tiktok.com/@pnd.a8/video/7511019883790978326
2025-06-01,Clip40.official,Legends in one spot 😳 @IShowSpeed #fyp #khbaib #UFC #ishowspeed #fyp #fyp ,Other,3000000,166000,8060,587,5.5,0.3,0.0,Medium (15-60s),,,0.0,0.0,https://www.tiktok.com/@getrichdietryng_/video/7510823335429786887
2025-05-30,risingballers,We got Speed lifting the UCL trophy before GTA 6 🤣🏆 @IShowSpeed #championsleague #uefachampionsleague #ucl #allianzarena #bayern #psg #inter #intermilan #legend #footballtiktok #football #futbol #futebol #footy #ballers #funny #meme #him #aura #golazo #goal #4u #goal ,Gaming/Sports,1300000,160300,10200,2513,12.3,0.8,0.2,Medium (15-60s),,2921044.0,0.0,0.0,https://www.tiktok.com/@risingballers/video/7510303789904137494
2024-02-21,ishowspeedplug,Ishowspeed packs ronaldo 4 times 🔥  #ishowspeed #ishowspeedclipz #ishowspeedrage #ronaldo #fifa #football #fyp ,Gaming/Sports,2100000,89300,629,297,4.3,0.0,0.0,Long (1-5m),ishowspeed,6252001.0,0.0,0.0,https://www.tiktok.com/@ishowspeedpluug/video/7338174643741805866
2025-04-04,Kick Clipper,Speed helps the Chinese girl overcome her depression 🥹❤️‍🩹 #ishowspeed #fyp ,Other,1700000,190200,2774,984,11.200000000000001,0.2,0.1,Medium (15-60s),ishowspeed,,0.0,0.0,https://www.tiktok.com/@kickclipper_/video/7489407808262180118
2023-09-12,speedcontentx,Why Speed doesnt like Messi 😂 #fyp #lionelmessi #foryou #ishowspeed ,Other,5500000,490000,4058,5029,8.9,0.1,0.1,Long (1-5m),fyp,,0.0,0.0,https://www.tiktok.com/@speedcontentx/video/7278015111204179233
2025-04-07,RiseStrong,IShowSpeed was hearing a familiar word a bit too much #ishowspeed ,Other,2300000,290500,74000,1781,12.6,3.2,0.1,Medium (15-60s),ishowspeed,,0.0,0.0,https://www.tiktok.com/@_entertainmentclip/video/7490562357773552918
2025-05-31,IShowSpeed,IShowSpeed Meets David Beckham 🤩 #fyp #foryoupage #foryou #viral #trending #ishowspeed #speed #davidbeckham ,Other,213100,9762,70,35,4.6,0.0,0.0,Medium (15-60s),fyp,,0.0,0.0,https://www.tiktok.com/@speedclipshq/video/7510718929187130646
2024-11-21,Music Media,IShowSpeed is running in the Olympics 😳🥇 @IShowSpeed @Noah Lyles #ishowspeed #noahlyles #edit,Other,21700000,2500000,44000,5474,11.5,0.2,0.0,Medium (15-60s),,,0.0,0.0,https://www.tiktok.com/@musicmediaco/video/7439818377465629998
2023-08-30,Rob,Pt2 #fyp#fup#foryoupage#ishowspeed#speedisfunny#funny#memez#meme#funnie#memez #foryoupages ,Meme/Comedy,805700,100300,3177,305,12.4,0.4,0.0,Short (<15s),fyp,,0.0,0.0,https://www.tiktok.com/@xqc214/video/7273172048594226465
2025-04-06,Might _a11,we made right person famous!❤️🎯@IShowSpeed #speed #ishowspeed ,Other,5600000,491900,11900,2947,8.799999999999999,0.2,0.1,Medium (15-60s),,6252001.0,0.0,0.0,https://www.tiktok.com/@might_a11/video/7490149392050326830
2025-04-04,UNKNOWN,The moment when she sang along Superldol with @IShowSpeed                     ————————— #china #hongkong #ishowspeed ,Other,3400000,233800,5212,1340,6.9,0.2,0.0,Medium (15-60s),,,0.0,0.0,https://www.tiktok.com/@bokilo53/video/7489487575267200263
2025-04-04,Kick Clipper,IShowSpeed was shocked hearing her voice in Hong Kong ❤️‍🩹 #ishowspeed #fyp ,Other,2500000,127700,3858,843,5.1,0.2,0.0,Medium (15-60s),ishowspeed,,0.0,0.0,https://www.tiktok.com/@kickclipper_/video/7489399168067276054
2025-05-30,seny,#speedingermany #ishowspeedgermany #speed ,Other,7677,187,4,2,2.4,0.1,0.0,Short (<15s),speedingermany,,0.0,0.0,https://www.tiktok.com/@senyedit68/video/7510216036348693791
2025-05-30,atomclipz,No way IShowSpeed is casually playing with Kaka and other football legends in Germany 👀😳  #speed #ishowspeed #ishowspeedclips @IShowSpeed ,Gaming/Sports,56800,1836,36,21,3.2,0.1,0.0,Short (<15s),speed,,0.0,0.0,https://www.tiktok.com/@atomclipz/video/7510249952149327111
2025-05-31,Gaboamp,ib:@sanchez #ishowspeed #song #trendingvideo #2002_gabo #clip #am #cr7edit #alight #manchester #manchesterunited #zeka #ronaldo #c #r #7 #speedupsongs #ishow  @IShowSpeed ,Other,1716,274,81,85,16.0,4.7,5.0,Medium (15-60s),,,0.0,0.0,https://www.tiktok.com/@2002_gabo/video/7510437402859654405
2024-09-09,￶,Why was he yelling stop 😭😭 #fyp #viral #tiktok #viralvideo #viraltiktok #goviral #clips #twitch #ishowspeed #xyzbca #meme #memecut ,Meme/Comedy,308300,7604,1293,312,2.5,0.4,0.1,Medium (15-60s),fyp,,0.0,0.0,https://www.tiktok.com/@archiveland/video/7412643064419798304
2025-06-02,Minnie2024,#foru #speed #ishowspeed #footballtiktok ,Gaming/Sports,165,7,0,0,4.2,0.0,0.0,Medium (15-60s),foru,,0.0,0.0,https://www.tiktok.com/@minnie202469/video/7511184585787526422
2025-04-11,Hax,Speed finally met zhang wei🤣 #ishowspeed #ishowspeedclipz #ishowspeedlive #speed ,Other,4500000,311000,16800,1918,6.9,0.4,0.0,Medium (15-60s),ishowspeed,,0.0,0.0,https://www.tiktok.com/@hax__xyz/video/7491933213544189191
2024-09-09,honeybearmall,Ishowspeed tastes durian for the first time in Thailand #ishowspeed #bangkok #thailand #durian ,Other,10500000,485500,8631,1920,4.6,0.1,0.0,Medium (15-60s),ishowspeed,1605651.0,0.0,0.0,https://www.tiktok.com/@honeybear.mall/video/7412600652913790216
2025-06-01,CBS Sports Golazo,Can’t leave Kate hangin’ like that Speed! 😐 #soccer #football #ucl #uclfinal #championsleague #ucltoday #ishowspeed #speed ,Gaming/Sports,2200000,146100,1456,351,6.6000000000000005,0.1,0.0,Short (<15s),soccer,,0.0,0.0,https://www.tiktok.com/@cbssportsgolazo/video/7511075874419117342
2024-11-04,Twitchviralclips4ever,"A fan re-created Speed meeting Ronaldo pic, but Speed wasn't happy about it.  @ishowspeed #ishowspeed #cristianoronaldo #fyp #fypシ",Other,6800000,473800,30400,3888,7.000000000000001,0.4,0.1,Medium (15-60s),,,1.0,0.0,https://www.tiktok.com/@twitchviralclip4ever/video/7433363487281171729
2025-02-12,IShowLiu,Speed respect moment ❤️‍🩹 #ishowspeed #speed #edit #respect #fyp #zleffy,Other,8400000,826400,10100,2269,9.8,0.1,0.0,Short (<15s),ishowspeed,,0.0,0.0,https://www.tiktok.com/@ishowliu_/video/7470482694225284374
2025-05-30,BY JAM💎,SPEED doesn’t realize who he just met😳 #Fyp #viral #germany #fifa #speed #ishowspeed #uefa #champions #football #soccer #ucl #uclfinal #psg #intermilan ,Gaming/Sports,82200,2105,69,16,2.6,0.1,0.0,Short (<15s),fyp,,0.0,0.0,https://www.tiktok.com/@clipsbyjam/video/7510284922578324779
2025-05-30,Reaper Clips,Speed meets Albanian President Edi Rama in Germany 😳👀 #ishowspeed #ishowspeedclips #albania #edirama #germany #clips #viral #fyp,Other,29500,851,409,15,2.9000000000000004,1.4000000000000001,0.1,Medium (15-60s),ishowspeed,,0.0,0.0,https://www.tiktok.com/@reaperrclips/video/7510269960162233622
2025-05-30,Stream Wave 🌊,Speed gives his PREDICTION for the UCL Final  #ishowspeed #ishowspeedclipz #fyp #foryoupage #streamer #clips ,Other,23700,350,11,7,1.5,0.0,0.0,Medium (15-60s),ishowspeed,,0.0,0.0,https://www.tiktok.com/@stream_waves/video/7510243379939134742
2024-09-19,Rafiial,Speed aura is back #speed #ishowspeed #aura #indonesia #crowd #fyp #fypage ,Other,1700000,114300,1838,1153,6.7,0.1,0.1,Short (<15s),speed,,0.0,0.0,https://www.tiktok.com/@rafiial2/video/7416286558929620256
2025-05-30,Themaisterb,Speed to the ucl #ishowspeed #trending #ishowspeedclipz #edit ,Other,414,33,0,1,8.0,0.0,0.2,Short (<15s),ishowspeed,,0.0,0.0,https://www.tiktok.com/@themaisterb/video/7510295586344668438
2025-05-30,Streamclipper,Speed scored a goal on van der Sal👀😭#fyp #ishowspeed #soccer ,Gaming/Sports,148900,3953,78,26,2.7,0.1,0.0,Short (<15s),fyp,,0.0,0.0,https://www.tiktok.com/@streamerclipperrr/video/7510259931090586923
2022-12-08,Money Kicks,Teaching @IShowSpeed how to pray 🤲🏽❤️ #ishowspeed #fyp #islam #alhumdulillah ,Other,26900000,2600000,197000,30000,9.700000000000001,0.7000000000000001,0.1,Medium (15-60s),,,0.0,0.0,https://www.tiktok.com/@moneykicks971/video/7174734923658431745
2025-05-28,Reaper Clips,Speed is going to Germany for the UCL Finals 👀🔥 #ishowspeed #ishowspeedclips #ucl #uclfinal #football #clips #viral #fyp,Gaming/Sports,98700,8143,2036,173,8.3,2.1,0.2,Medium (15-60s),ishowspeed,,0.0,0.0,https://www.tiktok.com/@reaperrclips/video/7509538189044993302
2025-06-01,PubitySport,Doue was waiting to meet Speed 😭 #ishowspeed #speed #psg #parissaintgermain #desiredoue #doue #funny #ucl #championsleague #dembele #foryou #fy #4u #trending (Via TT/ rafaelbenzinho) ,Meme/Comedy,115300,11800,342,96,10.2,0.3,0.1,Short (<15s),ishowspeed,,0.0,0.0,https://www.tiktok.com/@pubitysport/video/7510955545046682902
2025-06-01,utdclapsy,Doue X Speed 😭🔥 #fyp #viral #psg #doue #ishowspeed #ucl #viral #speed #clips #football ,Gaming/Sports,19800,2571,150,17,13.0,0.8,0.1,Medium (15-60s),fyp,,0.0,0.0,https://www.tiktok.com/@ae.clapsy/video/7510939456455691542
2025-05-27,Lazy ki,Ishowspeed can’t be a real person☠️ #ishowspeed #kaicenat #ishowspeedclipz #kaicenatclips #fyp #foryoupage #funny ,Meme/Comedy,1200000,220100,105400,3945,18.3,8.799999999999999,0.3,Medium (15-60s),ishowspeed,,0.0,0.0,https://www.tiktok.com/@lazykiuchi/video/7509256972592565509
2025-06-01,seny,#CapCut speed doue #ishowspeed #doué #psg #speed #uclfinal #ishowspeedclipz ,Other,21100,1109,7,11,5.3,0.0,0.1,Medium (15-60s),capcut,,0.0,0.0,https://www.tiktok.com/@senyedit68/video/7511031819190521119
2025-06-01,MA99⚽️🇩🇿,في نضرك هل يستطيع فعلها سبيد أم لحكيمي كلام آخر ؟! ⚡️✍🏽… #championsleague #achrefhakimi #hakimi🇲🇦 #hakimi #morocco #speed #ishowspeedclipz #ishowspeedlive #المغرب🇲🇦 #footballtiktok #footballedit #footballvideo ,Gaming/Sports,850600,50800,218,422,6.0,0.0,0.0,Long (1-5m),championsleague,,0.0,0.0,https://www.tiktok.com/@raheem.foot/video/7511088741960650006
2025-03-31,santi,#speedinchina #ishowspeedclipz #ishowspeed #china #ishowspeedinchina #america #speed #superidol #kfc #monkey #banana #showspeed ,Other,684700,33900,5795,439,5.0,0.8,0.1,Short (<15s),speedinchina,,0.0,0.0,https://www.tiktok.com/@n0tsantiiibruh/video/7488065728747146527
2025-06-01,Slovak Maps,Did IShowSpeed mentioned your country in his Europe tour part 2? 🇪🇺✈️ | Grey countries already visited in part 1 but he should also in part 2 but wasn't mentioned on the stream | #CapCut #geography #geographymap #europe #map #europemap #xbycza #countries #mapper #ishowspeed #speed #europetour #tour #portugalcountrybali #slovakmaps #slovakexe #slovakmapper #fy #fyp #foryo ,Other,145600,5477,424,292,3.8,0.3,0.2,Short (<15s),capcut,,0.0,0.0,https://www.tiktok.com/@slovak.exe/video/7510976944280702230
2023-07-07,Notification⚠️,#speed #ishowspeed #funny #fypシ #fyp #u4 speed barking ,Meme/Comedy,291800,3978,1923,30,1.4000000000000001,0.7000000000000001,0.0,Medium (15-60s),speed,,0.0,0.0,https://www.tiktok.com/@ishowspeed_videos1/video/7253094858410216731
2024-06-22,Chatmo,The Moment I Met @IShowSpeed In Germany! 🤯🔥 #ishowspeed #chatmo ,Other,19800000,1700000,5867,3951,8.6,0.0,0.0,Medium (15-60s),,2921044.0,0.0,0.0,https://www.tiktok.com/@chatmo/video/7383271063859334432
2025-05-28,Track_tv,#noahlyles #ishowspeed #track #trackandfield #trackandfieldforever #trackandfieldedit #Running #sprinting #goviral #fyp #sports #athlete #edit #fastmanalive #acceleration #topspeed #jamaicantiktok🇯🇲viral #fypシ゚ #goat🐐 ,Other,1100000,50500,411,221,4.6,0.0,0.0,Medium (15-60s),noahlyles,,0.0,0.0,https://www.tiktok.com/@trackstar_edits/video/7509388057402035461
2025-03-30,Reidar,Amy Really Cared About Speed❤️ #ishowspeedlive #ishowspeedclipz #viralvideos #speedamy @ishowspeed,Other,68500000,7200000,74200,22500,10.5,0.1,0.0,Medium (15-60s),ishowspeedlive,,0.0,0.0,https://www.tiktok.com/@reeidar/video/7487579711334255894
2024-09-18,badboihalal,Ingusnya iShowSpeed bisa nembak,Other,352200,6022,1889,171,1.7000000000000002,0.5,0.0,Medium (15-60s),,,0.0,0.0,https://www.tiktok.com/@badboihalal/video/7415937174828256518
2022-09-24,LADbible,Speed wasn’t happy 😭 #ishowspeed #uk #sidemen #speed #youtube #sui ,Other,59000000,5400000,117700,31600,9.2,0.2,0.1,Short (<15s),ishowspeed,,1.0,0.0,https://www.tiktok.com/@ladbible/video/7146991721606286597
2025-05-30,risingballers,He apologised to Kaka after his tackle last time 😭😭 @IShowSpeed #speed #ishowspeed #kaka #robertocarlos #cafu #legend #footballtiktok #football #futbol #futebol #footy #ballers #funny #meme #him #aura #golazo #goal ,Gaming/Sports,2800000,255000,16100,1903,9.1,0.6,0.1,Long (1-5m),,,0.0,0.0,https://www.tiktok.com/@risingballers/video/7510252281674206486
2024-05-03,Bluey,relatable #fyp #ishowspeed #moon #meme #youngerme #what #meme #shock ,Meme/Comedy,128300,1041,1367,22,0.8,1.0999999999999999,0.0,Short (<15s),fyp,,0.0,0.0,https://www.tiktok.com/@itsbluey__/video/7364632956196998421
2025-06-02,Zombie San,Dream VS IShowSpeed... but with HEALTH BARS Part 2 #minecraft #animation #fyp #foryoupage #trending #tiktok #minecraftmovie #ishowspeed,Other,18400,427,3,8,2.3,0.0,0.0,Long (1-5m),minecraft,,0.0,0.0,https://www.tiktok.com/@.zombiesanxd/video/7511056564128681259
2025-05-30,upsidex,"Speed Meets Jay-Jay Ococha, ask him about his visit To Somalia 🇸🇴 #jayjayokocha #somalia #ishowspeedclipz #ishowspeed #somalitiktok #fyp",Other,755600,57000,7365,1366,7.5,1.0,0.2,Medium (15-60s),jayjayokocha,,0.0,0.0,https://www.tiktok.com/@upsidex_/video/7510245673053277496
2025-03-09,𝘱𝘳𝘰𝘧𝘪𝘵,IShowSpeed 🐆  #speed #pace #IShowSpeed #fyp #portugal🇵🇹 #charitymatch ,Other,3800000,310700,14900,1732,8.200000000000001,0.4,0.0,Medium (15-60s),speed,,0.0,0.0,https://www.tiktok.com/@1realprofit/video/7479935650410630422
2025-04-07,e_loong0,"Oh my god, speed and the author sang together😭 Sunshine Rainbow Little White Horse#speed #fyp #ishowspeed #阳光彩虹小白马 #dazhangwei",Other,3600000,267700,33300,4138,7.3999999999999995,0.8999999999999999,0.1,Medium (15-60s),speed,,0.0,0.0,https://www.tiktok.com/@e_loong0/video/7490646976485215519
2025-05-19,LIL TAY,你是内内个内内 ☀️🌈🎠 @Fat_boy_jamal #jamal #ishowspeed #wowkiezhang ,Other,10800000,800300,21100,7170,7.3999999999999995,0.2,0.1,Short (<15s),,,0.0,0.0,https://www.tiktok.com/@liltay/video/7506223090859429166
2025-05-28,IShowSpeed,KSI Turns IShowSpeed Fan Into A IShowSpeed Hater 😂 SWITCH UP IS CRAZY #fyp #foryoupage #foryou #viral #trending #ishowspeed #speed #ksi ,Other,352500,21900,725,133,6.2,0.2,0.0,Long (1-5m),fyp,,0.0,1.0,https://www.tiktok.com/@speedclipshq/video/7509517782736817430
2025-06-01,Jun Yi Chen,1000k❤️ Share this to Ishowspeed 🤣🫶🏻#sunshinerainbowhitepony #Superldol #FYP #ParaTi#Viral#Trending#ChineseSong#TikTokTrend#Music #Funny#Meme#SuperidolSmile#热门#音乐#搞笑 ,Meme/Comedy,64800,3257,420,166,5.0,0.6,0.3,Medium (15-60s),sunshinerainbowhitepony,,0.0,0.0,https://www.tiktok.com/@junyichen27/video/7511062048772590870
2024-05-10,Speed_nation,Speed is the last Uchina🥷#ishowspeed #fyp #trending #naruto,Other,2400000,139200,21500,2387,5.800000000000001,0.8999999999999999,0.1,Very Long (>5m),ishowspeed,,0.0,0.0,https://www.tiktok.com/@speed_nation1/video/7367514768204320046
2023-03-15,IShowLiu,Speed before hitting 16M #ishowspeed #speed #viral #edit #zleffy ,Other,25100000,4600000,178800,10800,18.3,0.7000000000000001,0.0,Long (1-5m),ishowspeed,,0.0,0.0,https://www.tiktok.com/@ishowliu_/video/7210766509294095622
2024-11-05,𝐖𝐄𝐑𝐍𝐄𝐑,Speed REACTING to MY Edit 🤯❤️‍🔥 @IShowSpeed Part 2? #fyp #edit #speed #ishowspeed #countries #werner #biggesteditor ,Reaction,14200000,1600000,8948,13300,11.3,0.1,0.1,Long (1-5m),,6252001.0,0.0,0.0,https://www.tiktok.com/@wernervfx/video/7433727699409030433
2025-01-13,SpeedNaldo7,Celine Dept Gifted iShowSpeed Present 💀#ishowspeedclips #ishowspeedlive #viralvideos #foruyou #foryoupage❤️❤️ #gift #celine,Other,7100000,450200,2130,876,6.3,0.0,0.0,Medium (15-60s),ishowspeedclips,,0.0,0.0,https://www.tiktok.com/@speednaldo7onyt/video/7459084689727327511
2025-04-04,speed,#CapCut #ishowspeedinhongkong #ishowspeedclipz #ishowspeedhongkong ,Other,3100000,169800,2310,1290,5.5,0.1,0.0,Long (1-5m),capcut,,0.0,0.0,https://www.tiktok.com/@ishowdailyupdate3/video/7489398585394547990
2022-05-08,Öş,#ishowspeed @ishowspeed,Other,1400000,52300,1465,563,3.6999999999999997,0.1,0.0,Short (<15s),ishowspeed,,0.0,0.0,https://www.tiktok.com/@sonkurbattanay/video/7095342752682102017
2024-12-29,IShowRăzvan,Wildest IShowSpeed donation from MR BEAST..💀🔥#ishowspeed #speed #mrbeast #donation #dora #edit #viral,Other,5400000,305200,7587,1030,5.7,0.1,0.0,Medium (15-60s),ishowspeed,,0.0,0.0,https://www.tiktok.com/@ishowspeeedlive/video/7453841189654105366
2025-04-07,e_loong0,"The whole audience sang ""Sunshine Rainbow Little White Horse"" and ignited the speed😭#speed #fyp #ishowspeed #阳光彩虹小白马 ",Other,8300000,936800,110700,3177,11.3,1.3,0.0,Medium (15-60s),speed,,0.0,0.0,https://www.tiktok.com/@e_loong0/video/7490544963642592543
2024-11-15,estr1poor,iShowSpeed Meets Footbalers⚽️ #ishowspeed #garnacho #lamineyamal #pogba #neymar #ronaldo #footballtiktok #fyp ,Gaming/Sports,14700000,1400000,19300,7421,9.5,0.1,0.1,Long (1-5m),ishowspeed,,0.0,0.0,https://www.tiktok.com/@estr1poor/video/7437586427573046560
2023-08-17,Sewyyy🐐,IShowspeed open pack Fifa Mobile and read name player football in game fifa #ishowspeed #ishowspeedclipz #ishowspeedrage #ronaldo #fifa #football #fyp ,Gaming/Sports,13600000,866000,11400,2391,6.4,0.1,0.0,Long (1-5m),ishowspeed,,0.0,0.0,https://www.tiktok.com/@sewyyy.suiii/video/7268288671546150176
2024-08-03,shortsclipstar,ISHOWSPEED JUMPING OVER LAMBO #ishowspeed #ishowspeedclipz #cr7 #lamborghini #adinross #adinrossclips,Other,235100,4880,290,202,2.1,0.1,0.1,Medium (15-60s),ishowspeed,,0.0,0.0,https://www.tiktok.com/@shortsclipstar/video/7399033577331051808
2022-08-06,Bayza15,had to repost it#fyp #ishowspeed #godisgood,Other,9400000,679600,1145,3093,7.199999999999999,0.0,0.0,Long (1-5m),fyp,,0.0,0.0,https://www.tiktok.com/@bazya15/video/7128732514696350978
2025-01-15,"fala, meu truta.",iShowSpeed PLAYING is HILARIOUS 😂 #ishowspeed #soccer #football,Gaming/Sports,2900000,60700,1671,518,2.1,0.1,0.0,Medium (15-60s),ishowspeed,,0.0,0.0,https://www.tiktok.com/@falameutruta/video/7460133773351636230
2024-12-31,OxO Meme,IShowSpeed going crazy over OG Fortnite meme #meme #fortnite #crazy #ishowspeed #gamers #greenscreen #CapCut ,Meme/Comedy,281200,5959,5402,71,2.1,1.9,0.0,Short (<15s),meme,,0.0,0.0,https://www.tiktok.com/@oxo_meme/video/7454659063771663621
2025-02-14,Reidar,iShowSpeed becomes a Messi fan💀 #ishowspeedlive #foryoupagе #viralvideos #edit #messi #intermiami @ishowspeed,Other,969300,78400,8866,1149,8.1,0.8999999999999999,0.1,Short (<15s),ishowspeedlive,,0.0,0.0,https://www.tiktok.com/@reeidar/video/7471275548040318230
2025-05-31,YouTubers.show,ishowspee said is one of the fastest people in the world @IShowSpeed #fyp #foryou #foryoupage #ytbs5 #reletable #entertainment #youtubers #show #foootball #race #viral ,Other,1352,96,0,2,7.1,0.0,0.1,Long (1-5m),,,0.0,0.0,https://www.tiktok.com/@ytb.s5/video/7510544601220975894
2025-05-29,Kick Clipper,IShowSpeed's fan found his sister outside 😭❤️‍🩹 #ishowspeed #fyp ,Other,1300000,65700,1805,175,5.1,0.1,0.0,Short (<15s),ishowspeed,,0.0,0.0,https://www.tiktok.com/@kickclipper_/video/7509960924632026390
2025-04-11,atomclipz,IShowSpeed is HEARTBROKEN after the China tour has officially ENDED 💔 #ishowspeed #speed #ishowspeedclips #china @IShowSpeed ,Other,2000000,180200,1476,1601,9.0,0.1,0.1,Short (<15s),ishowspeed,,0.0,0.0,https://www.tiktok.com/@atomclipz/video/7491975494213061896
2025-05-23,quipnet,W speed 🥹❤️! #ishowspeedwithhisdad #ishowspeeddad #ishowspeedfamily ,Other,1700000,91100,522,475,5.4,0.0,0.0,Medium (15-60s),ishowspeedwithhisdad,,0.0,0.0,https://www.tiktok.com/@quipnet/video/7507737428560448790
2025-04-11,atomclipz,IShowSpeed couldn’t believe after Mongolia created the game Chess 👀😳 #ishowspeed #speed #ishowspeedclips #mongolia @IShowSpeed ,Other,3000000,188400,1750,2139,6.3,0.1,0.1,Short (<15s),ishowspeed,,0.0,0.0,https://www.tiktok.com/@atomclipz/video/7491905388837719303
2025-04-11,atomclipz,IShowSpeed was IMPRESSED with Mongolia traditional culture 👀😳 #ishowspeed #speed #ishowspeedclips #mongolia @IShowSpeed ,Other,4200000,356500,13600,2999,8.5,0.3,0.1,Medium (15-60s),ishowspeed,,0.0,0.0,https://www.tiktok.com/@atomclipz/video/7491912044338236680
2025-04-07,atomclipz,IShowSpeed doesn’t REALIZED he’s being LIVE broadcasted by China national TV 👀😳 #ishowspeed #speed #ishowspeedclips #china @IShowSpeed ,Other,821000,79900,378,291,9.700000000000001,0.0,0.0,Short (<15s),ishowspeed,,0.0,0.0,https://www.tiktok.com/@atomclipz/video/7490554218147745032
2025-05-06,atomclipz,IShowSpeed got EMOTIONAL after he REALIZED he’s in GTA 6 ❤️ #speed #ishowspeed #ishowspeedclips #gta #gta6 @IShowSpeed ,Other,5000000,462100,20600,2295,9.2,0.4,0.0,Short (<15s),speed,,0.0,0.0,https://www.tiktok.com/@atomclipz/video/7501462831473184008
2025-01-21,Kick Clipper,IShowSpeed gives a hint for the next country he will visit next 🤔 #ishowspeed #fyp ,Other,4500000,212900,3638,3164,4.7,0.1,0.1,Medium (15-60s),ishowspeed,,0.0,0.0,https://www.tiktok.com/@kickclipper_/video/7462445347818851616
2025-03-24,Kick Clipper,IShowSpeed couldn't believe she performed this song for him 😭 #ishowspeed #fyp ,Other,12700000,1200000,70200,3425,9.4,0.6,0.0,Medium (15-60s),ishowspeed,,0.0,0.0,https://www.tiktok.com/@kickclipper_/video/7485263961768742166
2025-03-08,risingballers,"Speed scored & hit the siuu in front of 90,000 fans 😂🔥 @IShowSpeed #aura #goal #golazo #ishowspeed #speed #sidemen #sidemencharitymatch #football #footballtiktok #ballers #4u #aura #siuuuu #suiiiiiiiiiiiiiii #him ",Gaming/Sports,572800,62300,2123,313,10.9,0.4,0.1,Medium (15-60s),,2635167.0,0.0,0.0,https://www.tiktok.com/@risingballers/video/7479511422116908310
2025-03-29,Streamer Plug 🔌🏆,Mad respect to Speed 🫡 @IShowSpeed #fyp #viral #greenscreenvideo #greenscreen #relatable #xyzbca #speed #ishowspeed #respect #worldpeace #china #chinatiktok #usa #brazil ,Other,438600,28100,462,452,6.4,0.1,0.1,Long (1-5m),,,0.0,0.0,https://www.tiktok.com/@streamernewsplug/video/7487294352637562143
2024-05-29,ShinDits,lo flecharon #speed #ishowspeed #speedy #corea #southkorea #korea #parati #foryou #foryoupage #fyp #fypシ゚ #Viral #stream #streamer #sad #sadstory #love #lovestory #amor #lovesong ,Other,7400000,787500,8857,1784,10.6,0.1,0.0,Long (1-5m),speed,,3.0,0.0,https://www.tiktok.com/@shindits._/video/7374324485345824005
2025-03-08,atomclipz,IShowSpeed LEAKS that this is the LAST Sidemen Charity Match 💔 #ishowspeed #speed #ishowspeedclipz #sidemen #sidemencharitymatch #sidemencharitymatch2025 #viral #trending #xyzbca @IShowSpeed ,Other,1100000,91400,1348,374,8.3,0.1,0.0,Short (<15s),ishowspeed,,0.0,0.0,https://www.tiktok.com/@atomclipz/video/7479497897944419602
2025-05-30,atomclipz,IShowSpeed felt bad for Alphonso Davies after he’s out of season for 9 months 💔🥺 #speed #ishowspeed #ishowspeedclips #alphonsodavies @IShowSpeed ,Other,1400000,111200,568,95,7.9,0.0,0.0,Short (<15s),speed,,0.0,1.0,https://www.tiktok.com/@atomclipz/video/7510238788451454216
2025-06-01,WhiteBoyEm LIVE,SPEED Copied MY SAYING… 🤧 #fyp #whiteboyem #ishowspeed #kaicenat #adinross #whiteboyemclipz #viral #trending #whiteboyemandsaimya #foryou ,Other,1300000,91000,902,1492,7.000000000000001,0.1,0.1,Medium (15-60s),fyp,,0.0,0.0,https://www.tiktok.com/@livewhiteboyem/video/7511064229529537835
2025-02-09,BY JAM💎,Speed moving these h #superbowlLIX #flagfootball #football #fyp #speed #ishowspeed #nfl ,Gaming/Sports,1200000,115100,1436,414,9.6,0.1,0.0,Short (<15s),superbowllix,,0.0,0.0,https://www.tiktok.com/@clipsbyjam/video/7469240725511769390
2024-11-07,Betr,RACE FOR THE FASTEST MAN ALIVE 😱 #ISHOWSPEED #Noahlyles #ishowspeedclips #mrbeast #mrbeastchallenge #speedracing #noahlylesvsishowspeed ,Other,29200000,1300000,29600,8159,4.5,0.1,0.0,Short (<15s),ishowspeed,,0.0,0.0,https://www.tiktok.com/@betr/video/7434349500870774058
2023-07-07,Speedy_clips,Ishowspeed performing first time IRL at Rolling Loud 🤣🤣 #ishowspeed #rollingloud #fyp,Other,15000000,2100000,135400,9836,14.000000000000002,0.8999999999999999,0.1,Medium (15-60s),ishowspeed,,0.0,0.0,https://www.tiktok.com/@speedy_clipscr7/video/7253190524880866586
2025-06-02,FIFA 🐐⚽,Lift Before Mbappe..🤣 #easports #fcmobile #fcmobile24 #ucl #ishowspeed #mbappe ,Other,1795,56,0,0,3.1,0.0,0.0,Short (<15s),easports,,0.0,0.0,https://www.tiktok.com/@fifaftbl0/video/7511314475685809413
2025-01-04,SpeedNaldo7,iShowSpeed Meet Pikachu Girl 💀😂#ishowspeedclipz,Other,13700000,1400000,102800,7850,10.2,0.8,0.1,Short (<15s),ishowspeedclipz,,0.0,0.0,https://www.tiktok.com/@speednaldo7onyt/video/7456098146305772822
2025-04-11,RiseStrong,IShowSpeed doesn't realize who he just met in Mongolia #ishowspeed ,Other,840300,21400,390,150,2.5,0.0,0.0,Short (<15s),ishowspeed,,0.0,0.0,https://www.tiktok.com/@_entertainmentclip/video/7491895778819067158
2024-07-10,ISHOWSPEED BRASIL,Speed se animou com a voz da mina kkkkk #ishowspeed #legendado #speedlegendado #ishowspeedlegendado #ishowspeedbr ,Other,1300000,31500,8032,584,2.4,0.6,0.0,Medium (15-60s),ishowspeed,,0.0,0.0,https://www.tiktok.com/@brspeedsui/video/7389828998253038853
2025-01-18,speed's update,🚨| NEW: Speed posted a TikTok doing a new dance trend 🕺🔥 #speed #ishowspeed #explore #trending @IShowSpeed #fy #fyp ,Other,2400000,45200,2938,1121,1.9,0.1,0.0,Short (<15s),speed,6252001.0,0.0,0.0,https://www.tiktok.com/@ishowspeedupdates7/video/7461295285025787179
2025-04-06,ishowspeed_lover_r7,ishowspeed shocked by this building in china 🤯🔥#ishowspeed #viralvideo,Other,22900,232,92,10,1.0,0.4,0.0,Medium (15-60s),ishowspeed,,0.0,0.0,https://www.tiktok.com/@ishowspeed_lover_r7/video/7490168200659733803
2025-05-08,ishowspeed_lover_r7,ishowspeed school photo leaked #ishowspeed #gta6 #viralvideo,Other,1300000,59800,3791,523,4.6,0.3,0.0,Medium (15-60s),ishowspeed,,0.0,0.0,https://www.tiktok.com/@ishowspeed_lover_r7/video/7502116911266925870
2025-03-24,Liutauras,IShowSpeed gets a $1 haircut in China 😭 #ishowspeed ,Other,15800000,848200,36200,1786,5.4,0.2,0.0,Short (<15s),ishowspeed,,0.0,0.0,https://www.tiktok.com/@liutauras_/video/7485518820933668118
2023-01-01,⚡️𝕾𝖕𝖊𝖊𝖉⚡️,🎵 one kiss is all it takes 🎵 #ishowspeed #speed #speedclips #fyp #onekiss #dualipa #justdance #4u #4youpage #youpage ,Other,830800,40000,4644,264,4.8,0.6,0.0,Short (<15s),ishowspeed,,0.0,0.0,https://www.tiktok.com/@speed.clips.raged/video/7183646841802624262
2025-04-02,KING,The SAD moment Speed realized why this Chinese fan GIFTED him  cotton 😭👀 #ishowspeed ,Other,26400000,1200000,61600,9953,4.5,0.2,0.0,Medium (15-60s),ishowspeed,,0.0,0.0,https://www.tiktok.com/@theclipstudiox/video/7488861370344164654
2024-12-29,💚free melly💚,free himm  || #ynwmelly #freemelly #freeynwmelly #fyp #foryou #foryoupage #viral #ishowspeed ||,Other,6000000,620700,15800,2098,10.299999999999999,0.3,0.0,Medium (15-60s),ynwmelly,,0.0,0.0,https://www.tiktok.com/@free.melly999/video/7453943362303855905
2025-05-09,Kick Clipper,The sad moment IShowSpeed realized his brother is not as fast as him 💔😭 #ishowspeed #fyp ,Other,1300000,29400,1208,493,2.3,0.1,0.0,Medium (15-60s),ishowspeed,,0.0,0.0,https://www.tiktok.com/@kickclipper_/video/7502515757243256086
2025-05-05,Kick Clipper,The wholesome moment IShowSpeed helps a struggling man get food at the KFC ❤️‍🩹 #ishowspeed #fyp ,Other,5400000,512000,6550,5495,9.5,0.1,0.1,Short (<15s),ishowspeed,,0.0,0.0,https://www.tiktok.com/@kickclipper_/video/7501046993523985686
2024-11-28,poison,hear me out☝️ || #ishowspeed #ishowspeededit #foryou #fyp,Other,24100,2262,331,19,9.4,1.4000000000000001,0.1,Short (<15s),ishowspeed,,0.0,0.0,https://www.tiktok.com/@lalalooraa/video/7442424813227986198
2025-05-05,Kick Clipper,IShowSpeed was shocked seeing his friend Cuffem for the first time in 4 years 😭 #ishowspeed #cuffem ,Other,1800000,30900,14800,1123,1.7000000000000002,0.8,0.1,Medium (15-60s),ishowspeed,,0.0,0.0,https://www.tiktok.com/@kickclipper_/video/7501049515345054998
2025-05-14,𝔩𝔢𝔬🐺,konoha masih jadi pemenangnya🇲🇨🔥 #ishowspeed #speed #speedindonesia #youtuber #indonesia #jawa #ishowspeedclipz #ishowspeedlive #ishowspeedrage #ishowspeededit #fyp ,Rage Content,405300,42400,727,353,10.5,0.2,0.1,Medium (15-60s),ishowspeed,1643084.0,0.0,0.0,https://www.tiktok.com/@vrx02290/video/7504223013303274757
2025-04-29,clipz_ishowspeed0,IShowSpeed does the ice bucket challenge ##ishowspeedclipz##trending##foryoupage##fyp##icebucketchallenge@@IShowSpeed,Other,78500,2336,479,108,3.0,0.6,0.1,Medium (15-60s),ishowspeedclipz,,0.0,0.0,https://www.tiktok.com/@clipz_ishowspeed0/video/7498841212384808223
2023-05-26,Ishowspeed4,Speed pronouncing football players names #gaming #ishowspeedlive #ishowspeedclips #myfifacard #funnyclips #justlaugh #fifathebest2023 #memevideos #funnyclip #fifatiktok #Ishowspeed #ishowspeedclipz #Thegoat #games #fifapacks #kingofreaction #funnymoments #football #funnymoment #championsleague #fifa #fifa23 #fifa22 #fifapacks #fifapack #fifapackopening #ronaldo #cr7 #ronaldo_cr7 #sakranjj #tiktokmalaysia #GameFIFA22 #fun #funnymoments #speedfunnymoments #speedfunny #messi #messi10 #leomessi ,Gaming/Sports,161600,8164,305,60,5.1,0.2,0.0,Medium (15-60s),gaming,,1.0,0.0,https://www.tiktok.com/@justlaugh054/video/7237585718011383041
2025-02-18,successful_kaicenat,IShowSpeed Top 5 Funniest Moments #ishowspeedclipz #IShowSpeed #funniest #funnymoment #fyp #viral_video #foruyou #ranking #moments #clips #ishowspeedfunnyclips #,Meme/Comedy,3000000,238900,8070,2225,8.0,0.3,0.1,Medium (15-60s),ishowspeedclipz,,0.0,0.0,https://www.tiktok.com/@successful_kaicenat/video/7472769070992051478
2024-05-11,Ty ᥫ᭡.,Tha chain fye asffff | #ishowspeed #foryoupage #blowthisup #smooth #fyp #tyeditzz_ #ishowspeededit #foryou #vsp #foryoupage #fyp #ishowspeedclipz ,Other,1600000,156500,10600,998,9.8,0.7000000000000001,0.1,Short (<15s),ishowspeed,,0.0,0.0,https://www.tiktok.com/@tyzedits_/video/7367797053994454315
2024-09-18,Dunia Games,Nasi padang rendang never wrong!🔥            #SerunyaDuniaGames  #Maintanpabatas #Mainterusss #ishowspeed #ishowspeedlive #indonesia #rendangpadang ,Other,2400000,110800,4309,883,4.6,0.2,0.0,Long (1-5m),serunyaduniagames,,0.0,0.0,https://www.tiktok.com/@duniagames.co.id/video/7415935661535972614
2025-03-09,IShowLiu,Like Him - IShowSpeed #ishowspeed #speed #sidemencharitymatch #edit #fyp,Other,6500000,1100000,73700,5759,16.900000000000002,1.0999999999999999,0.1,Long (1-5m),ishowspeed,,0.0,0.0,https://www.tiktok.com/@ishowliu_/video/7479596271959837974
2025-04-14,𝐉𝐈𝐒𝐓𝐑𝐎,Ishowspeed 2022...🐐 | idea by:me | #ishowspeed #speed #getgetdown #2022 #real #mfs #ishowspeededit #edit #fyp #foryou #foryourpage #viral #jistro4edit ,Other,3100000,197000,11900,2258,6.4,0.4,0.1,Medium (15-60s),ishowspeed,,0.0,0.0,https://www.tiktok.com/@.jistroxlr7/video/7493276293195123974
2025-04-20,Daily Clips,#ishowspeed #fyp #trending #viral #speed ,Other,632100,54700,2387,501,8.7,0.4,0.1,Medium (15-60s),ishowspeed,,0.0,0.0,https://www.tiktok.com/@4clipper4/video/7495435736951328046
2023-06-05,IShowClips,#ishowspeed #speed #ishowspeedclipz #funny #monkey #ishowspeedlive #racist #ishowspeedrage #ishowspeedclips #ishowspeedfunnyclips #monkeyspeedclips ,Meme/Comedy,3000000,128700,15900,1091,4.3,0.5,0.0,Medium (15-60s),ishowspeed,,0.0,0.0,https://www.tiktok.com/@1showclips/video/7241284156041219330
2025-04-12,N1CK,No head man🤯 #fyp #ishowspeed #ghost #foryou  #behind ,Other,178700,4788,72,158,2.7,0.0,0.1,Medium (15-60s),fyp,,0.0,0.0,https://www.tiktok.com/@crazythings420/video/7492230269508783361
2025-04-07,Musical Universe,Top 10 ISHOWSPEED . . #ishowspeed #speedsongs #trap #rapper #rap #drill #jersey #musicaluniverse777,Other,985400,81900,1491,327,8.3,0.2,0.0,Long (1-5m),ishowspeed,,0.0,0.0,https://www.tiktok.com/@musicaluniverse777/video/7490613302825962758
2024-05-23,TxS,"""Shoutout to Tyla"" 😂😂#ishowspeed #nelsonmandela #southafricatiktok #president #tyla #sa🇿🇦 #funny #fyp ",Meme/Comedy,1600000,40500,1143,1203,2.5,0.1,0.1,Short (<15s),ishowspeed,,0.0,0.0,https://www.tiktok.com/@turbo_x_speed/video/7372273383024856326
2025-03-04,07chjllmeo,Ishowspeed Skills🤩 #football #soccer #foryou #fyp #viral ,Gaming/Sports,7800000,216000,2809,1012,2.8000000000000003,0.0,0.0,Medium (15-60s),football,,0.0,0.0,https://www.tiktok.com/@07chjllmeo/video/7477924252444871966
2025-04-11,Infinite finds,ShowSpeed hears throat singing in Mongolia for the first time #ishowspeed #mongolia #creatorsearchinsights ,Other,3500000,170800,19000,4091,4.9,0.5,0.1,Long (1-5m),ishowspeed,,0.0,0.0,https://www.tiktok.com/@everythingisafilter/video/7492026422257536299
2024-06-23,IshowSpeedClips,Speed eats the best spaghetti and pizza in Italy 🇮🇹🍕🍝 |#ishowspeed #ishowspeedlive #ishowspeedclipz #italy🇮🇹 #venice ,Other,2400000,147900,12800,894,6.2,0.5,0.0,Long (1-5m),ishowspeed,,1.0,0.0,https://www.tiktok.com/@ishowspeed_fails_clips/video/7383754874690833696
2024-03-30,IShowSpeed,#ishowspeed ,Other,106000000,9700000,178800,85900,9.2,0.2,0.1,Short (<15s),ishowspeed,,0.0,0.0,https://www.tiktok.com/@ishowspeed/video/7352190092322147626
2024-09-18,Adameditzzz.,AKU PENAT LAAAH DENGAN ISHOWSPEED NIH😂🙏#fypシ #abcxyz #fyp #ishowspeed #ishowspeedmalaysia #core #lawak ,Other,4400000,309300,24200,3122,7.000000000000001,0.6,0.1,Medium (15-60s),fypシ,,0.0,0.0,https://www.tiktok.com/@nba_adam69/video/7415892752803613970
2022-11-16,IShowSpeed,#ishowspeed ,Other,140300000,14900000,158600,221600,10.6,0.1,0.2,Short (<15s),ishowspeed,,0.0,0.0,https://www.tiktok.com/@ishowspeed/video/7166712587306945834
2025-01-27,yeanavivero,mentira solo son padre e hija #fyp #yeana #paratiiiiiiiiiiiiiiiiiiiiiiiiiiiiiii #ishowspeed #ecuador🇪🇨 #brasileirao #fyppppppppppppppppppppppp ,Other,37400000,3900000,944700,13100,10.4,2.5,0.0,Short (<15s),fyp,,0.0,0.0,https://www.tiktok.com/@yeanafan/video/7464595227697761541
2025-04-05,ATOMIC VIDEOS,#ishowspeedclipz #ishowspeedrage #ishow #ushowsped #nei #gha #song #fyp #videoviral #makemefamous #fyppppppppppppppppppppp #fyp ,Rage Content,90900,1206,354,56,1.3,0.4,0.1,Medium (15-60s),ishowspeedclipz,,0.0,0.0,https://www.tiktok.com/@atomicvideos0/video/7489620114870930710
2023-04-26,Kai Cenat,Dropping Tomorrow 🔥#ishowspeed #kaicenat ,Other,23800000,2100000,62400,12800,8.799999999999999,0.3,0.1,Medium (15-60s),ishowspeed,,0.0,0.0,https://www.tiktok.com/@kai_cenat/video/7226450186078342443
2024-10-19,Fl0pEra,@IShowSpeed #deleted #ishowspeed #fyp #fypシ ,Other,2600000,294300,11000,936,11.3,0.4,0.0,Short (<15s),,,0.0,0.0,https://www.tiktok.com/@0_relatable_1/video/7427583829088472362
2024-09-14,JayLovesToBlade,Bro really said it 😭😭🙏🏻 #fyp #meme #ishowspeed #philippines #lol #fypage #fypシ゚ ,Meme/Comedy,444000,28400,3819,1053,6.4,0.8999999999999999,0.2,Short (<15s),fyp,,0.0,0.0,https://www.tiktok.com/@comingbackretiredblader8/video/7414385088441388296
2023-02-07,Nodo khinikadze,#foryou#fyp#ishowspeed ,Other,617500,47900,15700,1028,7.8,2.5,0.2,Long (1-5m),foryou,,0.0,0.0,https://www.tiktok.com/@nodiko178/video/7197526052833398017
2022-11-11,H4,#speed  #speedsongs #alphonsodavies #davies #tunisia #tunisie,Other,17500,721,65,6,4.1000000000000005,0.4,0.0,Medium (15-60s),speed,,0.0,0.0,https://www.tiktok.com/@tunisieh4/video/7164644078792084742
2025-02-25,AR Videos,When Speed Plays Football 😂. #soccer  #fyp  #football  #foryoupagе  #foryou  #footballtiktok  #funnyy ,Gaming/Sports,9900000,332300,14600,3458,3.4000000000000004,0.1,0.0,Long (1-5m),soccer,,0.0,0.0,https://www.tiktok.com/@ar_ftbl09/video/7475218624752422166
